model,runtime
SARIMAX_1440_336,188.51991057395935
SARIMAX_17520_8760,89.35714912414551
SARIMA_1440_336,110.39644384384157
SARIMA_17520_8760,40.26800417900085
SARIMA_336_24,2845.325250148773
