model,runtime
SARIMA_1440_336,110.39644384384157
SARIMA_17520_8760,40.268004179000854
SARIMA_336_24,2845.325250148773
