model,runtime
ThetaModel_1440_336,2.8284659385681152
ThetaModel_1440_336,2.896712064743042
ThetaModel_336_24,15.228116512298584
