model,runtime,mse,rmse,mae,mape
SARIMAX_1440_336,37.88078832626343,46937790.316398375,6851.11599058127,4909.415692763824,0.14314091841658844
SARIMAX_17520_8760,151.23298597335815,90246503.5454636,9499.81597429464,7553.511027695381,0.2134443083512275
