mae,mse,rmse,r2
0.022867683,0.005366324,0.073255196,0.7975534200668335
