mae,mse,rmse,r2,mase,sMAPE,mape
2044.7454,6154667.5,2480.8604,0.9319255948066711,0.74192154,6.078648194670677,6.309207528829575
