mae,mse,rmse,r2
0.053278062,0.01327621,0.11522244,0.49914997816085815
