mae,mse,rmse,r2
0.023022711,0.0073075965,0.08548448,0.7243181467056274
