mae,mse,rmse,r2
0.03149749,0.0069482853,0.08335637,0.7378733158111572
