mae,mse,rmse,r2,mase,sMAPE,mape
0.024868568,0.005156189,0.07180661,0.8054808378219604,0.64113027,57.82942175865173,85.76061129570007
