mae,mse,rmse,r2,mase,sMAPE,mape
0.024973292,0.005758548,0.075885095,0.7827565670013428,0.6438301,58.248841762542725,85.05792021751404
