mae,mse,rmse,r2,mase,sMAPE,mape
1714.6714,27439550.0,5238.2773,0.7999340295791626,0.6145506,4.48109470307827,4.41054180264473
