2023-11-01 00:00:00,30174.938198180505
2023-11-01 01:00:00,28310.36248408109
2023-11-01 02:00:00,28214.117555675442
2023-11-01 03:00:00,27997.932129303048
2023-11-01 04:00:00,27112.075195239384
2023-11-01 05:00:00,28437.32673343157
2023-11-01 06:00:00,32242.734356823144
2023-11-01 07:00:00,34431.233017534425
2023-11-01 08:00:00,32967.858041026724
2023-11-01 09:00:00,32238.193639533434
2023-11-01 10:00:00,31400.336246483086
2023-11-01 11:00:00,31805.975609505
2023-11-01 12:00:00,31379.39820730344
2023-11-01 13:00:00,30865.750837607186
2023-11-01 14:00:00,31913.476858472666
2023-11-01 15:00:00,35121.06940089815
2023-11-01 16:00:00,44211.13374351893
2023-11-01 17:00:00,57312.88809118525
2023-11-01 18:00:00,54733.48536744555
2023-11-01 19:00:00,47848.93130046721
2023-11-01 20:00:00,42966.12708152303
2023-11-01 21:00:00,39359.689059624594
2023-11-01 22:00:00,35116.62648179555
2023-11-01 23:00:00,32236.565651720888
2023-11-02 00:00:00,30359.237768047773
2023-11-02 01:00:00,28548.159604408207
2023-11-02 02:00:00,28505.7744567199
2023-11-02 03:00:00,28490.006817821944
2023-11-02 04:00:00,28009.612146397092
2023-11-02 05:00:00,29775.155162343326
2023-11-02 06:00:00,33395.89947673753
2023-11-02 07:00:00,35256.942126393755
2023-11-02 08:00:00,33651.43171426437
2023-11-02 09:00:00,32663.743118238046
2023-11-02 10:00:00,31531.243201645546
2023-11-02 11:00:00,31799.942278109054
2023-11-02 12:00:00,31292.738118749654
2023-11-02 13:00:00,30760.142635270407
2023-11-02 14:00:00,31780.20701620985
2023-11-02 15:00:00,34834.91686815779
2023-11-02 16:00:00,43461.215966772375
2023-11-02 17:00:00,56064.86097391598
2023-11-02 18:00:00,53715.03997064567
2023-11-02 19:00:00,47256.481840979875
2023-11-02 20:00:00,42540.35050608811
2023-11-02 21:00:00,39123.51541787999
2023-11-02 22:00:00,35134.37867645621
2023-11-02 23:00:00,32756.99237014346
2023-11-03 00:00:00,29940.81712621872
2023-11-03 01:00:00,28350.38383511411
2023-11-03 02:00:00,28368.36827602943
2023-11-03 03:00:00,28556.471373055672
2023-11-03 04:00:00,28603.446631571922
2023-11-03 05:00:00,31141.63755945842
2023-11-03 06:00:00,35063.468109923335
2023-11-03 07:00:00,36392.75824231077
2023-11-03 08:00:00,34656.72284597731
2023-11-03 09:00:00,33641.41945681879
2023-11-03 10:00:00,32467.77009704434
2023-11-03 11:00:00,32559.345080425457
2023-11-03 12:00:00,31863.795482439757
2023-11-03 13:00:00,31213.317734713644
2023-11-03 14:00:00,32049.591515371332
2023-11-03 15:00:00,34766.20122374326
2023-11-03 16:00:00,43082.70811304966
2023-11-03 17:00:00,55074.919027389544
2023-11-03 18:00:00,53163.549117984025
2023-11-03 19:00:00,47221.12629564996
2023-11-03 20:00:00,42881.14578071599
2023-11-03 21:00:00,39538.93191310434
2023-11-03 22:00:00,35535.60082454197
2023-11-03 23:00:00,32963.688953455916
2023-11-04 00:00:00,30608.931523706542
2023-11-04 01:00:00,28885.871722198568
2023-11-04 02:00:00,28939.56743259286
2023-11-04 03:00:00,29164.776893450842
2023-11-04 04:00:00,29525.318335892505
2023-11-04 05:00:00,32384.68700569793
2023-11-04 06:00:00,35906.02399135069
2023-11-04 07:00:00,36580.15588954255
2023-11-04 08:00:00,34655.74146145415
2023-11-04 09:00:00,33470.81838856303
2023-11-04 10:00:00,32064.53956045662
2023-11-04 11:00:00,32033.66483970602
2023-11-04 12:00:00,31404.972287279965
2023-11-04 13:00:00,30705.909531183097
2023-11-04 14:00:00,31768.795462846887
2023-11-04 15:00:00,34245.25631426064
2023-11-04 16:00:00,42060.41019588228
2023-11-04 17:00:00,53579.62250503532
2023-11-04 18:00:00,51825.515677116644
2023-11-04 19:00:00,46265.502894547106
2023-11-04 20:00:00,41927.02929994972
2023-11-04 21:00:00,38621.643605703044
2023-11-04 22:00:00,34781.97842994697
2023-11-04 23:00:00,32323.27859251812
2023-11-05 00:00:00,30048.384462978243
2023-11-05 01:00:00,28588.695446726106
2023-11-05 02:00:00,28904.07833274261
2023-11-05 03:00:00,29216.488231604348
2023-11-05 04:00:00,29938.763307502588
2023-11-05 05:00:00,33261.44070770673
2023-11-05 06:00:00,35770.85136669738
2023-11-05 07:00:00,36208.05521863306
2023-11-05 08:00:00,34225.28859863525
2023-11-05 09:00:00,33256.006863664836
2023-11-05 10:00:00,31986.16672071822
2023-11-05 11:00:00,31915.26090485818
2023-11-05 12:00:00,31122.099217128947
2023-11-05 13:00:00,30246.88956821837
2023-11-05 14:00:00,30939.66440304652
2023-11-05 15:00:00,33369.02071088816
2023-11-05 16:00:00,40675.65997193128
2023-11-05 17:00:00,51589.238611043824
2023-11-05 18:00:00,49822.143940047434
2023-11-05 19:00:00,44530.79417487272
2023-11-05 20:00:00,40620.224916362095
2023-11-05 21:00:00,37517.03261035364
2023-11-05 22:00:00,33868.55737415347
2023-11-05 23:00:00,31635.211393582584
2023-11-06 00:00:00,29593.97994210692
2023-11-06 01:00:00,27972.788382600782
2023-11-06 02:00:00,28173.05377779473
2023-11-06 03:00:00,28635.28161117597
2023-11-06 04:00:00,29640.117318335924
2023-11-06 05:00:00,33118.96788409455
2023-11-06 06:00:00,36010.08006510898
2023-11-06 07:00:00,36025.561952258526
2023-11-06 08:00:00,33881.84930535844
2023-11-06 09:00:00,32875.84522124001
2023-11-06 10:00:00,31469.518487126425
2023-11-06 11:00:00,31403.962729884595
2023-11-06 12:00:00,30615.139048919344
2023-11-06 13:00:00,29805.581474728744
2023-11-06 14:00:00,30528.03644487492
2023-11-06 15:00:00,33022.93944338982
2023-11-06 16:00:00,40127.26863831874
2023-11-06 17:00:00,50715.70761664826
2023-11-06 18:00:00,49182.7535247271
2023-11-06 19:00:00,44756.709333438164
2023-11-06 20:00:00,40715.06362771371
2023-11-06 21:00:00,37671.60577650823
2023-11-06 22:00:00,34060.77343281588
2023-11-06 23:00:00,31845.47371660434
2023-11-07 00:00:00,29780.482496786943
2023-11-07 01:00:00,28099.5250130254
2023-11-07 02:00:00,28366.861249621223
2023-11-07 03:00:00,28959.4711954936
2023-11-07 04:00:00,30209.57192191978
2023-11-07 05:00:00,34113.97453489097
2023-11-07 06:00:00,37036.56197519545
2023-11-07 07:00:00,37115.24275315153
2023-11-07 08:00:00,34663.0858862839
2023-11-07 09:00:00,33374.475711455765
2023-11-07 10:00:00,31808.81120105536
2023-11-07 11:00:00,31573.778802569905
2023-11-07 12:00:00,30732.563044599643
2023-11-07 13:00:00,29914.125002203837
2023-11-07 14:00:00,30640.828363042034
2023-11-07 15:00:00,33154.4746582721
2023-11-07 16:00:00,40085.23032466042
2023-11-07 17:00:00,50705.16591680535
2023-11-07 18:00:00,49701.67654728861
2023-11-07 19:00:00,44858.168906803956
2023-11-07 20:00:00,40775.08538663886
2023-11-07 21:00:00,37794.51017762703
2023-11-07 22:00:00,34360.52494885722
2023-11-07 23:00:00,32042.462264582897
2023-11-08 00:00:00,29926.9171687456
2023-11-08 01:00:00,28313.68415718811
2023-11-08 02:00:00,28464.80162453556
2023-11-08 03:00:00,28994.555087314977
2023-11-08 04:00:00,30552.239710241975
2023-11-08 05:00:00,34733.00993109377
2023-11-08 06:00:00,37098.01718648286
2023-11-08 07:00:00,36948.162958826935
2023-11-08 08:00:00,34651.78726594485
2023-11-08 09:00:00,33292.569711245225
2023-11-08 10:00:00,31656.520563445225
2023-11-08 11:00:00,31321.123317900754
2023-11-08 12:00:00,30453.512369375032
2023-11-08 13:00:00,29570.660391173773
2023-11-08 14:00:00,30244.572465806756
2023-11-08 15:00:00,32373.29952073835
2023-11-08 16:00:00,38964.10964745245
2023-11-08 17:00:00,49253.09738827773
2023-11-08 18:00:00,48347.780867937836
2023-11-08 19:00:00,44093.32813043986
2023-11-08 20:00:00,40275.316651329646
2023-11-08 21:00:00,37364.16716364569
2023-11-08 22:00:00,33895.09510686672
2023-11-08 23:00:00,31825.267804487507
2023-11-09 00:00:00,29976.627688764536
2023-11-09 01:00:00,28495.57385500804
2023-11-09 02:00:00,28799.3184201063
2023-11-09 03:00:00,29573.72292965509
2023-11-09 04:00:00,31372.591180984542
2023-11-09 05:00:00,35707.65042026682
2023-11-09 06:00:00,38162.256138923956
2023-11-09 07:00:00,37848.19573465979
2023-11-09 08:00:00,35482.539133021724
2023-11-09 09:00:00,33896.104152266606
2023-11-09 10:00:00,32045.16454060646
2023-11-09 11:00:00,31565.742211878307
2023-11-09 12:00:00,30622.377501395687
2023-11-09 13:00:00,29727.473826203965
2023-11-09 14:00:00,30428.945446962018
2023-11-09 15:00:00,32499.233378622153
2023-11-09 16:00:00,38654.69478010491
2023-11-09 17:00:00,48529.090744334804
2023-11-09 18:00:00,47736.38016936123
2023-11-09 19:00:00,43407.954526681606
2023-11-09 20:00:00,39576.1403113227
2023-11-09 21:00:00,36799.31097498531
2023-11-09 22:00:00,33406.02859620535
2023-11-09 23:00:00,31513.132924143374
2023-11-10 00:00:00,29640.606870330776
2023-11-10 01:00:00,28142.82143571933
2023-11-10 02:00:00,28376.170038167285
2023-11-10 03:00:00,29181.167353622237
2023-11-10 04:00:00,31230.66650650501
2023-11-10 05:00:00,36045.1692392477
2023-11-10 06:00:00,38488.34768056906
2023-11-10 07:00:00,38064.33412094378
2023-11-10 08:00:00,35563.76938566121
2023-11-10 09:00:00,33846.84334421973
2023-11-10 10:00:00,31965.2192634009
2023-11-10 11:00:00,31413.57969627192
2023-11-10 12:00:00,30410.83085576249
2023-11-10 13:00:00,29503.518088172837
2023-11-10 14:00:00,30198.96030694849
2023-11-10 15:00:00,32253.56494328429
2023-11-10 16:00:00,38372.258253628956
2023-11-10 17:00:00,48035.49437177379
2023-11-10 18:00:00,47265.33828294768
2023-11-10 19:00:00,43122.15262976803
2023-11-10 20:00:00,39367.31190883834
2023-11-10 21:00:00,36697.19508721166
2023-11-10 22:00:00,33518.10186891907
2023-11-10 23:00:00,31600.15431419638
2023-11-11 00:00:00,29639.88876082273
2023-11-11 01:00:00,28214.945003345005
2023-11-11 02:00:00,28473.879792258205
2023-11-11 03:00:00,29334.194548206837
2023-11-11 04:00:00,31559.633593470367
2023-11-11 05:00:00,36603.39823146207
2023-11-11 06:00:00,38928.49208775621
2023-11-11 07:00:00,38345.67170631143
2023-11-11 08:00:00,35824.78172517354
2023-11-11 09:00:00,34066.15063543783
2023-11-11 10:00:00,32080.171099014766
2023-11-11 11:00:00,31477.154209623648
2023-11-11 12:00:00,30373.921107905822
2023-11-11 13:00:00,29422.52845780236
2023-11-11 14:00:00,30078.4562055221
2023-11-11 15:00:00,31997.16993086432
2023-11-11 16:00:00,37904.92704919872
2023-11-11 17:00:00,47313.461537154515
2023-11-11 18:00:00,46912.15333235817
2023-11-11 19:00:00,42859.21454868123
2023-11-11 20:00:00,39131.913686372165
2023-11-11 21:00:00,36489.74740767989
2023-11-11 22:00:00,33323.49038398955
2023-11-11 23:00:00,31583.803885127218
2023-11-12 00:00:00,29644.675660317873
2023-11-12 01:00:00,28249.464379426423
2023-11-12 02:00:00,28525.526371048778
2023-11-12 03:00:00,29412.745758071058
2023-11-12 04:00:00,31828.041885260984
2023-11-12 05:00:00,37029.84482917394
2023-11-12 06:00:00,39086.935185807204
2023-11-12 07:00:00,37811.71497432573
2023-11-12 08:00:00,35070.1269023852
2023-11-12 09:00:00,33605.72331460599
2023-11-12 10:00:00,31656.503834962037
2023-11-12 11:00:00,31257.4160422568
2023-11-12 12:00:00,30267.4307006064
2023-11-12 13:00:00,29310.94039642084
2023-11-12 14:00:00,30161.175277148002
2023-11-12 15:00:00,32337.41945691312
2023-11-12 16:00:00,38329.11346579228
2023-11-12 17:00:00,47745.91997831979
2023-11-12 18:00:00,47365.70326502062
2023-11-12 19:00:00,43475.99354334906
2023-11-12 20:00:00,39809.9550268637
2023-11-12 21:00:00,37114.72183184826
2023-11-12 22:00:00,34054.56412920822
2023-11-12 23:00:00,32516.453875252275
2023-11-13 00:00:00,30554.99694800679
2023-11-13 01:00:00,29127.07433061476
2023-11-13 02:00:00,29440.59983393486
2023-11-13 03:00:00,30395.793576857992
2023-11-13 04:00:00,32978.75617731225
2023-11-13 05:00:00,38429.1919444594
2023-11-13 06:00:00,40333.87849124323
2023-11-13 07:00:00,38953.16460754965
2023-11-13 08:00:00,36276.136458309615
2023-11-13 09:00:00,34517.58162810901
2023-11-13 10:00:00,32464.02858168509
2023-11-13 11:00:00,31712.318147938015
2023-11-13 12:00:00,30525.114500352433
2023-11-13 13:00:00,29541.748277823346
2023-11-13 14:00:00,30158.724285519475
2023-11-13 15:00:00,32119.31432464022
2023-11-13 16:00:00,37889.538011611214
2023-11-13 17:00:00,47044.58404438015
2023-11-13 18:00:00,46803.09642934552
2023-11-13 19:00:00,43028.48191663935
2023-11-13 20:00:00,39296.22651373824
2023-11-13 21:00:00,36550.50798758144
2023-11-13 22:00:00,33387.98032281067
2023-11-13 23:00:00,31613.673190581
2023-11-14 00:00:00,29865.6052590633
2023-11-14 01:00:00,28518.66491170504
2023-11-14 02:00:00,28892.5078750147
2023-11-14 03:00:00,29926.795470608125
2023-11-14 04:00:00,32594.37231529198
2023-11-14 05:00:00,38128.39930817836
2023-11-14 06:00:00,39751.80148455602
2023-11-14 07:00:00,38400.06287149866
2023-11-14 08:00:00,35636.95370507153
2023-11-14 09:00:00,33896.23407010525
2023-11-14 10:00:00,31868.801715997783
2023-11-14 11:00:00,31280.13902431441
2023-11-14 12:00:00,30138.619983514032
2023-11-14 13:00:00,29075.24235467196
2023-11-14 14:00:00,29666.88451747169
2023-11-14 15:00:00,31437.79024841151
2023-11-14 16:00:00,37080.548301192895
2023-11-14 17:00:00,46097.8665561563
2023-11-14 18:00:00,45894.58903138557
2023-11-14 19:00:00,42312.51646333323
2023-11-14 20:00:00,38790.15131362115
2023-11-14 21:00:00,36323.85395945359
2023-11-14 22:00:00,33289.043519177954
2023-11-14 23:00:00,31629.89398735771
2023-11-15 00:00:00,29819.771156811166
2023-11-15 01:00:00,28452.120644224855
2023-11-15 02:00:00,28916.9711429508
2023-11-15 03:00:00,29979.210289354
2023-11-15 04:00:00,32728.767088778113
2023-11-15 05:00:00,38451.20674251628
2023-11-15 06:00:00,40105.960442483934
2023-11-15 07:00:00,38518.17195040714
2023-11-15 08:00:00,35745.274750374396
2023-11-15 09:00:00,33872.013315818454
2023-11-15 10:00:00,31800.008056306266
2023-11-15 11:00:00,31013.28348406427
2023-11-15 12:00:00,29706.513307964313
2023-11-15 13:00:00,28539.345471588047
2023-11-15 14:00:00,28958.39649652003
2023-11-15 15:00:00,30732.826425266747
2023-11-15 16:00:00,36279.24420843493
2023-11-15 17:00:00,44834.43171581211
2023-11-15 18:00:00,45406.84275433264
2023-11-15 19:00:00,42075.71674437108
2023-11-15 20:00:00,38482.97399090435
2023-11-15 21:00:00,35951.43883428773
2023-11-15 22:00:00,32947.52589021008
2023-11-15 23:00:00,31398.323871340326
2023-11-16 00:00:00,29509.9687997459
2023-11-16 01:00:00,28221.151424934
2023-11-16 02:00:00,28639.849542096246
2023-11-16 03:00:00,29774.029704197732
2023-11-16 04:00:00,32712.833351148056
2023-11-16 05:00:00,38553.40400956828
2023-11-16 06:00:00,40065.33787797296
2023-11-16 07:00:00,38613.44584686426
2023-11-16 08:00:00,35671.46089455969
2023-11-16 09:00:00,33857.77477938879
2023-11-16 10:00:00,31718.795319001263
2023-11-16 11:00:00,30878.9159642099
2023-11-16 12:00:00,29735.825882716414
2023-11-16 13:00:00,28818.986927863694
2023-11-16 14:00:00,29271.779887226065
2023-11-16 15:00:00,31101.20621219262
2023-11-16 16:00:00,36402.23786064335
2023-11-16 17:00:00,45070.88642988144
2023-11-16 18:00:00,45026.04434081195
2023-11-16 19:00:00,41666.091463723125
2023-11-16 20:00:00,38252.458374113594
2023-11-16 21:00:00,35783.85997715185
2023-11-16 22:00:00,32770.64907061514
2023-11-16 23:00:00,31174.355556410082
2023-11-17 00:00:00,29456.537633477474
2023-11-17 01:00:00,28299.82330492932
2023-11-17 02:00:00,28771.29824219548
2023-11-17 03:00:00,29972.51464435436
2023-11-17 04:00:00,33127.0779435227
2023-11-17 05:00:00,39219.60916993414
2023-11-17 06:00:00,40851.763711793144
2023-11-17 07:00:00,39390.892770714214
2023-11-17 08:00:00,36454.46217741667
2023-11-17 09:00:00,34540.175491098824
2023-11-17 10:00:00,32274.599971192372
2023-11-17 11:00:00,31367.461801116708
2023-11-17 12:00:00,30117.44417841919
2023-11-17 13:00:00,29059.541112741244
2023-11-17 14:00:00,29658.34246946433
2023-11-17 15:00:00,31543.657563726894
2023-11-17 16:00:00,36884.94146983467
2023-11-17 17:00:00,45422.12338125525
2023-11-17 18:00:00,45470.88938253823
2023-11-17 19:00:00,42365.60545036921
2023-11-17 20:00:00,38881.84638632465
2023-11-17 21:00:00,36394.68734512839
2023-11-17 22:00:00,33449.292700004844
2023-11-17 23:00:00,32040.524042756457
2023-11-18 00:00:00,30954.134709453247
2023-11-18 01:00:00,29815.06911853041
2023-11-18 02:00:00,30216.118829337694
2023-11-18 03:00:00,31441.424446686233
2023-11-18 04:00:00,34642.54218664064
2023-11-18 05:00:00,40853.68501303864
2023-11-18 06:00:00,42435.89546502084
2023-11-18 07:00:00,40924.15750996143
2023-11-18 08:00:00,37850.56168871679
2023-11-18 09:00:00,35604.16517387903
2023-11-18 10:00:00,32936.9086277886
2023-11-18 11:00:00,31940.8131161531
2023-11-18 12:00:00,30641.934004120765
2023-11-18 13:00:00,29561.10715358145
2023-11-18 14:00:00,30158.90831421167
2023-11-18 15:00:00,31954.152509832966
2023-11-18 16:00:00,36954.084205000465
2023-11-18 17:00:00,45297.855766525914
2023-11-18 18:00:00,45299.61055579806
2023-11-18 19:00:00,41999.39841781864
2023-11-18 20:00:00,38698.59792332938
2023-11-18 21:00:00,36224.35967356676
2023-11-18 22:00:00,33183.23837412193
2023-11-18 23:00:00,31683.07287923938
2023-11-19 00:00:00,30176.09115571493
2023-11-19 01:00:00,28924.80008713547
2023-11-19 02:00:00,29355.25613225517
2023-11-19 03:00:00,30546.379014772563
2023-11-19 04:00:00,33762.79660334714
2023-11-19 05:00:00,39829.209019313814
2023-11-19 06:00:00,41019.64948742469
2023-11-19 07:00:00,39065.91478770163
2023-11-19 08:00:00,36216.01954838242
2023-11-19 09:00:00,34335.249764150074
2023-11-19 10:00:00,32086.404338746106
2023-11-19 11:00:00,31200.021536980646
2023-11-19 12:00:00,29950.19168540307
2023-11-19 13:00:00,28693.306886590923
2023-11-19 14:00:00,29199.65837387082
2023-11-19 15:00:00,30890.83406765007
2023-11-19 16:00:00,35842.553329010625
2023-11-19 17:00:00,44195.699037811544
2023-11-19 18:00:00,44529.068152182714
2023-11-19 19:00:00,41458.403531438846
2023-11-19 20:00:00,38107.65453509275
2023-11-19 21:00:00,35802.397508424954
2023-11-19 22:00:00,32831.01431029993
2023-11-19 23:00:00,31398.68439142933
2023-11-20 00:00:00,29634.354512252852
2023-11-20 01:00:00,28377.796136906818
2023-11-20 02:00:00,28807.39193059992
2023-11-20 03:00:00,30109.59786264861
2023-11-20 04:00:00,33410.263392916284
2023-11-20 05:00:00,39744.468731227535
2023-11-20 06:00:00,40927.63037237895
2023-11-20 07:00:00,39047.78288506469
2023-11-20 08:00:00,36040.186451993395
2023-11-20 09:00:00,34090.50025830345
2023-11-20 10:00:00,31748.20093221712
2023-11-20 11:00:00,30735.355799758177
2023-11-20 12:00:00,29340.498723026893
2023-11-20 13:00:00,28249.340393130922
2023-11-20 14:00:00,28872.129379212278
2023-11-20 15:00:00,30639.507568101813
2023-11-20 16:00:00,35633.5482131829
2023-11-20 17:00:00,43957.6460072682
2023-11-20 18:00:00,44314.876496913144
2023-11-20 19:00:00,41315.18577670707
2023-11-20 20:00:00,37950.36111299182
2023-11-20 21:00:00,35684.22384979163
2023-11-20 22:00:00,32751.505923892157
2023-11-20 23:00:00,31386.489753111688
2023-11-21 00:00:00,29725.18424269708
2023-11-21 01:00:00,28454.38574931657
2023-11-21 02:00:00,28859.71126441009
2023-11-21 03:00:00,30157.021268413755
2023-11-21 04:00:00,33603.257787214534
2023-11-21 05:00:00,40072.79006412751
2023-11-21 06:00:00,41457.25592022871
2023-11-21 07:00:00,39601.856036546844
2023-11-21 08:00:00,36864.92613936659
2023-11-21 09:00:00,34620.70759167711
2023-11-21 10:00:00,32685.565860844035
2023-11-21 11:00:00,31809.917352394044
2023-11-21 12:00:00,30488.4070379082
2023-11-21 13:00:00,29309.030162532454
2023-11-21 14:00:00,29916.74839577378
2023-11-21 15:00:00,31994.026173466595
2023-11-21 16:00:00,36845.69708783148
2023-11-21 17:00:00,44961.79824649232
2023-11-21 18:00:00,45509.69099738626
2023-11-21 19:00:00,42540.0231542946
2023-11-21 20:00:00,39112.06426170542
2023-11-21 21:00:00,36641.62002486464
2023-11-21 22:00:00,33713.865756280466
2023-11-21 23:00:00,32321.244451196362
2023-11-22 00:00:00,30610.84439861988
2023-11-22 01:00:00,29382.00706184376
2023-11-22 02:00:00,29878.45535915359
2023-11-22 03:00:00,31216.505556294105
2023-11-22 04:00:00,34897.74724212537
2023-11-22 05:00:00,41293.625127112035
2023-11-22 06:00:00,42646.865090564854
2023-11-22 07:00:00,40941.370751557595
2023-11-22 08:00:00,37914.066609163594
2023-11-22 09:00:00,35829.62687054964
2023-11-22 10:00:00,33393.79414352024
2023-11-22 11:00:00,32311.935735942967
2023-11-22 12:00:00,30990.36121172588
2023-11-22 13:00:00,29695.90312109674
2023-11-22 14:00:00,30264.782439544044
2023-11-22 15:00:00,32006.032920910508
2023-11-22 16:00:00,36904.62925861425
2023-11-22 17:00:00,44809.958188466415
2023-11-22 18:00:00,45208.91277244799
2023-11-22 19:00:00,42406.31745480904
2023-11-22 20:00:00,39009.557763697405
2023-11-22 21:00:00,36918.4365367509
2023-11-22 22:00:00,34186.94521080702
2023-11-22 23:00:00,32808.65456473935
2023-11-23 00:00:00,31310.1050504888
2023-11-23 01:00:00,30032.29719493908
2023-11-23 02:00:00,30453.60235806029
2023-11-23 03:00:00,31744.747742257277
2023-11-23 04:00:00,35312.96185684132
2023-11-23 05:00:00,41491.02715753958
2023-11-23 06:00:00,42271.11460936845
2023-11-23 07:00:00,40320.492466817544
2023-11-23 08:00:00,37253.97258471955
2023-11-23 09:00:00,35184.529011480736
2023-11-23 10:00:00,32752.57242156675
2023-11-23 11:00:00,31715.261275899054
2023-11-23 12:00:00,30403.160036588
2023-11-23 13:00:00,29289.024460645243
2023-11-23 14:00:00,29851.281145209607
2023-11-23 15:00:00,31594.579282867122
2023-11-23 16:00:00,36390.36539719719
2023-11-23 17:00:00,44503.10554756444
2023-11-23 18:00:00,44908.52285269857
2023-11-23 19:00:00,41956.02499839549
2023-11-23 20:00:00,38496.75436168815
2023-11-23 21:00:00,36123.43155884576
2023-11-23 22:00:00,33217.224538435046
2023-11-23 23:00:00,31787.426465354067
2023-11-24 00:00:00,30082.28816441929
2023-11-24 01:00:00,28855.791962465533
2023-11-24 02:00:00,29316.146368165293
2023-11-24 03:00:00,30638.26385086097
2023-11-24 04:00:00,34310.229629558504
2023-11-24 05:00:00,40974.04871610539
2023-11-24 06:00:00,42179.08055751366
2023-11-24 07:00:00,40193.88284376539
2023-11-24 08:00:00,37091.74607949882
2023-11-24 09:00:00,35011.73893216818
2023-11-24 10:00:00,32587.611445058337
2023-11-24 11:00:00,31517.71030523694
2023-11-24 12:00:00,30182.62920101252
2023-11-24 13:00:00,29083.072339396065
2023-11-24 14:00:00,29538.3606097883
2023-11-24 15:00:00,31159.267748251248
2023-11-24 16:00:00,35643.78960964048
2023-11-24 17:00:00,43569.56010536218
2023-11-24 18:00:00,43984.608987276515
2023-11-24 19:00:00,41060.864106240166
2023-11-24 20:00:00,37761.3835412013
2023-11-24 21:00:00,35436.731880483494
2023-11-24 22:00:00,32586.641161426538
2023-11-24 23:00:00,31297.860756078735
2023-11-25 00:00:00,29557.924848718132
2023-11-25 01:00:00,28359.793417327543
2023-11-25 02:00:00,28858.433548392335
2023-11-25 03:00:00,30223.957119291426
2023-11-25 04:00:00,33966.805195518966
2023-11-25 05:00:00,40748.512276203524
2023-11-25 06:00:00,41973.37671324592
2023-11-25 07:00:00,39972.94329074934
2023-11-25 08:00:00,36834.9229371572
2023-11-25 09:00:00,34635.16357491062
2023-11-25 10:00:00,32184.70121783382
2023-11-25 11:00:00,31072.62485217231
2023-11-25 12:00:00,29711.908775287542
2023-11-25 13:00:00,28631.042650072377
2023-11-25 14:00:00,29111.55259899655
2023-11-25 15:00:00,30673.234013674293
2023-11-25 16:00:00,35242.58828343121
2023-11-25 17:00:00,43101.98171038512
2023-11-25 18:00:00,43507.22000010518
2023-11-25 19:00:00,40726.493033815656
2023-11-25 20:00:00,37473.716943926855
2023-11-25 21:00:00,35279.2770870591
2023-11-25 22:00:00,32508.593671127135
2023-11-25 23:00:00,31305.309883242342
2023-11-26 00:00:00,29758.09163310331
2023-11-26 01:00:00,28564.229868657763
2023-11-26 02:00:00,29072.930445331473
2023-11-26 03:00:00,30439.808084977678
2023-11-26 04:00:00,34201.11998108341
2023-11-26 05:00:00,40950.63592088522
2023-11-26 06:00:00,41722.13910448773
2023-11-26 07:00:00,39488.64449775361
2023-11-26 08:00:00,36359.24315617445
2023-11-26 09:00:00,34311.03367070599
2023-11-26 10:00:00,31835.115040201665
2023-11-26 11:00:00,30714.623080805024
2023-11-26 12:00:00,29437.58996619403
2023-11-26 13:00:00,28316.402134642416
2023-11-26 14:00:00,28921.481892476113
2023-11-26 15:00:00,30730.908217938606
2023-11-26 16:00:00,35501.137455195276
2023-11-26 17:00:00,43326.423657467996
2023-11-26 18:00:00,43965.664739729684
2023-11-26 19:00:00,41338.3441414451
2023-11-26 20:00:00,38096.08624448014
2023-11-26 21:00:00,35746.73701857949
2023-11-26 22:00:00,33066.73229052252
2023-11-26 23:00:00,31654.66691077612
2023-11-27 00:00:00,30114.170988740872
2023-11-27 01:00:00,28960.135627349016
2023-11-27 02:00:00,29455.255277257835
2023-11-27 03:00:00,30867.757972298212
2023-11-27 04:00:00,34596.81910813673
2023-11-27 05:00:00,41307.03222140655
2023-11-27 06:00:00,42348.284709725944
2023-11-27 07:00:00,39910.31394665433
2023-11-27 08:00:00,36692.25977754834
2023-11-27 09:00:00,34363.18751715895
2023-11-27 10:00:00,31830.414508657122
2023-11-27 11:00:00,30691.12561985244
2023-11-27 12:00:00,29336.829270368788
2023-11-27 13:00:00,28155.02338902337
2023-11-27 14:00:00,28604.848735005246
2023-11-27 15:00:00,30171.94119759064
2023-11-27 16:00:00,34603.29061536204
2023-11-27 17:00:00,42096.80351881307
2023-11-27 18:00:00,42870.00924281195
2023-11-27 19:00:00,40345.9410829918
2023-11-27 20:00:00,37337.27334137932
2023-11-27 21:00:00,35169.58974091559
2023-11-27 22:00:00,32511.49732997746
2023-11-27 23:00:00,31189.96615280695
2023-11-28 00:00:00,29786.77692369653
2023-11-28 01:00:00,28573.94826589492
2023-11-28 02:00:00,29075.848597123146
2023-11-28 03:00:00,30553.486152583442
2023-11-28 04:00:00,34399.29861029482
2023-11-28 05:00:00,41171.84430194057
2023-11-28 06:00:00,42218.848166042226
2023-11-28 07:00:00,39701.17446941658
2023-11-28 08:00:00,36370.07467645721
2023-11-28 09:00:00,34318.33123391942
2023-11-28 10:00:00,31935.000980160003
2023-11-28 11:00:00,30829.639355662024
2023-11-28 12:00:00,29449.156891994426
2023-11-28 13:00:00,28232.052441299318
2023-11-28 14:00:00,28550.30460680263
2023-11-28 15:00:00,29850.63364684041
2023-11-28 16:00:00,33953.13437346417
2023-11-28 17:00:00,41013.74395700538
2023-11-28 18:00:00,41604.61604566535
2023-11-28 19:00:00,39652.15272965977
2023-11-28 20:00:00,36946.50562334315
2023-11-28 21:00:00,34923.787761774256
2023-11-28 22:00:00,32308.869545791462
2023-11-28 23:00:00,31109.97598041543
2023-11-29 00:00:00,29690.48236376011
2023-11-29 01:00:00,28434.46343156519
2023-11-29 02:00:00,28927.52986355252
2023-11-29 03:00:00,30353.793318798766
2023-11-29 04:00:00,34193.82181654989
2023-11-29 05:00:00,41107.607822652586
2023-11-29 06:00:00,41870.175009337654
2023-11-29 07:00:00,39174.84544177874
2023-11-29 08:00:00,35274.258640348664
2023-11-29 09:00:00,32814.162362222785
2023-11-29 10:00:00,30512.74579738372
2023-11-29 11:00:00,29321.56400309875
2023-11-29 12:00:00,28359.486585531784
2023-11-29 13:00:00,27288.9227223131
2023-11-29 14:00:00,27748.144194693603
2023-11-29 15:00:00,29386.578581756803
2023-11-29 16:00:00,33470.65589338399
2023-11-29 17:00:00,40733.37906752031
2023-11-29 18:00:00,41537.8095944923
2023-11-29 19:00:00,39695.510428053516
2023-11-29 20:00:00,37027.178406407926
2023-11-29 21:00:00,35001.55211521246
2023-11-29 22:00:00,32361.250618471666
2023-11-29 23:00:00,31120.221747101805
2023-11-30 00:00:00,29667.71581862625
2023-11-30 01:00:00,28477.83542757398
2023-11-30 02:00:00,28992.681796960987
2023-11-30 03:00:00,30446.794876977663
2023-11-30 04:00:00,34343.10532396296
2023-11-30 05:00:00,41270.36274222716
2023-11-30 06:00:00,42095.944061213144
2023-11-30 07:00:00,39477.162059925315
2023-11-30 08:00:00,35562.45374399415
2023-11-30 09:00:00,33072.17640136522
2023-11-30 10:00:00,30640.76777144799
2023-11-30 11:00:00,29482.080431929808
2023-11-30 12:00:00,28323.935441931222
2023-11-30 13:00:00,27515.611286794225
2023-11-30 14:00:00,28068.993102805962
2023-11-30 15:00:00,29533.61588283189
2023-11-30 16:00:00,33834.44589056836
2023-11-30 17:00:00,41131.00424488747
2023-11-30 18:00:00,42279.37516384448
2023-11-30 19:00:00,40073.7627686754
2023-11-30 20:00:00,37184.02097916241
2023-11-30 21:00:00,35102.63377084486
2023-11-30 22:00:00,32448.228575631598
2023-11-30 23:00:00,31207.313651575387
2023-12-01 00:00:00,29695.197196984325
2023-12-01 01:00:00,28484.704522241467
2023-12-01 02:00:00,28971.22446820437
2023-12-01 03:00:00,30421.7867708999
2023-12-01 04:00:00,34366.23762188172
2023-12-01 05:00:00,41431.216664178435
2023-12-01 06:00:00,42504.022565602805
2023-12-01 07:00:00,40280.12929108767
2023-12-01 08:00:00,36935.07890245482
2023-12-01 09:00:00,34622.787064540025
2023-12-01 10:00:00,32019.549317236626
2023-12-01 11:00:00,30877.99256846856
2023-12-01 12:00:00,29539.246112339388
2023-12-01 13:00:00,28485.95667634483
2023-12-01 14:00:00,28958.08401332199
2023-12-01 15:00:00,30495.279578913836
2023-12-01 16:00:00,34918.75245729374
2023-12-01 17:00:00,42446.78424748192
2023-12-01 18:00:00,43091.35141391701
2023-12-01 19:00:00,40666.299120524476
2023-12-01 20:00:00,37477.00605646154
2023-12-01 21:00:00,35249.11044492052
2023-12-01 22:00:00,32575.31801548831
2023-12-01 23:00:00,31240.50230612386
2023-12-02 00:00:00,29650.344848889847
2023-12-02 01:00:00,28493.69154196387
2023-12-02 02:00:00,29005.531439930903
2023-12-02 03:00:00,30447.73312637599
2023-12-02 04:00:00,34469.139765540014
2023-12-02 05:00:00,41610.839887744594
2023-12-02 06:00:00,42727.89430202475
2023-12-02 07:00:00,40522.23690701998
2023-12-02 08:00:00,37338.51998165755
2023-12-02 09:00:00,35091.79955067008
2023-12-02 10:00:00,32446.468784258705
2023-12-02 11:00:00,31236.93762052696
2023-12-02 12:00:00,29836.265931981136
2023-12-02 13:00:00,28713.138810490407
2023-12-02 14:00:00,29153.96211313682
2023-12-02 15:00:00,30611.99543513159
2023-12-02 16:00:00,34994.680339597464
2023-12-02 17:00:00,42630.4791246124
2023-12-02 18:00:00,43290.19612435554
2023-12-02 19:00:00,40688.2796020762
2023-12-02 20:00:00,37616.41210566657
2023-12-02 21:00:00,35470.688822329415
2023-12-02 22:00:00,32740.14909894791
2023-12-02 23:00:00,31514.589862215358
2023-12-03 00:00:00,29888.31970032543
2023-12-03 01:00:00,28709.865305812436
2023-12-03 02:00:00,29208.38699064713
2023-12-03 03:00:00,30681.479125630223
2023-12-03 04:00:00,34655.84406042257
2023-12-03 05:00:00,41679.29347566502
2023-12-03 06:00:00,42537.12996798991
2023-12-03 07:00:00,40135.82000268156
2023-12-03 08:00:00,36940.03026007134
2023-12-03 09:00:00,34689.20779297048
2023-12-03 10:00:00,32082.77921867314
2023-12-03 11:00:00,30823.39644870576
2023-12-03 12:00:00,29451.364885880343
2023-12-03 13:00:00,28197.472775245154
2023-12-03 14:00:00,28799.148044919908
2023-12-03 15:00:00,30434.125189715836
2023-12-03 16:00:00,34950.997320073184
2023-12-03 17:00:00,42562.6507565772
2023-12-03 18:00:00,43308.578505689926
2023-12-03 19:00:00,40739.452198803934
2023-12-03 20:00:00,37558.64558526678
2023-12-03 21:00:00,35364.49266617591
2023-12-03 22:00:00,32716.720959839404
2023-12-03 23:00:00,31469.201336476952
2023-12-04 00:00:00,29941.043391050403
2023-12-04 01:00:00,28746.237739343687
2023-12-04 02:00:00,29255.4566076842
2023-12-04 03:00:00,30727.81207032641
2023-12-04 04:00:00,34714.46788320133
2023-12-04 05:00:00,41762.742095167465
2023-12-04 06:00:00,42524.639154148856
2023-12-04 07:00:00,40226.07336356253
2023-12-04 08:00:00,36976.11851116887
2023-12-04 09:00:00,34757.21888907689
2023-12-04 10:00:00,32211.761840969906
2023-12-04 11:00:00,30976.502906761183
2023-12-04 12:00:00,29578.449244114017
2023-12-04 13:00:00,28398.76109870817
2023-12-04 14:00:00,28784.723540680185
2023-12-04 15:00:00,30453.323468044444
2023-12-04 16:00:00,34799.51486007391
2023-12-04 17:00:00,42205.141250645494
2023-12-04 18:00:00,42890.903011630464
2023-12-04 19:00:00,40377.964172061824
2023-12-04 20:00:00,37308.83760665381
2023-12-04 21:00:00,35150.87157633373
2023-12-04 22:00:00,32522.00111858306
2023-12-04 23:00:00,31282.16987632141
2023-12-05 00:00:00,29878.22671518556
2023-12-05 01:00:00,28670.683544738742
2023-12-05 02:00:00,29154.116141485007
2023-12-05 03:00:00,30625.46852456734
2023-12-05 04:00:00,34656.364023457034
2023-12-05 05:00:00,41777.40069214657
2023-12-05 06:00:00,42587.88638483883
2023-12-05 07:00:00,39937.367238865074
2023-12-05 08:00:00,36273.11468831987
2023-12-05 09:00:00,34065.704299261066
2023-12-05 10:00:00,31743.222922168283
2023-12-05 11:00:00,30572.70961529314
2023-12-05 12:00:00,29126.1109049714
2023-12-05 13:00:00,28028.644639724986
2023-12-05 14:00:00,28561.924158985858
2023-12-05 15:00:00,30091.810179105396
2023-12-05 16:00:00,34202.317235316244
2023-12-05 17:00:00,41626.86537334454
2023-12-05 18:00:00,42559.03128047709
2023-12-05 19:00:00,40216.75690828343
2023-12-05 20:00:00,37269.12924351636
2023-12-05 21:00:00,35171.994149857375
2023-12-05 22:00:00,32583.053286548202
2023-12-05 23:00:00,31327.472683774242
2023-12-06 00:00:00,29813.2949245892
2023-12-06 01:00:00,28600.014999158102
2023-12-06 02:00:00,29093.194871041793
2023-12-06 03:00:00,30626.639698160296
2023-12-06 04:00:00,34700.87961892791
2023-12-06 05:00:00,41822.64957888372
2023-12-06 06:00:00,42474.06032838434
2023-12-06 07:00:00,40004.85354561618
2023-12-06 08:00:00,36566.22886267519
2023-12-06 09:00:00,34545.07846574761
2023-12-06 10:00:00,32003.019270268494
2023-12-06 11:00:00,30704.67551635163
2023-12-06 12:00:00,29254.02164492324
2023-12-06 13:00:00,28066.197711213208
2023-12-06 14:00:00,28593.109291192544
2023-12-06 15:00:00,30174.201655052933
2023-12-06 16:00:00,34657.41090123045
2023-12-06 17:00:00,42373.89779159455
2023-12-06 18:00:00,43245.450971214756
2023-12-06 19:00:00,40933.502700810226
2023-12-06 20:00:00,37729.56505726468
2023-12-06 21:00:00,35461.61213165584
2023-12-06 22:00:00,32752.91813011389
2023-12-06 23:00:00,31542.910723271478
2023-12-07 00:00:00,30012.290831093575
2023-12-07 01:00:00,28841.543889198325
2023-12-07 02:00:00,29350.359431359993
2023-12-07 03:00:00,30838.928728983894
2023-12-07 04:00:00,34891.94226641392
2023-12-07 05:00:00,41994.39442453026
2023-12-07 06:00:00,42785.42669838139
2023-12-07 07:00:00,40414.37344369245
2023-12-07 08:00:00,37186.74197018828
2023-12-07 09:00:00,34867.1501600647
2023-12-07 10:00:00,32261.786583371566
2023-12-07 11:00:00,31031.123788707526
2023-12-07 12:00:00,29596.01958034513
2023-12-07 13:00:00,28490.594450920566
2023-12-07 14:00:00,28993.5089030732
2023-12-07 15:00:00,30521.469416063017
2023-12-07 16:00:00,34960.09418915238
2023-12-07 17:00:00,42502.970588779084
2023-12-07 18:00:00,43237.43552569477
2023-12-07 19:00:00,40891.75684736657
2023-12-07 20:00:00,37649.38343956117
2023-12-07 21:00:00,35383.804935245804
2023-12-07 22:00:00,32666.7056477605
2023-12-07 23:00:00,31485.883643397516
2023-12-08 00:00:00,29887.18222304857
2023-12-08 01:00:00,28816.779366929346
2023-12-08 02:00:00,29388.621200347898
2023-12-08 03:00:00,30955.45763614036
2023-12-08 04:00:00,35072.36624815363
2023-12-08 05:00:00,42267.18980394186
2023-12-08 06:00:00,43202.465784390006
2023-12-08 07:00:00,40837.18319406668
2023-12-08 08:00:00,37649.87503902833
2023-12-08 09:00:00,35315.016354583015
2023-12-08 10:00:00,32722.81395844397
2023-12-08 11:00:00,31474.18812529497
2023-12-08 12:00:00,30003.534629696645
2023-12-08 13:00:00,28858.97613913379
2023-12-08 14:00:00,29427.17596922877
2023-12-08 15:00:00,31031.01541200294
2023-12-08 16:00:00,35471.27625368147
2023-12-08 17:00:00,43082.82508760285
2023-12-08 18:00:00,43869.73487152068
2023-12-08 19:00:00,41453.3125293718
2023-12-08 20:00:00,38279.81170696512
2023-12-08 21:00:00,36031.55935647526
2023-12-08 22:00:00,33381.40875953608
2023-12-08 23:00:00,32203.131881591173
2023-12-09 00:00:00,30880.906542239052
2023-12-09 01:00:00,29849.409804541472
2023-12-09 02:00:00,30466.456118244685
2023-12-09 03:00:00,32051.119318193872
2023-12-09 04:00:00,36076.77946589405
2023-12-09 05:00:00,43196.952443018316
2023-12-09 06:00:00,44075.89634942354
2023-12-09 07:00:00,41511.39390896075
2023-12-09 08:00:00,38052.69429027225
2023-12-09 09:00:00,35740.293810924675
2023-12-09 10:00:00,33103.50651929529
2023-12-09 11:00:00,31813.464387954
2023-12-09 12:00:00,30390.322609149036
2023-12-09 13:00:00,29203.567858670714
2023-12-09 14:00:00,29679.10837015179
2023-12-09 15:00:00,31144.103022310537
2023-12-09 16:00:00,35443.449819785965
2023-12-09 17:00:00,43022.41574929388
2023-12-09 18:00:00,43710.31145190174
2023-12-09 19:00:00,41252.58770077942
2023-12-09 20:00:00,38046.96191058461
2023-12-09 21:00:00,35751.655362296005
2023-12-09 22:00:00,33033.980978887375
2023-12-09 23:00:00,31831.1323438833
2023-12-10 00:00:00,30871.133141120292
2023-12-10 01:00:00,29561.45368249999
2023-12-10 02:00:00,29939.668628838484
2023-12-10 03:00:00,31443.07484656145
2023-12-10 04:00:00,35529.33573923819
2023-12-10 05:00:00,42912.55368530335
2023-12-10 06:00:00,43286.31179359824
2023-12-10 07:00:00,40727.920418611924
2023-12-10 08:00:00,37465.04701789724
2023-12-10 09:00:00,35222.98760525984
2023-12-10 10:00:00,32687.712828753854
2023-12-10 11:00:00,31474.363679667367
2023-12-10 12:00:00,30030.62279288508
2023-12-10 13:00:00,28861.196862565055
2023-12-10 14:00:00,29304.358760453677
2023-12-10 15:00:00,30809.74253150116
2023-12-10 16:00:00,35013.84181312329
2023-12-10 17:00:00,42376.664820106
2023-12-10 18:00:00,43081.05384778426
2023-12-10 19:00:00,40580.136845669665
2023-12-10 20:00:00,37453.33831588654
2023-12-10 21:00:00,35385.80835938234
2023-12-10 22:00:00,32731.018344732922
2023-12-10 23:00:00,31545.19798965653
2023-12-11 00:00:00,30006.44811299288
2023-12-11 01:00:00,28797.543679658593
2023-12-11 02:00:00,29306.69276276448
2023-12-11 03:00:00,30802.520286910487
2023-12-11 04:00:00,34875.753677656074
2023-12-11 05:00:00,42122.80802922187
2023-12-11 06:00:00,42781.819172007745
2023-12-11 07:00:00,40262.60657006839
2023-12-11 08:00:00,36694.557402092694
2023-12-11 09:00:00,34687.61720988012
2023-12-11 10:00:00,32101.93864906154
2023-12-11 11:00:00,30953.71962778071
2023-12-11 12:00:00,29458.391912939984
2023-12-11 13:00:00,28224.482091648
2023-12-11 14:00:00,28794.95968167412
2023-12-11 15:00:00,30409.18250308669
2023-12-11 16:00:00,34800.45966104871
2023-12-11 17:00:00,42458.377227459765
2023-12-11 18:00:00,43341.12181205362
2023-12-11 19:00:00,41003.91783261076
2023-12-11 20:00:00,37796.13178990816
2023-12-11 21:00:00,35557.41461560576
2023-12-11 22:00:00,32938.778219176624
2023-12-11 23:00:00,31695.432828591656
2023-12-12 00:00:00,30213.428050745682
2023-12-12 01:00:00,29028.838291118667
2023-12-12 02:00:00,29504.029000544146
2023-12-12 03:00:00,31020.843128549637
2023-12-12 04:00:00,35120.93823103421
2023-12-12 05:00:00,42373.83102347298
2023-12-12 06:00:00,43198.59076007415
2023-12-12 07:00:00,40582.081040704834
2023-12-12 08:00:00,37473.69274299533
2023-12-12 09:00:00,35154.47894036879
2023-12-12 10:00:00,32583.428359790803
2023-12-12 11:00:00,31324.129768547202
2023-12-12 12:00:00,29891.431870214907
2023-12-12 13:00:00,28616.753167215953
2023-12-12 14:00:00,29102.739134751144
2023-12-12 15:00:00,30574.53373972399
2023-12-12 16:00:00,34966.459331926526
2023-12-12 17:00:00,42439.795753850805
2023-12-12 18:00:00,43303.744628391745
2023-12-12 19:00:00,40857.855646232994
2023-12-12 20:00:00,37714.43426923757
2023-12-12 21:00:00,35505.83976335747
2023-12-12 22:00:00,32789.66388070118
2023-12-12 23:00:00,31585.78194981891
2023-12-13 00:00:00,30183.300927954348
2023-12-13 01:00:00,28978.109205315322
2023-12-13 02:00:00,29452.72847706948
2023-12-13 03:00:00,30935.530693255183
2023-12-13 04:00:00,35039.540388155125
2023-12-13 05:00:00,42287.611565886546
2023-12-13 06:00:00,42971.7939659689
2023-12-13 07:00:00,40312.42834851669
2023-12-13 08:00:00,36967.80990023308
2023-12-13 09:00:00,34814.59285752592
2023-12-13 10:00:00,32169.206086170205
2023-12-13 11:00:00,30884.652342423367
2023-12-13 12:00:00,29535.79532476286
2023-12-13 13:00:00,28273.563584671912
2023-12-13 14:00:00,28779.280040019123
2023-12-13 15:00:00,30222.331545867102
2023-12-13 16:00:00,34585.74237718816
2023-12-13 17:00:00,42125.03186125076
2023-12-13 18:00:00,42955.42784633221
2023-12-13 19:00:00,40654.01437368667
2023-12-13 20:00:00,37604.86779378909
2023-12-13 21:00:00,35413.54581467154
2023-12-13 22:00:00,32752.30339224606
2023-12-13 23:00:00,31564.28978560966
2023-12-14 00:00:00,30042.918919872493
2023-12-14 01:00:00,28873.92454726127
2023-12-14 02:00:00,29409.105260287855
2023-12-14 03:00:00,30952.988228816343
2023-12-14 04:00:00,35119.869978050076
2023-12-14 05:00:00,42348.87302712389
2023-12-14 06:00:00,43032.30703274141
2023-12-14 07:00:00,40529.933832343675
2023-12-14 08:00:00,37124.51944498376
2023-12-14 09:00:00,34942.501742937326
2023-12-14 10:00:00,32434.213739146137
2023-12-14 11:00:00,31280.59071624681
2023-12-14 12:00:00,29945.581585858494
2023-12-14 13:00:00,28844.133846900277
2023-12-14 14:00:00,29386.661744114797
2023-12-14 15:00:00,30911.699696161824
2023-12-14 16:00:00,35101.24800667279
2023-12-14 17:00:00,42670.618857149915
2023-12-14 18:00:00,43603.64999280995
2023-12-14 19:00:00,41203.59511341074
2023-12-14 20:00:00,38013.97211442947
2023-12-14 21:00:00,35739.248348414934
2023-12-14 22:00:00,33108.42253105043
2023-12-14 23:00:00,31824.429308024202
2023-12-15 00:00:00,30424.680773351647
2023-12-15 01:00:00,29217.39027736728
2023-12-15 02:00:00,29765.674995884347
2023-12-15 03:00:00,31314.76418519169
2023-12-15 04:00:00,35526.54919695697
2023-12-15 05:00:00,42821.53916462201
2023-12-15 06:00:00,43705.92967420052
2023-12-15 07:00:00,41331.98021599593
2023-12-15 08:00:00,38120.34979281713
2023-12-15 09:00:00,35867.897030168795
2023-12-15 10:00:00,33184.310444187475
2023-12-15 11:00:00,31995.167099619215
2023-12-15 12:00:00,30487.43873643928
2023-12-15 13:00:00,29295.81156366277
2023-12-15 14:00:00,29921.302577929295
2023-12-15 15:00:00,31454.359658115653
2023-12-15 16:00:00,35658.85712199803
2023-12-15 17:00:00,43155.8854146723
2023-12-15 18:00:00,43978.70510648582
2023-12-15 19:00:00,41508.741075134756
2023-12-15 20:00:00,38382.10975151017
2023-12-15 21:00:00,36077.663866509974
2023-12-15 22:00:00,33499.79747603343
2023-12-15 23:00:00,32088.540442490284
2023-12-16 00:00:00,30705.25778946467
2023-12-16 01:00:00,29527.768128148644
2023-12-16 02:00:00,30016.488441004814
2023-12-16 03:00:00,31738.98549227441
2023-12-16 04:00:00,35936.2925167154
2023-12-16 05:00:00,43211.54954443042
2023-12-16 06:00:00,44001.568424405355
2023-12-16 07:00:00,41610.20013246224
2023-12-16 08:00:00,38461.82246564049
2023-12-16 09:00:00,36187.469488177325
2023-12-16 10:00:00,33570.50287105937
2023-12-16 11:00:00,32314.896990420733
2023-12-16 12:00:00,30899.895712506157
2023-12-16 13:00:00,29738.150052871828
2023-12-16 14:00:00,30248.485375401648
2023-12-16 15:00:00,31752.45729341772
2023-12-16 16:00:00,35945.7688789021
2023-12-16 17:00:00,43317.24202068331
2023-12-16 18:00:00,44135.435158469154
2023-12-16 19:00:00,41678.20074777748
2023-12-16 20:00:00,38463.95504670703
2023-12-16 21:00:00,36234.51066981132
2023-12-16 22:00:00,33547.38938019833
2023-12-16 23:00:00,32174.183245206823
2023-12-17 00:00:00,30584.256659360693
2023-12-17 01:00:00,29394.794960276846
2023-12-17 02:00:00,29908.725013944473
2023-12-17 03:00:00,31415.45717562837
2023-12-17 04:00:00,35526.3055308771
2023-12-17 05:00:00,42760.89420208666
2023-12-17 06:00:00,43624.29731238291
2023-12-17 07:00:00,41212.275339258566
2023-12-17 08:00:00,37980.07253481078
2023-12-17 09:00:00,35767.90012044407
2023-12-17 10:00:00,33064.3677564952
2023-12-17 11:00:00,31856.64826428487
2023-12-17 12:00:00,30334.37725395676
2023-12-17 13:00:00,29111.112706611773
2023-12-17 14:00:00,29686.290977403227
2023-12-17 15:00:00,31230.916786478254
2023-12-17 16:00:00,35538.44708536573
2023-12-17 17:00:00,43007.566541557426
2023-12-17 18:00:00,43966.96730597789
2023-12-17 19:00:00,41491.15888761059
2023-12-17 20:00:00,38428.67957261685
2023-12-17 21:00:00,36219.7428806084
2023-12-17 22:00:00,33669.35314262666
2023-12-17 23:00:00,32219.72914772932
2023-12-18 00:00:00,30887.2006950759
2023-12-18 01:00:00,29592.413532177306
2023-12-18 02:00:00,30083.81615793676
2023-12-18 03:00:00,31509.697709905508
2023-12-18 04:00:00,35698.72966548681
2023-12-18 05:00:00,42848.42839659885
2023-12-18 06:00:00,43672.36586735832
2023-12-18 07:00:00,41176.52821571496
2023-12-18 08:00:00,37634.90121576603
2023-12-18 09:00:00,35624.42311278902
2023-12-18 10:00:00,32989.20192260399
2023-12-18 11:00:00,31654.17849423401
2023-12-18 12:00:00,30229.751899920313
2023-12-18 13:00:00,29054.950594669426
2023-12-18 14:00:00,29470.035850023236
2023-12-18 15:00:00,31079.431274372782
2023-12-18 16:00:00,35356.742704631295
2023-12-18 17:00:00,42717.08197533053
2023-12-18 18:00:00,43489.13608494636
2023-12-18 19:00:00,41646.02201506077
2023-12-18 20:00:00,38265.64632551978
2023-12-18 21:00:00,35923.63750640243
2023-12-18 22:00:00,33281.403391629465
2023-12-18 23:00:00,32054.036500899045
2023-12-19 00:00:00,30758.227819795025
2023-12-19 01:00:00,29435.887340585097
2023-12-19 02:00:00,29970.987748764906
2023-12-19 03:00:00,31570.805500135186
2023-12-19 04:00:00,35885.83388430259
2023-12-19 05:00:00,43101.45563626569
2023-12-19 06:00:00,43903.735200989155
2023-12-19 07:00:00,41354.74599675701
2023-12-19 08:00:00,38105.86677259997
2023-12-19 09:00:00,35859.95034038196
2023-12-19 10:00:00,33152.438685418594
2023-12-19 11:00:00,31934.555492693544
2023-12-19 12:00:00,30459.02177374532
2023-12-19 13:00:00,29281.55920399145
2023-12-19 14:00:00,29688.0424479774
2023-12-19 15:00:00,31199.574342269592
2023-12-19 16:00:00,35440.39966406889
2023-12-19 17:00:00,42816.21512495913
2023-12-19 18:00:00,43692.645819394565
2023-12-19 19:00:00,41340.02273761317
2023-12-19 20:00:00,38154.35919282539
2023-12-19 21:00:00,35879.42004416751
2023-12-19 22:00:00,33271.59592231756
2023-12-19 23:00:00,32156.13002362384
2023-12-20 00:00:00,30724.080644505204
2023-12-20 01:00:00,29626.250054367763
2023-12-20 02:00:00,30383.457174925996
2023-12-20 03:00:00,32074.44100788381
2023-12-20 04:00:00,36403.247273280154
2023-12-20 05:00:00,43758.13742455418
2023-12-20 06:00:00,44284.81585721487
2023-12-20 07:00:00,41580.51590290525
2023-12-20 08:00:00,38334.73484220429
2023-12-20 09:00:00,36265.9473907315
2023-12-20 10:00:00,33671.911601165986
2023-12-20 11:00:00,32521.84856323331
2023-12-20 12:00:00,31080.533332365303
2023-12-20 13:00:00,30072.809382545205
2023-12-20 14:00:00,30595.78534105515
2023-12-20 15:00:00,32028.699731519784
2023-12-20 16:00:00,36309.34579440872
2023-12-20 17:00:00,43491.9931541917
2023-12-20 18:00:00,44257.73071126975
2023-12-20 19:00:00,41657.77223280553
2023-12-20 20:00:00,38560.76661169004
2023-12-20 21:00:00,36401.4720853936
2023-12-20 22:00:00,33797.78199195524
2023-12-20 23:00:00,32726.769864066013
2023-12-21 00:00:00,31441.525719008703
2023-12-21 01:00:00,30230.3716747062
2023-12-21 02:00:00,30724.575585542094
2023-12-21 03:00:00,32227.78475505597
2023-12-21 04:00:00,36415.99537142399
2023-12-21 05:00:00,43778.34411111849
2023-12-21 06:00:00,44667.59732778837
2023-12-21 07:00:00,41803.89034108108
2023-12-21 08:00:00,38488.416226265515
2023-12-21 09:00:00,36295.002069374226
2023-12-21 10:00:00,33800.342932601576
2023-12-21 11:00:00,32519.093834522755
2023-12-21 12:00:00,31027.66995652225
2023-12-21 13:00:00,29849.223172736274
2023-12-21 14:00:00,30297.437426133944
2023-12-21 15:00:00,31744.370359620658
2023-12-21 16:00:00,35889.834856734684
2023-12-21 17:00:00,43351.774418405694
2023-12-21 18:00:00,44069.762536502756
2023-12-21 19:00:00,41781.356674427116
2023-12-21 20:00:00,38820.24071637861
2023-12-21 21:00:00,36521.62772915336
2023-12-21 22:00:00,33769.678546530704
2023-12-21 23:00:00,32752.192582256976
2023-12-22 00:00:00,31282.553041565323
2023-12-22 01:00:00,30160.101408766343
2023-12-22 02:00:00,30723.20922376027
2023-12-22 03:00:00,32227.70546478636
2023-12-22 04:00:00,36419.918109407394
2023-12-22 05:00:00,43788.594650092746
2023-12-22 06:00:00,44688.09711213451
2023-12-22 07:00:00,42201.483829388286
2023-12-22 08:00:00,38811.51597018094
2023-12-22 09:00:00,36193.811671243144
2023-12-22 10:00:00,33556.31010269543
2023-12-22 11:00:00,32201.23941089691
2023-12-22 12:00:00,30693.44735048612
2023-12-22 13:00:00,29451.675526670795
2023-12-22 14:00:00,29916.730877829537
2023-12-22 15:00:00,31424.37568512044
2023-12-22 16:00:00,35629.89278890328
2023-12-22 17:00:00,42933.10769893638
2023-12-22 18:00:00,43800.78814964195
2023-12-22 19:00:00,41435.64823612457
2023-12-22 20:00:00,38346.8962691668
2023-12-22 21:00:00,36073.794809789244
2023-12-22 22:00:00,33432.11915918223
2023-12-22 23:00:00,32240.832467707784
2023-12-23 00:00:00,30597.23376717158
2023-12-23 01:00:00,29758.749834997667
2023-12-23 02:00:00,30255.8772782869
2023-12-23 03:00:00,31768.297317909244
2023-12-23 04:00:00,35962.05576555104
2023-12-23 05:00:00,43312.05361308719
2023-12-23 06:00:00,44196.33597736904
2023-12-23 07:00:00,41871.023218522336
2023-12-23 08:00:00,38732.07901527492
2023-12-23 09:00:00,36681.6569737502
2023-12-23 10:00:00,34197.15688572544
2023-12-23 11:00:00,32942.50013163563
2023-12-23 12:00:00,31457.689251886597
2023-12-23 13:00:00,30254.84568796698
2023-12-23 14:00:00,30760.205680542706
2023-12-23 15:00:00,32288.74141334867
2023-12-23 16:00:00,36545.75564294948
2023-12-23 17:00:00,43766.170997919035
2023-12-23 18:00:00,44817.39598864281
2023-12-23 19:00:00,42405.1417235893
2023-12-23 20:00:00,39210.61781438748
2023-12-23 21:00:00,36929.14425042371
2023-12-23 22:00:00,34258.73129800814
2023-12-23 23:00:00,32947.585896036864
2023-12-24 00:00:00,31485.960247086878
2023-12-24 01:00:00,30284.200274643517
2023-12-24 02:00:00,30836.070773542007
2023-12-24 03:00:00,32371.997287218976
2023-12-24 04:00:00,36542.21784670881
2023-12-24 05:00:00,43861.494041055565
2023-12-24 06:00:00,44749.9077047273
2023-12-24 07:00:00,42355.43401077101
2023-12-24 08:00:00,39140.59777087825
2023-12-24 09:00:00,36877.57786290126
2023-12-24 10:00:00,34230.584361794485
2023-12-24 11:00:00,32942.46230843585
2023-12-24 12:00:00,31456.762593823238
2023-12-24 13:00:00,30254.749397940086
2023-12-24 14:00:00,30758.08075594051
2023-12-24 15:00:00,32207.390386660943
2023-12-24 16:00:00,35990.295546523994
2023-12-24 17:00:00,43386.973898648954
2023-12-24 18:00:00,44244.944364968505
2023-12-24 19:00:00,41854.47507626188
2023-12-24 20:00:00,38667.414246868924
2023-12-24 21:00:00,36375.20230367121
2023-12-24 22:00:00,33696.17775904653
2023-12-24 23:00:00,32403.26503770505
2023-12-25 00:00:00,31065.03854116911
2023-12-25 01:00:00,29952.637097914587
2023-12-25 02:00:00,30472.88398727156
2023-12-25 03:00:00,32060.83452320991
2023-12-25 04:00:00,36405.88680141321
2023-12-25 05:00:00,43818.5739014961
2023-12-25 06:00:00,44688.22700872794
2023-12-25 07:00:00,42121.915511546315
2023-12-25 08:00:00,38513.75899688839
2023-12-25 09:00:00,36058.93585770498
2023-12-25 10:00:00,33443.06942110536
2023-12-25 11:00:00,32538.8524500354
2023-12-25 12:00:00,31295.657832674715
2023-12-25 13:00:00,29997.519262951548
2023-12-25 14:00:00,30321.646486395162
2023-12-25 15:00:00,31877.45745778559
2023-12-25 16:00:00,35785.235012211684
2023-12-25 17:00:00,43148.3272575279
2023-12-25 18:00:00,43985.35645195336
2023-12-25 19:00:00,41559.975657976596
2023-12-25 20:00:00,38408.07503163159
2023-12-25 21:00:00,36214.18509492555
2023-12-25 22:00:00,33502.35970088729
2023-12-25 23:00:00,32084.328399710455
2023-12-26 00:00:00,30777.928240042216
2023-12-26 01:00:00,29392.550135306006
2023-12-26 02:00:00,29799.494183214967
2023-12-26 03:00:00,31403.612505698315
2023-12-26 04:00:00,35639.18109292352
2023-12-26 05:00:00,42923.60836730235
2023-12-26 06:00:00,43667.81892126197
2023-12-26 07:00:00,41087.081392526496
2023-12-26 08:00:00,37810.16285236701
2023-12-26 09:00:00,35580.880799627506
2023-12-26 10:00:00,33018.74337295841
2023-12-26 11:00:00,31735.87837392489
2023-12-26 12:00:00,30263.810810105442
2023-12-26 13:00:00,29090.7310741666
2023-12-26 14:00:00,29566.03956876813
2023-12-26 15:00:00,30991.056615904556
2023-12-26 16:00:00,35256.007849515154
2023-12-26 17:00:00,42698.3532436703
2023-12-26 18:00:00,43644.72592673696
2023-12-26 19:00:00,41365.58342115294
2023-12-26 20:00:00,38317.96812372663
2023-12-26 21:00:00,36522.86147775848
2023-12-26 22:00:00,33980.57843510502
2023-12-26 23:00:00,32945.18458242136
2023-12-27 00:00:00,31447.110606943974
2023-12-27 01:00:00,30247.860261435104
2023-12-27 02:00:00,30755.524907869505
2023-12-27 03:00:00,32263.219453290098
2023-12-27 04:00:00,36452.8885241878
2023-12-27 05:00:00,43838.18526024485
2023-12-27 06:00:00,44725.21202472554
2023-12-27 07:00:00,42082.945382394886
2023-12-27 08:00:00,38532.74915591221
2023-12-27 09:00:00,36258.79447628151
2023-12-27 10:00:00,33762.22346434344
2023-12-27 11:00:00,32684.25874905693
2023-12-27 12:00:00,31306.54593728655
2023-12-27 13:00:00,30158.959876997716
2023-12-27 14:00:00,30505.610141997066
2023-12-27 15:00:00,31949.047225225142
2023-12-27 16:00:00,35889.17893434302
2023-12-27 17:00:00,43232.59450454594
2023-12-27 18:00:00,44099.27679160008
2023-12-27 19:00:00,41772.28168820426
2023-12-27 20:00:00,38607.329849251495
2023-12-27 21:00:00,36452.67238873099
2023-12-27 22:00:00,33830.18937736309
2023-12-27 23:00:00,32913.246972037705
2023-12-28 00:00:00,31447.39165633247
2023-12-28 01:00:00,30237.333932093657
2023-12-28 02:00:00,30738.001863688256
2023-12-28 03:00:00,32257.66143935754
2023-12-28 04:00:00,36468.13913995896
2023-12-28 05:00:00,43847.64441991122
2023-12-28 06:00:00,44731.975530656004
2023-12-28 07:00:00,42344.06609039742
2023-12-28 08:00:00,38952.44821584248
2023-12-28 09:00:00,36673.46055055573
2023-12-28 10:00:00,33992.32882232603
2023-12-28 11:00:00,32749.82636855075
2023-12-28 12:00:00,31294.986755973303
2023-12-28 13:00:00,30086.619050753245
2023-12-28 14:00:00,30545.19237860572
2023-12-28 15:00:00,32037.290502170035
2023-12-28 16:00:00,35890.62604173544
2023-12-28 17:00:00,43403.07657916329
2023-12-28 18:00:00,44284.64946220194
2023-12-28 19:00:00,41910.59456644808
2023-12-28 20:00:00,38712.97398853792
2023-12-28 21:00:00,36464.846959084694
2023-12-28 22:00:00,33843.9091649862
2023-12-28 23:00:00,32632.717427796517
2023-12-29 00:00:00,30922.721617702966
2023-12-29 01:00:00,29913.994258811417
2023-12-29 02:00:00,30442.40091737909
2023-12-29 03:00:00,31951.50790864802
2023-12-29 04:00:00,36164.6257816681
2023-12-29 05:00:00,43580.44203321613
2023-12-29 06:00:00,44323.57648943507
2023-12-29 07:00:00,41701.95534862465
2023-12-29 08:00:00,38689.05175676412
2023-12-29 09:00:00,36310.91082650934
2023-12-29 10:00:00,33603.37338808123
2023-12-29 11:00:00,32303.399051767767
2023-12-29 12:00:00,30867.67234602085
2023-12-29 13:00:00,29713.331823706034
2023-12-29 14:00:00,30074.200357287984
2023-12-29 15:00:00,31369.249319095274
2023-12-29 16:00:00,35402.41669168664
2023-12-29 17:00:00,42681.6619360584
2023-12-29 18:00:00,43538.87975882208
2023-12-29 19:00:00,41256.23390057272
2023-12-29 20:00:00,38194.08580677003
2023-12-29 21:00:00,35986.6214838996
2023-12-29 22:00:00,33295.405865691035
2023-12-29 23:00:00,32246.80443961925
2023-12-30 00:00:00,30722.77401218553
2023-12-30 01:00:00,29579.59722451895
2023-12-30 02:00:00,30075.108734051155
2023-12-30 03:00:00,31599.92211581038
2023-12-30 04:00:00,35861.567337703586
2023-12-30 05:00:00,43239.26128630166
2023-12-30 06:00:00,44392.187232604345
2023-12-30 07:00:00,41751.390647908964
2023-12-30 08:00:00,38691.631716389296
2023-12-30 09:00:00,36315.834127680275
2023-12-30 10:00:00,33751.16425107623
2023-12-30 11:00:00,32509.712003084183
2023-12-30 12:00:00,31135.662914239518
2023-12-30 13:00:00,29990.44420203214
2023-12-30 14:00:00,30510.101479257173
2023-12-30 15:00:00,32034.1494811343
2023-12-30 16:00:00,36076.36737666654
2023-12-30 17:00:00,43162.936306365984
2023-12-30 18:00:00,44099.92765662603
2023-12-30 19:00:00,41761.79886867501
2023-12-30 20:00:00,38630.37201555309
2023-12-30 21:00:00,36438.3213370464
2023-12-30 22:00:00,33788.597975382116
2023-12-30 23:00:00,32510.998591857006
2023-12-31 00:00:00,31173.805993824586
2023-12-31 01:00:00,29783.04448922886
2023-12-31 02:00:00,30305.143662517272
2023-12-31 03:00:00,32180.40061684151
2023-12-31 04:00:00,36463.87546124039
2023-12-31 05:00:00,43861.2923000289
2023-12-31 06:00:00,44744.89161441796
2023-12-31 07:00:00,42353.82636615585
2023-12-31 08:00:00,39158.299279714105
2023-12-31 09:00:00,36889.654894894884
2023-12-31 10:00:00,33570.12090739327
2023-12-31 11:00:00,32240.76601004242
2023-12-31 12:00:00,30759.503248147397
2023-12-31 13:00:00,29533.523462305227
2023-12-31 14:00:00,30004.48427267743
2023-12-31 15:00:00,31457.292455021707
2023-12-31 16:00:00,35565.718189713814
2023-12-31 17:00:00,42915.565519529824
2023-12-31 18:00:00,43825.4738338251
2023-12-31 19:00:00,41409.89244302306
2023-12-31 20:00:00,38223.288376270255
2023-12-31 21:00:00,36027.803971020614
2023-12-31 22:00:00,33481.14700002323
2023-12-31 23:00:00,32370.617265508492
2024-01-01 00:00:00,30954.258575991942
2024-01-01 01:00:00,29914.03265992214
2024-01-01 02:00:00,30235.221974764634
2024-01-01 03:00:00,31951.3296627838
2024-01-01 04:00:00,36287.20137638029
2024-01-01 05:00:00,43643.02277896147
2024-01-01 06:00:00,43977.759309423374
2024-01-01 07:00:00,41416.421795638875
2024-01-01 08:00:00,38098.28059323248
2024-01-01 09:00:00,35845.668874575815
2024-01-01 10:00:00,33123.895245820306
2024-01-01 11:00:00,31755.374615439057
2024-01-01 12:00:00,30191.153893809562
2024-01-01 13:00:00,28973.99473923257
2024-01-01 14:00:00,29470.311099204464
2024-01-01 15:00:00,30981.609864590162
2024-01-01 16:00:00,35207.4437369717
2024-01-01 17:00:00,42653.42558529008
2024-01-01 18:00:00,43608.460057076074
2024-01-01 19:00:00,41376.960784105926
2024-01-01 20:00:00,38268.012936415325
2024-01-01 21:00:00,36156.5525951388
2024-01-01 22:00:00,33604.24709517822
2024-01-01 23:00:00,32592.687602944505
2024-01-02 00:00:00,31432.2327029766
2024-01-02 01:00:00,30239.120999466675
2024-01-02 02:00:00,30737.507720985395
2024-01-02 03:00:00,32249.939305917884
2024-01-02 04:00:00,36468.98196123406
2024-01-02 05:00:00,43869.864696741075
2024-01-02 06:00:00,44733.425966901596
2024-01-02 07:00:00,41701.414940285
2024-01-02 08:00:00,38197.62842731711
2024-01-02 09:00:00,35913.273638431565
2024-01-02 10:00:00,33318.06694543274
2024-01-02 11:00:00,32056.869643731094
2024-01-02 12:00:00,30487.636100166303
2024-01-02 13:00:00,29296.969478068033
2024-01-02 14:00:00,29766.76550461194
2024-01-02 15:00:00,31187.040243402535
2024-01-02 16:00:00,35332.06723072818
2024-01-02 17:00:00,42627.17845531629
2024-01-02 18:00:00,43475.571580908756
2024-01-02 19:00:00,41118.79532150134
2024-01-02 20:00:00,38005.983584239955
2024-01-02 21:00:00,35823.78496306787
2024-01-02 22:00:00,33199.53695126248
2024-01-02 23:00:00,32005.622181220555
2024-01-03 00:00:00,30522.61089667037
2024-01-03 01:00:00,29423.350399867868
2024-01-03 02:00:00,30091.220040509157
2024-01-03 03:00:00,31838.79496548128
2024-01-03 04:00:00,35905.376685996554
2024-01-03 05:00:00,42940.55567221348
2024-01-03 06:00:00,43579.15168875076
2024-01-03 07:00:00,40984.41909856717
2024-01-03 08:00:00,37683.32920280602
2024-01-03 09:00:00,35370.60739903079
2024-01-03 10:00:00,32758.498566023285
2024-01-03 11:00:00,31488.28453037322
2024-01-03 12:00:00,30058.48930430712
2024-01-03 13:00:00,28857.945357457193
2024-01-03 14:00:00,29260.446785421158
2024-01-03 15:00:00,30677.154253557026
2024-01-03 16:00:00,34809.54965817909
2024-01-03 17:00:00,41798.91108100259
2024-01-03 18:00:00,42474.69118558965
2024-01-03 19:00:00,40373.18370862177
2024-01-03 20:00:00,37513.32507168619
2024-01-03 21:00:00,35295.26641178687
2024-01-03 22:00:00,32715.765651075806
2024-01-03 23:00:00,31508.576355288234
2024-01-04 00:00:00,30057.188532820786
2024-01-04 01:00:00,28937.58936693478
2024-01-04 02:00:00,29493.04111179347
2024-01-04 03:00:00,31067.68859701141
2024-01-04 04:00:00,35275.86960784511
2024-01-04 05:00:00,42648.064560623185
2024-01-04 06:00:00,43446.67387065061
2024-01-04 07:00:00,40953.81728644646
2024-01-04 08:00:00,37715.05446139201
2024-01-04 09:00:00,35359.44838166387
2024-01-04 10:00:00,32683.20333888838
2024-01-04 11:00:00,31355.654962414
2024-01-04 12:00:00,29961.992961417774
2024-01-04 13:00:00,28767.114873541086
2024-01-04 14:00:00,29190.160978920285
2024-01-04 15:00:00,30652.869996505076
2024-01-04 16:00:00,34851.835628598295
2024-01-04 17:00:00,42213.24509686446
2024-01-04 18:00:00,43057.263557339706
2024-01-04 19:00:00,40711.6815958699
2024-01-04 20:00:00,37568.5470726748
2024-01-04 21:00:00,35388.369735316584
2024-01-04 22:00:00,32714.142490933955
2024-01-04 23:00:00,31541.173886530418
2024-01-05 00:00:00,30119.369035688833
2024-01-05 01:00:00,28942.984263658793
2024-01-05 02:00:00,29507.810329487398
2024-01-05 03:00:00,31071.827974251453
2024-01-05 04:00:00,35294.72624567307
2024-01-05 05:00:00,42674.71321089964
2024-01-05 06:00:00,43544.63651130997
2024-01-05 07:00:00,41046.068446014324
2024-01-05 08:00:00,37735.09307592915
2024-01-05 09:00:00,35403.943754410495
2024-01-05 10:00:00,32667.15508147673
2024-01-05 11:00:00,31319.997964919854
2024-01-05 12:00:00,29849.924264305384
2024-01-05 13:00:00,28707.28514039151
2024-01-05 14:00:00,29252.15859345934
2024-01-05 15:00:00,30732.302789493082
2024-01-05 16:00:00,34900.4253679633
2024-01-05 17:00:00,42253.62572104693
2024-01-05 18:00:00,43129.47111794935
2024-01-05 19:00:00,40785.52019568237
2024-01-05 20:00:00,37694.69509304144
2024-01-05 21:00:00,35487.79152913746
2024-01-05 22:00:00,32845.943702246244
2024-01-05 23:00:00,31650.670701440624
2024-01-06 00:00:00,30056.47251342686
2024-01-06 01:00:00,28906.754300918576
2024-01-06 02:00:00,29495.471699058206
2024-01-06 03:00:00,31035.922014502237
2024-01-06 04:00:00,35291.37063740942
2024-01-06 05:00:00,42690.80760761795
2024-01-06 06:00:00,43546.26581481217
2024-01-06 07:00:00,41101.582514610425
2024-01-06 08:00:00,37842.989421142054
2024-01-06 09:00:00,35521.079815667305
2024-01-06 10:00:00,32831.685945071484
2024-01-06 11:00:00,31499.715206052257
2024-01-06 12:00:00,29973.63460310285
2024-01-06 13:00:00,28831.485654729335
2024-01-06 14:00:00,29373.334645336152
2024-01-06 15:00:00,30846.030637333864
2024-01-06 16:00:00,35002.66265374803
2024-01-06 17:00:00,42297.95469728534
2024-01-06 18:00:00,43110.945306311216
2024-01-06 19:00:00,40715.64710726202
2024-01-06 20:00:00,37559.97608992796
2024-01-06 21:00:00,35401.19907549069
2024-01-06 22:00:00,32774.09073650795
2024-01-06 23:00:00,31588.68397483147
2024-01-07 00:00:00,30042.567986347956
2024-01-07 01:00:00,28876.978489497174
2024-01-07 02:00:00,29416.648555986954
2024-01-07 03:00:00,30974.702055165086
2024-01-07 04:00:00,35209.74112494107
2024-01-07 05:00:00,42558.998382426704
2024-01-07 06:00:00,43238.43788266008
2024-01-07 07:00:00,40568.0708082951
2024-01-07 08:00:00,37207.90508438241
2024-01-07 09:00:00,34991.217384281925
2024-01-07 10:00:00,32452.730324638633
2024-01-07 11:00:00,31278.469929681905
2024-01-07 12:00:00,29908.764475913067
2024-01-07 13:00:00,28725.894537258726
2024-01-07 14:00:00,29093.134602271326
2024-01-07 15:00:00,30522.32837059962
2024-01-07 16:00:00,34509.21164341093
2024-01-07 17:00:00,41852.47793899305
2024-01-07 18:00:00,42702.02038648583
2024-01-07 19:00:00,40414.11748888667
2024-01-07 20:00:00,37337.36472358411
2024-01-07 21:00:00,35246.61900360817
2024-01-07 22:00:00,32631.272530277438
2024-01-07 23:00:00,31465.244171521805
2024-01-08 00:00:00,30023.9642123058
2024-01-08 01:00:00,28832.928434404832
2024-01-08 02:00:00,29365.26348507394
2024-01-08 03:00:00,30893.70442666305
2024-01-08 04:00:00,35093.82981230279
2024-01-08 05:00:00,42445.028162120514
2024-01-08 06:00:00,43010.09515413227
2024-01-08 07:00:00,40359.12029101892
2024-01-08 08:00:00,37012.03914767073
2024-01-08 09:00:00,34941.537911189094
2024-01-08 10:00:00,32410.732306723887
2024-01-08 11:00:00,31233.132345677288
2024-01-08 12:00:00,29831.895264002233
2024-01-08 13:00:00,28615.450051689106
2024-01-08 14:00:00,28953.902351074787
2024-01-08 15:00:00,30336.520177210714
2024-01-08 16:00:00,34442.277593359686
2024-01-08 17:00:00,41709.029329918485
2024-01-08 18:00:00,42573.706226842
2024-01-08 19:00:00,40278.15073317832
2024-01-08 20:00:00,37238.60956173549
2024-01-08 21:00:00,35102.502962471
2024-01-08 22:00:00,32530.292338072308
2024-01-08 23:00:00,31374.26981608174
2024-01-09 00:00:00,30006.344196669874
2024-01-09 01:00:00,28838.209324656385
2024-01-09 02:00:00,29338.13202356597
2024-01-09 03:00:00,30863.260032969494
2024-01-09 04:00:00,35086.33901681624
2024-01-09 05:00:00,42451.55532536939
2024-01-09 06:00:00,43006.458816515136
2024-01-09 07:00:00,40324.78750450661
2024-01-09 08:00:00,36883.540858145294
2024-01-09 09:00:00,34789.4515821207
2024-01-09 10:00:00,32324.837359944697
2024-01-09 11:00:00,31179.59519135836
2024-01-09 12:00:00,29800.166146610707
2024-01-09 13:00:00,28538.337509154208
2024-01-09 14:00:00,28921.545353526173
2024-01-09 15:00:00,30265.484035012196
2024-01-09 16:00:00,34331.90757914839
2024-01-09 17:00:00,41611.44206616395
2024-01-09 18:00:00,42537.282404790276
2024-01-09 19:00:00,40250.14166302038
2024-01-09 20:00:00,37242.47379575507
2024-01-09 21:00:00,35133.697038981576
2024-01-09 22:00:00,32557.975485027404
2024-01-09 23:00:00,31474.930192104293
2024-01-10 00:00:00,29966.636076688494
2024-01-10 01:00:00,28808.81474517471
2024-01-10 02:00:00,29329.987585830677
2024-01-10 03:00:00,30923.773812847507
2024-01-10 04:00:00,35157.89721348555
2024-01-10 05:00:00,42448.575270050744
2024-01-10 06:00:00,43118.12030166581
2024-01-10 07:00:00,40478.17949607427
2024-01-10 08:00:00,36888.6868100486
2024-01-10 09:00:00,34809.77977473864
2024-01-10 10:00:00,32404.4619568105
2024-01-10 11:00:00,31222.44656086016
2024-01-10 12:00:00,29845.778567782265
2024-01-10 13:00:00,28644.96340666615
2024-01-10 14:00:00,29033.294320894234
2024-01-10 15:00:00,30359.3510198254
2024-01-10 16:00:00,34286.819537741496
2024-01-10 17:00:00,41507.52234153022
2024-01-10 18:00:00,42589.26431302624
2024-01-10 19:00:00,40246.615102905154
2024-01-10 20:00:00,37276.0671741042
2024-01-10 21:00:00,35174.73858282323
2024-01-10 22:00:00,32630.3109730458
2024-01-10 23:00:00,31372.662344246153
2024-01-11 00:00:00,29978.418895832358
2024-01-11 01:00:00,28815.18049803257
2024-01-11 02:00:00,29363.277341204073
2024-01-11 03:00:00,30888.064025045496
2024-01-11 04:00:00,35120.54821016759
2024-01-11 05:00:00,42533.40797743908
2024-01-11 06:00:00,43327.20313562401
2024-01-11 07:00:00,40458.20221302889
2024-01-11 08:00:00,36893.77163416098
2024-01-11 09:00:00,34716.67256163497
2024-01-11 10:00:00,32269.705252874344
2024-01-11 11:00:00,31089.255318857013
2024-01-11 12:00:00,29722.95105714562
2024-01-11 13:00:00,28578.97295475162
2024-01-11 14:00:00,29056.507720638638
2024-01-11 15:00:00,30487.80982119292
2024-01-11 16:00:00,34566.55321354922
2024-01-11 17:00:00,41871.291381543786
2024-01-11 18:00:00,42761.03916682316
2024-01-11 19:00:00,40453.687623572994
2024-01-11 20:00:00,37449.52325678399
2024-01-11 21:00:00,35424.99721354292
2024-01-11 22:00:00,32872.5069003913
2024-01-11 23:00:00,31611.00612535086
2024-01-12 00:00:00,30269.149907663577
2024-01-12 01:00:00,29031.6138972825
2024-01-12 02:00:00,29550.658247514813
2024-01-12 03:00:00,31102.990131444927
2024-01-12 04:00:00,35317.297071584915
2024-01-12 05:00:00,42785.980070510435
2024-01-12 06:00:00,43717.598234024044
2024-01-12 07:00:00,41261.88402208997
2024-01-12 08:00:00,38084.22339889496
2024-01-12 09:00:00,35714.053213431434
2024-01-12 10:00:00,33078.342876177216
2024-01-12 11:00:00,31796.776214486294
2024-01-12 12:00:00,30321.687368918192
2024-01-12 13:00:00,29216.121474983112
2024-01-12 14:00:00,29648.635286328616
2024-01-12 15:00:00,31156.729160098927
2024-01-12 16:00:00,35361.538532754734
2024-01-12 17:00:00,42731.271231295344
2024-01-12 18:00:00,43571.45721335949
2024-01-12 19:00:00,41191.209025275806
2024-01-12 20:00:00,37999.96458411251
2024-01-12 21:00:00,35760.538419018296
2024-01-12 22:00:00,33207.405472396604
2024-01-12 23:00:00,31923.623624718246
2024-01-13 00:00:00,30415.51289249244
2024-01-13 01:00:00,29237.708341899503
2024-01-13 02:00:00,29724.180793275427
2024-01-13 03:00:00,31222.329938978597
2024-01-13 04:00:00,35440.56993406579
2024-01-13 05:00:00,42844.554056962115
2024-01-13 06:00:00,43684.2781140606
2024-01-13 07:00:00,41211.57684501853
2024-01-13 08:00:00,37929.729379934644
2024-01-13 09:00:00,35587.71325235757
2024-01-13 10:00:00,32939.20908625388
2024-01-13 11:00:00,31621.099983662076
2024-01-13 12:00:00,30152.689368049996
2024-01-13 13:00:00,28999.66937654284
2024-01-13 14:00:00,29466.55795111411
2024-01-13 15:00:00,30934.53381699792
2024-01-13 16:00:00,35104.381148752764
2024-01-13 17:00:00,42444.44537528179
2024-01-13 18:00:00,43265.73980726093
2024-01-13 19:00:00,41005.46126215226
2024-01-13 20:00:00,37902.36966244892
2024-01-13 21:00:00,35636.06213150753
2024-01-13 22:00:00,33027.79716321441
2024-01-13 23:00:00,31858.35621814357
2024-01-14 00:00:00,30352.865218007664
2024-01-14 01:00:00,29191.132895500054
2024-01-14 02:00:00,29708.06667209948
2024-01-14 03:00:00,31254.5878422958
2024-01-14 04:00:00,35483.97799379775
2024-01-14 05:00:00,42780.48808214657
2024-01-14 06:00:00,43480.92684820194
2024-01-14 07:00:00,41015.222475883
2024-01-14 08:00:00,37565.363438415894
2024-01-14 09:00:00,35278.36069095814
2024-01-14 10:00:00,32708.9583250717
2024-01-14 11:00:00,31484.954425867705
2024-01-14 12:00:00,30096.50612396298
2024-01-14 13:00:00,28916.899713261315
2024-01-14 14:00:00,29379.828919617037
2024-01-14 15:00:00,30819.02224375349
2024-01-14 16:00:00,34888.4850842896
2024-01-14 17:00:00,42164.60589933836
2024-01-14 18:00:00,42926.22958831901
2024-01-14 19:00:00,40594.09506895485
2024-01-14 20:00:00,37512.35022398639
2024-01-14 21:00:00,35403.69014973667
2024-01-14 22:00:00,32799.60899140033
2024-01-14 23:00:00,31547.20170990346
2024-01-15 00:00:00,30133.66419460955
2024-01-15 01:00:00,28925.913238759473
2024-01-15 02:00:00,29447.259054826973
2024-01-15 03:00:00,30992.4781961687
2024-01-15 04:00:00,35233.148881892026
2024-01-15 05:00:00,42551.985501792486
2024-01-15 06:00:00,43253.40836996703
2024-01-15 07:00:00,40515.413360963226
2024-01-15 08:00:00,36743.20262118998
2024-01-15 09:00:00,34469.32924981145
2024-01-15 10:00:00,31988.909435099988
2024-01-15 11:00:00,31053.78002294099
2024-01-15 12:00:00,29779.760787057792
2024-01-15 13:00:00,28709.106404068083
2024-01-15 14:00:00,29193.496528337222
2024-01-15 15:00:00,30481.96361287643
2024-01-15 16:00:00,34702.04618406653
2024-01-15 17:00:00,41854.74570559591
2024-01-15 18:00:00,42735.22483112486
2024-01-15 19:00:00,40575.393871432636
2024-01-15 20:00:00,37635.65954064432
2024-01-15 21:00:00,35512.2381806105
2024-01-15 22:00:00,32919.78706318728
2024-01-15 23:00:00,31688.38033520135
2024-01-16 00:00:00,30353.624792989212
2024-01-16 01:00:00,29153.36875907396
2024-01-16 02:00:00,29667.32513465464
2024-01-16 03:00:00,31197.632109552505
2024-01-16 04:00:00,35431.74051511287
2024-01-16 05:00:00,42846.305755960224
2024-01-16 06:00:00,43693.16474540451
2024-01-16 07:00:00,41090.03307419628
2024-01-16 08:00:00,37619.497917014414
2024-01-16 09:00:00,35237.17583490935
2024-01-16 10:00:00,32514.661889843104
2024-01-16 11:00:00,31203.529520172786
2024-01-16 12:00:00,29548.874089438872
2024-01-16 13:00:00,28276.991710750044
2024-01-16 14:00:00,28777.18737580001
2024-01-16 15:00:00,30235.83913715763
2024-01-16 16:00:00,34423.8375771976
2024-01-16 17:00:00,41653.74790381601
2024-01-16 18:00:00,42794.6813302289
2024-01-16 19:00:00,40534.427891118554
2024-01-16 20:00:00,37403.974919203756
2024-01-16 21:00:00,35271.4416597942
2024-01-16 22:00:00,32721.81348998684
2024-01-16 23:00:00,31583.671536468722
2024-01-17 00:00:00,30135.732804011663
2024-01-17 01:00:00,28994.07852605138
2024-01-17 02:00:00,29524.906864949367
2024-01-17 03:00:00,31047.250352827567
2024-01-17 04:00:00,35234.81660505924
2024-01-17 05:00:00,42593.85764653849
2024-01-17 06:00:00,43300.69275369376
2024-01-17 07:00:00,40568.48328195191
2024-01-17 08:00:00,37136.29096134254
2024-01-17 09:00:00,34925.11728456053
2024-01-17 10:00:00,32450.107883199064
2024-01-17 11:00:00,31198.705714618187
2024-01-17 12:00:00,29939.405190942893
2024-01-17 13:00:00,28827.900603552793
2024-01-17 14:00:00,29347.93938452633
2024-01-17 15:00:00,30740.158411158718
2024-01-17 16:00:00,34892.70223389391
2024-01-17 17:00:00,42232.17394297726
2024-01-17 18:00:00,43122.54686056528
2024-01-17 19:00:00,40853.24289337216
2024-01-17 20:00:00,37772.72168878869
2024-01-17 21:00:00,35593.877233801024
2024-01-17 22:00:00,32994.074502027775
2024-01-17 23:00:00,31791.209350860157
2024-01-18 00:00:00,30345.03364606203
2024-01-18 01:00:00,29186.121715497433
2024-01-18 02:00:00,29706.950041332755
2024-01-18 03:00:00,31244.131582487287
2024-01-18 04:00:00,35465.98718287239
2024-01-18 05:00:00,42839.96474321628
2024-01-18 06:00:00,43552.41571350917
2024-01-18 07:00:00,40986.66252363008
2024-01-18 08:00:00,37489.841346645226
2024-01-18 09:00:00,35238.004003007685
2024-01-18 10:00:00,32705.11691782479
2024-01-18 11:00:00,31548.04361535126
2024-01-18 12:00:00,30209.892378563498
2024-01-18 13:00:00,29058.702345172507
2024-01-18 14:00:00,29529.3905698276
2024-01-18 15:00:00,31011.754824122483
2024-01-18 16:00:00,35132.14957129571
2024-01-18 17:00:00,42410.599673234785
2024-01-18 18:00:00,43367.991287039324
2024-01-18 19:00:00,41130.48502162974
2024-01-18 20:00:00,37982.3292866052
2024-01-18 21:00:00,35755.6686952691
2024-01-18 22:00:00,33136.2356165332
2024-01-18 23:00:00,31897.73842995674
2024-01-19 00:00:00,30383.883238717026
2024-01-19 01:00:00,29216.77383499375
2024-01-19 02:00:00,29715.324701205842
2024-01-19 03:00:00,31259.570875914007
2024-01-19 04:00:00,35490.29282965914
2024-01-19 05:00:00,42907.16787637358
2024-01-19 06:00:00,43765.73308845435
2024-01-19 07:00:00,41291.562666506725
2024-01-19 08:00:00,37963.00057500375
2024-01-19 09:00:00,35641.687837363614
2024-01-19 10:00:00,33082.83177111408
2024-01-19 11:00:00,31800.165824551295
2024-01-19 12:00:00,30356.995999624865
2024-01-19 13:00:00,29132.512405809357
2024-01-19 14:00:00,29558.68927719186
2024-01-19 15:00:00,30984.681501577124
2024-01-19 16:00:00,35081.32589685056
2024-01-19 17:00:00,42388.239033906844
2024-01-19 18:00:00,43176.194811121
2024-01-19 19:00:00,40900.48210358735
2024-01-19 20:00:00,37885.00997754038
2024-01-19 21:00:00,35718.75645647316
2024-01-19 22:00:00,33107.33254997657
2024-01-19 23:00:00,31861.493005570414
2024-01-20 00:00:00,30485.72350091837
2024-01-20 01:00:00,29312.16921138194
2024-01-20 02:00:00,29851.022953761603
2024-01-20 03:00:00,31436.45690677011
2024-01-20 04:00:00,35706.442663438844
2024-01-20 05:00:00,43139.14224558174
2024-01-20 06:00:00,44042.15915843547
2024-01-20 07:00:00,41662.82737823085
2024-01-20 08:00:00,38342.561798240284
2024-01-20 09:00:00,36022.47507426922
2024-01-20 10:00:00,33499.11475003573
2024-01-20 11:00:00,32157.48213654938
2024-01-20 12:00:00,30829.902923214064
2024-01-20 13:00:00,29635.15584060805
2024-01-20 14:00:00,30028.946586338843
2024-01-20 15:00:00,31470.6573384698
2024-01-20 16:00:00,35694.80983496486
2024-01-20 17:00:00,43006.427229050634
2024-01-20 18:00:00,43796.8274035538
2024-01-20 19:00:00,41432.55323710286
2024-01-20 20:00:00,38345.567631092665
2024-01-20 21:00:00,36056.97285001288
2024-01-20 22:00:00,33431.06206052877
2024-01-20 23:00:00,32306.616741123453
2024-01-21 00:00:00,30858.407587967555
2024-01-21 01:00:00,29883.35194265625
2024-01-21 02:00:00,30441.969541164286
2024-01-21 03:00:00,32178.201593462345
2024-01-21 04:00:00,36409.62003082063
2024-01-21 05:00:00,43583.84094901521
2024-01-21 06:00:00,44124.07902879516
2024-01-21 07:00:00,41396.12409138067
2024-01-21 08:00:00,38098.259117685884
2024-01-21 09:00:00,35970.56015669476
2024-01-21 10:00:00,33248.67683680436
2024-01-21 11:00:00,31964.557004930408
2024-01-21 12:00:00,30531.622880254108
2024-01-21 13:00:00,29327.278705373705
2024-01-21 14:00:00,29803.531049030375
2024-01-21 15:00:00,31297.573052911026
2024-01-21 16:00:00,35530.05338821993
2024-01-21 17:00:00,42921.60682386044
2024-01-21 18:00:00,43803.083470636455
2024-01-21 19:00:00,41409.77393927026
2024-01-21 20:00:00,38214.31525204735
2024-01-21 21:00:00,35983.381686709836
2024-01-21 22:00:00,33342.02212053994
2024-01-21 23:00:00,32138.093139961104
2024-01-22 00:00:00,31188.88821239213
2024-01-22 01:00:00,30079.763518782438
2024-01-22 02:00:00,30591.677136095514
2024-01-22 03:00:00,32192.454790449214
2024-01-22 04:00:00,36326.58169504783
2024-01-22 05:00:00,43273.524563435836
2024-01-22 06:00:00,43825.59033404751
2024-01-22 07:00:00,41389.05013312714
2024-01-22 08:00:00,38172.59894847372
2024-01-22 09:00:00,35913.663856391584
2024-01-22 10:00:00,33274.37022497023
2024-01-22 11:00:00,31983.365585248896
2024-01-22 12:00:00,30495.737796325102
2024-01-22 13:00:00,29283.425962773457
2024-01-22 14:00:00,29744.125312374443
2024-01-22 15:00:00,31248.458253645116
2024-01-22 16:00:00,35427.83186885111
2024-01-22 17:00:00,42814.1233156018
2024-01-22 18:00:00,43709.65685424868
2024-01-22 19:00:00,41355.99120946843
2024-01-22 20:00:00,38200.248666332554
2024-01-22 21:00:00,36035.991516317896
2024-01-22 22:00:00,33512.30180570778
2024-01-22 23:00:00,32406.91756289764
2024-01-23 00:00:00,31402.09147619928
2024-01-23 01:00:00,30243.662373528277
2024-01-23 02:00:00,30743.305627069127
2024-01-23 03:00:00,32260.210996147503
2024-01-23 04:00:00,36492.561587005934
2024-01-23 05:00:00,43911.507343303216
2024-01-23 06:00:00,44541.382012012924
2024-01-23 07:00:00,41694.08632082543
2024-01-23 08:00:00,38364.214376614094
2024-01-23 09:00:00,36101.015702280776
2024-01-23 10:00:00,33434.157503183786
2024-01-23 11:00:00,32123.523863832943
2024-01-23 12:00:00,30816.31778921062
2024-01-23 13:00:00,29655.2417325935
2024-01-23 14:00:00,30016.79391883838
2024-01-23 15:00:00,31455.56959046435
2024-01-23 16:00:00,35678.0949469326
2024-01-23 17:00:00,43044.09752081243
2024-01-23 18:00:00,43927.00112080785
2024-01-23 19:00:00,41570.111561352576
2024-01-23 20:00:00,38495.77900559669
2024-01-23 21:00:00,36257.49933633366
2024-01-23 22:00:00,33566.486026426785
2024-01-23 23:00:00,32321.75323324824
2024-01-24 00:00:00,30734.4596948998
2024-01-24 01:00:00,29514.64490920532
2024-01-24 02:00:00,30042.588536561005
2024-01-24 03:00:00,31533.86171555645
2024-01-24 04:00:00,35745.213848989086
2024-01-24 05:00:00,43062.176749693
2024-01-24 06:00:00,43842.15049394903
2024-01-24 07:00:00,41306.94942558529
2024-01-24 08:00:00,37734.63630665014
2024-01-24 09:00:00,35523.7774219189
2024-01-24 10:00:00,32928.96102069594
2024-01-24 11:00:00,31712.226594903106
2024-01-24 12:00:00,30269.297261536383
2024-01-24 13:00:00,29015.708208502845
2024-01-24 14:00:00,29370.949908264745
2024-01-24 15:00:00,30774.40352531451
2024-01-24 16:00:00,34859.95921338325
2024-01-24 17:00:00,41925.15195957314
2024-01-24 18:00:00,42920.5581730021
2024-01-24 19:00:00,40782.46335720954
2024-01-24 20:00:00,37705.114170251254
2024-01-24 21:00:00,35509.23490894635
2024-01-24 22:00:00,32945.203985224376
2024-01-24 23:00:00,31729.480803972616
2024-01-25 00:00:00,30436.16738246403
2024-01-25 01:00:00,29241.575206295944
2024-01-25 02:00:00,29797.83892742989
2024-01-25 03:00:00,31374.545753547005
2024-01-25 04:00:00,35722.9894956218
2024-01-25 05:00:00,43090.78712440343
2024-01-25 06:00:00,43871.13578256883
2024-01-25 07:00:00,41357.137733978845
2024-01-25 08:00:00,38124.355237379124
2024-01-25 09:00:00,35870.90297969068
2024-01-25 10:00:00,33254.69219705195
2024-01-25 11:00:00,31995.029165834065
2024-01-25 12:00:00,30606.86295971125
2024-01-25 13:00:00,29493.120180931972
2024-01-25 14:00:00,29948.26741576929
2024-01-25 15:00:00,31452.89145450252
2024-01-25 16:00:00,35646.29782738382
2024-01-25 17:00:00,42992.18849396773
2024-01-25 18:00:00,43894.72662006997
2024-01-25 19:00:00,41498.0770371534
2024-01-25 20:00:00,38299.32596516904
2024-01-25 21:00:00,36026.053668064116
2024-01-25 22:00:00,33366.35768479443
2024-01-25 23:00:00,32076.460534935028
2024-01-26 00:00:00,30571.35973012347
2024-01-26 01:00:00,29353.69496282449
2024-01-26 02:00:00,29834.795070169464
2024-01-26 03:00:00,31370.48378539946
2024-01-26 04:00:00,35592.00796248959
2024-01-26 05:00:00,42991.36598640814
2024-01-26 06:00:00,43855.827244962
2024-01-26 07:00:00,41439.98544582588
2024-01-26 08:00:00,38234.60197299203
2024-01-26 09:00:00,35956.73277599443
2024-01-26 10:00:00,33303.584442811465
2024-01-26 11:00:00,32029.492065904255
2024-01-26 12:00:00,30549.30501526124
2024-01-26 13:00:00,29373.282814827166
2024-01-26 14:00:00,29788.79301153587
2024-01-26 15:00:00,31326.045458400135
2024-01-26 16:00:00,35545.976038886845
2024-01-26 17:00:00,42920.96819989084
2024-01-26 18:00:00,43796.94112516984
2024-01-26 19:00:00,41418.66505091484
2024-01-26 20:00:00,38236.3165474427
2024-01-26 21:00:00,35969.37376536166
2024-01-26 22:00:00,33312.32867292616
2024-01-26 23:00:00,32013.41671002547
2024-01-27 00:00:00,30372.14181860406
2024-01-27 01:00:00,29292.848972689793
2024-01-27 02:00:00,29801.788457533992
2024-01-27 03:00:00,31327.485780439296
2024-01-27 04:00:00,35557.912626791964
2024-01-27 05:00:00,42978.92628397477
2024-01-27 06:00:00,43848.445916963414
2024-01-27 07:00:00,41422.130249154055
2024-01-27 08:00:00,38217.52130850081
2024-01-27 09:00:00,36012.171935945706
2024-01-27 10:00:00,33417.52714086292
2024-01-27 11:00:00,32205.125321305935
2024-01-27 12:00:00,30779.859205816116
2024-01-27 13:00:00,29596.227951443114
2024-01-27 14:00:00,29926.065070770732
2024-01-27 15:00:00,31350.89810052866
2024-01-27 16:00:00,35561.97586682861
2024-01-27 17:00:00,42983.5200134794
2024-01-27 18:00:00,43861.043750325545
2024-01-27 19:00:00,41464.15576276387
2024-01-27 20:00:00,38298.812359464435
2024-01-27 21:00:00,36034.98606597503
2024-01-27 22:00:00,33377.33471263047
2024-01-27 23:00:00,32093.018649605412
2024-01-28 00:00:00,30663.636290149472
2024-01-28 01:00:00,29479.448780791838
2024-01-28 02:00:00,29965.76463155188
2024-01-28 03:00:00,31485.217745104186
2024-01-28 04:00:00,35659.82580670202
2024-01-28 05:00:00,43015.02374632658
2024-01-28 06:00:00,43913.39977826682
2024-01-28 07:00:00,41373.161705968974
2024-01-28 08:00:00,37829.17745128899
2024-01-28 09:00:00,35473.796045926916
2024-01-28 10:00:00,32969.12428883455
2024-01-28 11:00:00,31792.568400436186
2024-01-28 12:00:00,30316.532209042944
2024-01-28 13:00:00,29032.00367208492
2024-01-28 14:00:00,29410.313953558503
2024-01-28 15:00:00,30684.93443705756
2024-01-28 16:00:00,34745.39372402413
2024-01-28 17:00:00,41858.66881282058
2024-01-28 18:00:00,42891.3093357814
2024-01-28 19:00:00,40640.99617880118
2024-01-28 20:00:00,37690.22764288089
2024-01-28 21:00:00,35501.44431973706
2024-01-28 22:00:00,32897.00551223161
2024-01-28 23:00:00,31646.841406230917
2024-01-29 00:00:00,30288.69867577972
2024-01-29 01:00:00,29131.52597551092
2024-01-29 02:00:00,29622.3883466716
2024-01-29 03:00:00,31170.63664097488
2024-01-29 04:00:00,35407.92408216487
2024-01-29 05:00:00,42789.95366027952
2024-01-29 06:00:00,43672.08918483111
2024-01-29 07:00:00,41158.89327256412
2024-01-29 08:00:00,37824.88928323367
2024-01-29 09:00:00,35534.1190849415
2024-01-29 10:00:00,32997.5749443299
2024-01-29 11:00:00,31888.204007984332
2024-01-29 12:00:00,30420.535750742794
2024-01-29 13:00:00,29214.730293020777
2024-01-29 14:00:00,29709.91019815569
2024-01-29 15:00:00,31250.070841649907
2024-01-29 16:00:00,35467.87429419869
2024-01-29 17:00:00,42755.95304154629
2024-01-29 18:00:00,43794.486408471625
2024-01-29 19:00:00,41434.18027413471
2024-01-29 20:00:00,38260.17989212934
2024-01-29 21:00:00,36032.784294843426
2024-01-29 22:00:00,33379.74231366514
2024-01-29 23:00:00,32084.03325531379
2024-01-30 00:00:00,30617.357538491866
2024-01-30 01:00:00,29412.991476420113
2024-01-30 02:00:00,29915.18656629036
2024-01-30 03:00:00,31435.51938934092
2024-01-30 04:00:00,35663.37233806218
2024-01-30 05:00:00,43090.28520338539
2024-01-30 06:00:00,43893.148785509715
2024-01-30 07:00:00,41456.143335518675
2024-01-30 08:00:00,38238.9636325158
2024-01-30 09:00:00,35987.93479374205
2024-01-30 10:00:00,33344.989588013224
2024-01-30 11:00:00,32076.543618125404
2024-01-30 12:00:00,30583.481517398483
2024-01-30 13:00:00,29493.872551083816
2024-01-30 14:00:00,30097.33597600052
2024-01-30 15:00:00,31616.448470256888
2024-01-30 16:00:00,35852.58227320753
2024-01-30 17:00:00,43120.006010901285
2024-01-30 18:00:00,44027.52605652874
2024-01-30 19:00:00,41712.245351537465
2024-01-30 20:00:00,38582.0847018055
2024-01-30 21:00:00,36353.112451493515
2024-01-30 22:00:00,33703.486803435066
2024-01-30 23:00:00,32302.573465382477
2024-01-31 00:00:00,30690.866496156676
2024-01-31 01:00:00,29578.828222386543
2024-01-31 02:00:00,30062.27748268389
2024-01-31 03:00:00,31565.035485388067
2024-01-31 04:00:00,35735.91033480469
2024-01-31 05:00:00,43113.47293877497
2024-01-31 06:00:00,43968.635873406114
2024-01-31 07:00:00,41531.23742496945
2024-01-31 08:00:00,38323.391745417415
2024-01-31 09:00:00,36060.214136716626
2024-01-31 10:00:00,33412.379618539664
2024-01-31 11:00:00,32123.03992668682
2024-01-31 12:00:00,30629.80587931499
2024-01-31 13:00:00,29429.13370779536
2024-01-31 14:00:00,29929.94966178365
2024-01-31 15:00:00,31460.826894729056
2024-01-31 16:00:00,35665.98805211321
2024-01-31 17:00:00,43029.65068638518
2024-01-31 18:00:00,43896.64333223431
2024-01-31 19:00:00,41488.67843136782
2024-01-31 20:00:00,38287.27094327251
2024-01-31 21:00:00,36016.298257021925
2024-01-31 22:00:00,33359.742120060924
2024-01-31 23:00:00,32066.67866200773
2024-02-01 00:00:00,30550.601000434715
2024-02-01 01:00:00,29355.174057552485
2024-02-01 02:00:00,29871.270339414303
2024-02-01 03:00:00,31405.24224085584
2024-02-01 04:00:00,35660.60462645815
2024-02-01 05:00:00,43053.970814951026
2024-02-01 06:00:00,43906.79259398475
2024-02-01 07:00:00,41441.66426724101
2024-02-01 08:00:00,38207.76537388249
2024-02-01 09:00:00,35963.798193984345
2024-02-01 10:00:00,33327.57950938391
2024-02-01 11:00:00,32071.670573553823
2024-02-01 12:00:00,30586.81036335786
2024-02-01 13:00:00,29384.521443822196
2024-02-01 14:00:00,29910.69881620376
2024-02-01 15:00:00,31431.203076674705
2024-02-01 16:00:00,35661.97656810222
2024-02-01 17:00:00,43061.10417859432
2024-02-01 18:00:00,43926.5532975576
2024-02-01 19:00:00,41542.25955031718
2024-02-01 20:00:00,38349.62073646491
2024-02-01 21:00:00,36101.115487451294
2024-02-01 22:00:00,33501.337234331644
2024-02-01 23:00:00,32362.05014182559
2024-02-02 00:00:00,31051.739276083827
2024-02-02 01:00:00,30035.899084260385
2024-02-02 02:00:00,30635.102959013002
2024-02-02 03:00:00,32091.187711658393
2024-02-02 04:00:00,36356.649329094755
2024-02-02 05:00:00,43770.146894738355
2024-02-02 06:00:00,44516.54431632103
2024-02-02 07:00:00,41824.08094641582
2024-02-02 08:00:00,38431.76509377247
2024-02-02 09:00:00,36159.97529075294
2024-02-02 10:00:00,33669.02108717058
2024-02-02 11:00:00,32453.007711966144
2024-02-02 12:00:00,30957.635181838126
2024-02-02 13:00:00,29749.176657893466
2024-02-02 14:00:00,30086.076080320694
2024-02-02 15:00:00,31555.983871450597
2024-02-02 16:00:00,35699.54919001838
2024-02-02 17:00:00,42982.354206535696
2024-02-02 18:00:00,43860.306419332665
2024-02-02 19:00:00,41470.27159332701
2024-02-02 20:00:00,38308.04060621645
2024-02-02 21:00:00,36076.38424989604
2024-02-02 22:00:00,33424.0879312674
2024-02-02 23:00:00,32319.067496292617
2024-02-03 00:00:00,30881.003315691294
2024-02-03 01:00:00,30081.331786041745
2024-02-03 02:00:00,30691.690805428687
2024-02-03 03:00:00,32250.1333865656
2024-02-03 04:00:00,36494.655517136496
2024-02-03 05:00:00,43912.59757502295
2024-02-03 06:00:00,44783.08966358108
2024-02-03 07:00:00,42359.52062022638
2024-02-03 08:00:00,39031.82270779368
2024-02-03 09:00:00,36744.16086044298
2024-02-03 10:00:00,34069.096846934066
2024-02-03 11:00:00,32737.65023945847
2024-02-03 12:00:00,31228.51410162573
2024-02-03 13:00:00,30162.12709861457
2024-02-03 14:00:00,30585.650422545805
2024-02-03 15:00:00,32008.151856766584
2024-02-03 16:00:00,36199.33286949767
2024-02-03 17:00:00,43287.90830448902
2024-02-03 18:00:00,44042.56575200336
2024-02-03 19:00:00,41793.72254085841
2024-02-03 20:00:00,38707.00231387764
2024-02-03 21:00:00,36507.69783556091
2024-02-03 22:00:00,33850.263428604085
2024-02-03 23:00:00,32670.127112417533
2024-02-04 00:00:00,31425.31432706813
2024-02-04 01:00:00,30242.019238977246
2024-02-04 02:00:00,30742.312275895572
2024-02-04 03:00:00,32257.624331126157
2024-02-04 04:00:00,36493.47420357811
2024-02-04 05:00:00,43886.12264771615
2024-02-04 06:00:00,44153.26200187841
2024-02-04 07:00:00,41424.28218350502
2024-02-04 08:00:00,38167.84019122683
2024-02-04 09:00:00,35983.94542346371
2024-02-04 10:00:00,33374.804236327924
2024-02-04 11:00:00,32196.736505386572
2024-02-04 12:00:00,30675.63796861864
2024-02-04 13:00:00,29459.397039602743
2024-02-04 14:00:00,29871.918211642344
2024-02-04 15:00:00,31360.364034281294
2024-02-04 16:00:00,35515.570560366476
2024-02-04 17:00:00,42809.86411962465
2024-02-04 18:00:00,43674.33835459917
2024-02-04 19:00:00,41378.64853125879
2024-02-04 20:00:00,38198.85598403008
2024-02-04 21:00:00,35939.761140606206
2024-02-04 22:00:00,33335.19452763377
2024-02-04 23:00:00,32178.369416137597
2024-02-05 00:00:00,30878.380991544956
2024-02-05 01:00:00,29787.755477560502
2024-02-05 02:00:00,30582.30258943109
2024-02-05 03:00:00,32180.711679929336
2024-02-05 04:00:00,36444.59636169127
2024-02-05 05:00:00,43588.17448315777
2024-02-05 06:00:00,43975.01555919802
2024-02-05 07:00:00,41274.71275192306
2024-02-05 08:00:00,38172.97350751611
2024-02-05 09:00:00,35911.29881281259
2024-02-05 10:00:00,33296.17424296951
2024-02-05 11:00:00,32001.20291888467
2024-02-05 12:00:00,30496.572567491436
2024-02-05 13:00:00,29302.485647170688
2024-02-05 14:00:00,29774.1569997556
2024-02-05 15:00:00,31291.185671748102
2024-02-05 16:00:00,35513.75335996648
2024-02-05 17:00:00,42898.49322011338
2024-02-05 18:00:00,43784.34767500627
2024-02-05 19:00:00,41389.47963003177
2024-02-05 20:00:00,38220.376451305136
2024-02-05 21:00:00,35991.52681797575
2024-02-05 22:00:00,33331.53013440179
2024-02-05 23:00:00,32083.06103152847
2024-02-06 00:00:00,30785.621749513895
2024-02-06 01:00:00,29642.33076965744
2024-02-06 02:00:00,30044.100366501712
2024-02-06 03:00:00,31507.516425716516
2024-02-06 04:00:00,35613.73996015752
2024-02-06 05:00:00,42948.429531973015
2024-02-06 06:00:00,43572.856959603916
2024-02-06 07:00:00,40974.55406959003
2024-02-06 08:00:00,37767.86069591608
2024-02-06 09:00:00,35519.463892710475
2024-02-06 10:00:00,32931.66611840979
2024-02-06 11:00:00,31682.648981564616
2024-02-06 12:00:00,30225.23763028113
2024-02-06 13:00:00,28977.42878696401
2024-02-06 14:00:00,29493.570154656696
2024-02-06 15:00:00,30858.82739587101
2024-02-06 16:00:00,34922.78000272689
2024-02-06 17:00:00,41974.17801715869
2024-02-06 18:00:00,42582.13134534494
2024-02-06 19:00:00,40603.40772913746
2024-02-06 20:00:00,37560.053836923595
2024-02-06 21:00:00,35485.92109159477
2024-02-06 22:00:00,32892.27679208997
2024-02-06 23:00:00,31663.27690358095
2024-02-07 00:00:00,30259.460971729277
2024-02-07 01:00:00,29059.55706084874
2024-02-07 02:00:00,29576.871681734377
2024-02-07 03:00:00,31109.849554973174
2024-02-07 04:00:00,35347.34072100124
2024-02-07 05:00:00,42684.192733298645
2024-02-07 06:00:00,43374.940472730115
2024-02-07 07:00:00,40597.36285013507
2024-02-07 08:00:00,37021.504523678734
2024-02-07 09:00:00,35066.36466380215
2024-02-07 10:00:00,32662.983198912934
2024-02-07 11:00:00,31458.57730279519
2024-02-07 12:00:00,30005.991279739286
2024-02-07 13:00:00,28772.271095066164
2024-02-07 14:00:00,29209.2988501327
2024-02-07 15:00:00,30735.357114573264
2024-02-07 16:00:00,34992.25984393175
2024-02-07 17:00:00,42250.04504243868
2024-02-07 18:00:00,43254.39559235933
2024-02-07 19:00:00,40985.95818490718
2024-02-07 20:00:00,37830.5085246769
2024-02-07 21:00:00,35599.930133978276
2024-02-07 22:00:00,33022.305305350405
2024-02-07 23:00:00,31877.416794292727
2024-02-08 00:00:00,30474.651661452233
2024-02-08 01:00:00,29296.092609794534
2024-02-08 02:00:00,29842.81790377819
2024-02-08 03:00:00,31426.902024214156
2024-02-08 04:00:00,35687.403821215106
2024-02-08 05:00:00,43082.230573130815
2024-02-08 06:00:00,43933.76255161322
2024-02-08 07:00:00,41357.94552939104
2024-02-08 08:00:00,38169.97626343027
2024-02-08 09:00:00,35872.392522099515
2024-02-08 10:00:00,33187.348453458886
2024-02-08 11:00:00,31888.14125442953
2024-02-08 12:00:00,30419.69378465521
2024-02-08 13:00:00,29227.19096045247
2024-02-08 14:00:00,29634.00582709282
2024-02-08 15:00:00,31161.176597777914
2024-02-08 16:00:00,35385.225832278535
2024-02-08 17:00:00,42716.1257549165
2024-02-08 18:00:00,43557.93391438988
2024-02-08 19:00:00,41231.09514545591
2024-02-08 20:00:00,38089.06229745296
2024-02-08 21:00:00,35834.38192961052
2024-02-08 22:00:00,33194.968668095695
2024-02-08 23:00:00,31921.653237005758
2024-02-09 00:00:00,30463.447994504502
2024-02-09 01:00:00,29241.090813848055
2024-02-09 02:00:00,29736.405514859878
2024-02-09 03:00:00,31253.887067386833
2024-02-09 04:00:00,35487.410917647576
2024-02-09 05:00:00,42889.57268494463
2024-02-09 06:00:00,43771.30365790838
2024-02-09 07:00:00,41354.400880586094
2024-02-09 08:00:00,38129.07507735994
2024-02-09 09:00:00,35840.999695521925
2024-02-09 10:00:00,33154.358880739965
2024-02-09 11:00:00,31857.39295000143
2024-02-09 12:00:00,30382.14941891075
2024-02-09 13:00:00,29191.419044066683
2024-02-09 14:00:00,29662.89443717562
2024-02-09 15:00:00,31162.749784700813
2024-02-09 16:00:00,35382.70407019479
2024-02-09 17:00:00,42487.12033134405
2024-02-09 18:00:00,43407.371034526885
2024-02-09 19:00:00,41261.74877188779
2024-02-09 20:00:00,38121.1394456414
2024-02-09 21:00:00,35866.47003018098
2024-02-09 22:00:00,33220.78107797087
2024-02-09 23:00:00,31943.727454462067
2024-02-10 00:00:00,30554.793100426956
2024-02-10 01:00:00,29376.07191701809
2024-02-10 02:00:00,29893.70535677319
2024-02-10 03:00:00,31504.338042338317
2024-02-10 04:00:00,35789.79265319924
2024-02-10 05:00:00,43165.95496003167
2024-02-10 06:00:00,43988.65287566277
2024-02-10 07:00:00,41517.54551218552
2024-02-10 08:00:00,38285.41893700974
2024-02-10 09:00:00,35966.14975650209
2024-02-10 10:00:00,33256.18493414305
2024-02-10 11:00:00,31910.544679762013
2024-02-10 12:00:00,30432.53928390457
2024-02-10 13:00:00,29246.01066873528
2024-02-10 14:00:00,29720.582538089362
2024-02-10 15:00:00,31194.685037048643
2024-02-10 16:00:00,35353.8409980616
2024-02-10 17:00:00,42649.39177146583
2024-02-10 18:00:00,43482.862920802785
2024-02-10 19:00:00,41166.285974147584
2024-02-10 20:00:00,37938.08108085415
2024-02-10 21:00:00,35773.3068055694
2024-02-10 22:00:00,33148.144008934185
2024-02-10 23:00:00,31912.044127720972
2024-02-11 00:00:00,30411.395088882367
2024-02-11 01:00:00,29248.05365315145
2024-02-11 02:00:00,29763.587913881194
2024-02-11 03:00:00,31301.305090460453
2024-02-11 04:00:00,35538.13272779581
2024-02-11 05:00:00,42862.941571120806
2024-02-11 06:00:00,43555.30790714399
2024-02-11 07:00:00,40996.2353280844
2024-02-11 08:00:00,37494.26750250227
2024-02-11 09:00:00,35343.26613679728
2024-02-11 10:00:00,32863.19649888299
2024-02-11 11:00:00,31665.307758214407
2024-02-11 12:00:00,30362.706850829854
2024-02-11 13:00:00,29213.34200699255
2024-02-11 14:00:00,29710.5275102843
2024-02-11 15:00:00,31188.521994805134
2024-02-11 16:00:00,35228.809892419034
2024-02-11 17:00:00,42397.74549420262
2024-02-11 18:00:00,43233.517491403916
2024-02-11 19:00:00,40937.810446930154
2024-02-11 20:00:00,37896.67363115635
2024-02-11 21:00:00,35747.261601299586
2024-02-11 22:00:00,33183.86914624528
2024-02-11 23:00:00,31946.78279310057
2024-02-12 00:00:00,30379.740410698065
2024-02-12 01:00:00,29186.9766885165
2024-02-12 02:00:00,29718.995501908183
2024-02-12 03:00:00,31283.569851757613
2024-02-12 04:00:00,35524.462512365026
2024-02-12 05:00:00,42900.22501831513
2024-02-12 06:00:00,43714.634673206674
2024-02-12 07:00:00,41153.60309079575
2024-02-12 08:00:00,37740.8589550512
2024-02-12 09:00:00,35691.53079107627
2024-02-12 10:00:00,33126.097851357175
2024-02-12 11:00:00,31912.19495779514
2024-02-12 12:00:00,30473.295954241203
2024-02-12 13:00:00,29269.77884084975
2024-02-12 14:00:00,29724.284193920354
2024-02-12 15:00:00,31118.99703907446
2024-02-12 16:00:00,35236.866236930786
2024-02-12 17:00:00,42381.04550981413
2024-02-12 18:00:00,43176.56996267352
2024-02-12 19:00:00,40906.91263800421
2024-02-12 20:00:00,37915.74914236657
2024-02-12 21:00:00,35742.10132578134
2024-02-12 22:00:00,33139.57688293962
2024-02-12 23:00:00,31898.141817522144
2024-02-13 00:00:00,30471.582530155727
2024-02-13 01:00:00,29284.482712271976
2024-02-13 02:00:00,29842.679091041457
2024-02-13 03:00:00,31375.75472316188
2024-02-13 04:00:00,35605.35641317196
2024-02-13 05:00:00,42969.35568093254
2024-02-13 06:00:00,43761.92923476398
2024-02-13 07:00:00,41201.174880259314
2024-02-13 08:00:00,37886.71982788783
2024-02-13 09:00:00,35777.4242461869
2024-02-13 10:00:00,33212.61072209866
2024-02-13 11:00:00,31921.585572492637
2024-02-13 12:00:00,30439.35361898916
2024-02-13 13:00:00,29212.23907700291
2024-02-13 14:00:00,29628.423360289158
2024-02-13 15:00:00,31094.254300043143
2024-02-13 16:00:00,35226.79860996607
2024-02-13 17:00:00,42574.33146239529
2024-02-13 18:00:00,43369.55041265914
2024-02-13 19:00:00,41012.288451719985
2024-02-13 20:00:00,37939.814843174914
2024-02-13 21:00:00,35777.32077907666
2024-02-13 22:00:00,33142.66781178857
2024-02-13 23:00:00,31913.363977926743
2024-02-14 00:00:00,30454.282467724493
2024-02-14 01:00:00,29255.714879726303
2024-02-14 02:00:00,29769.459824127698
2024-02-14 03:00:00,31295.73534112893
2024-02-14 04:00:00,35494.35327342912
2024-02-14 05:00:00,42871.80621017944
2024-02-14 06:00:00,43617.00035022296
2024-02-14 07:00:00,41058.67246843181
2024-02-14 08:00:00,37839.42800066735
2024-02-14 09:00:00,35630.37326042618
2024-02-14 10:00:00,33045.99120130907
2024-02-14 11:00:00,31813.94100459464
2024-02-14 12:00:00,30374.857207870573
2024-02-14 13:00:00,29174.086697707655
2024-02-14 14:00:00,29614.36011416866
2024-02-14 15:00:00,31048.84730392534
2024-02-14 16:00:00,35223.89147760347
2024-02-14 17:00:00,42543.44307514264
2024-02-14 18:00:00,43380.554214363845
2024-02-14 19:00:00,41155.70318868106
2024-02-14 20:00:00,38051.83827289615
2024-02-14 21:00:00,35890.630410757396
2024-02-14 22:00:00,33232.37045040964
2024-02-14 23:00:00,31992.55752976777
2024-02-15 00:00:00,30615.017588366434
2024-02-15 01:00:00,29418.058144400642
2024-02-15 02:00:00,29937.162170352578
2024-02-15 03:00:00,31472.5102904031
2024-02-15 04:00:00,35664.99342477393
2024-02-15 05:00:00,43048.76283725916
2024-02-15 06:00:00,43884.453814748544
2024-02-15 07:00:00,41384.784361623475
2024-02-15 08:00:00,38155.18776340245
2024-02-15 09:00:00,35915.246702909564
2024-02-15 10:00:00,33366.09531625471
2024-02-15 11:00:00,32087.977878778485
2024-02-15 12:00:00,30605.90905603395
2024-02-15 13:00:00,29398.326052253346
2024-02-15 14:00:00,29874.984619888502
2024-02-15 15:00:00,31308.46641914517
2024-02-15 16:00:00,35555.91648864682
2024-02-15 17:00:00,42960.274123416144
2024-02-15 18:00:00,43847.68970854047
2024-02-15 19:00:00,41463.147918093244
2024-02-15 20:00:00,38291.914890305234
2024-02-15 21:00:00,36022.89444922739
2024-02-15 22:00:00,33378.39034566653
2024-02-15 23:00:00,32078.451944575143
2024-02-16 00:00:00,30620.63799538178
2024-02-16 01:00:00,29459.093631436757
2024-02-16 02:00:00,29930.969905161513
2024-02-16 03:00:00,31431.238762862387
2024-02-16 04:00:00,35640.72311795587
2024-02-16 05:00:00,43045.05371717537
2024-02-16 06:00:00,43909.02825950404
2024-02-16 07:00:00,41457.3282667663
2024-02-16 08:00:00,38136.71126332488
2024-02-16 09:00:00,35880.26183832899
2024-02-16 10:00:00,33242.367437877816
2024-02-16 11:00:00,31963.613883844628
2024-02-16 12:00:00,30509.969929644565
2024-02-16 13:00:00,29350.741977611317
2024-02-16 14:00:00,29789.080228091763
2024-02-16 15:00:00,31177.601500968427
2024-02-16 16:00:00,35312.67988848902
2024-02-16 17:00:00,42493.915783372184
2024-02-16 18:00:00,43005.953639809646
2024-02-16 19:00:00,40918.25806999342
2024-02-16 20:00:00,37867.797147255216
2024-02-16 21:00:00,35698.20915986967
2024-02-16 22:00:00,33074.07420775564
2024-02-16 23:00:00,31827.50991202903
2024-02-17 00:00:00,30443.321625971665
2024-02-17 01:00:00,29357.743304578376
2024-02-17 02:00:00,29912.589626541303
2024-02-17 03:00:00,31448.10381690232
2024-02-17 04:00:00,35684.280673203946
2024-02-17 05:00:00,43130.6602459551
2024-02-17 06:00:00,44040.3545573015
2024-02-17 07:00:00,41585.578925731475
2024-02-17 08:00:00,38411.4169866015
2024-02-17 09:00:00,36207.83063948005
2024-02-17 10:00:00,33591.09456564839
2024-02-17 11:00:00,32281.931789257033
2024-02-17 12:00:00,30803.562566210105
2024-02-17 13:00:00,29599.226780140743
2024-02-17 14:00:00,30051.28944997367
2024-02-17 15:00:00,31384.225028787852
2024-02-17 16:00:00,35479.99094155501
2024-02-17 17:00:00,42751.43714493284
2024-02-17 18:00:00,43594.40491050141
2024-02-17 19:00:00,41236.59388021896
2024-02-17 20:00:00,38130.01824962169
2024-02-17 21:00:00,35936.51657569132
2024-02-17 22:00:00,33318.372860867225
2024-02-17 23:00:00,32072.769129295797
2024-02-18 00:00:00,30740.455657466347
2024-02-18 01:00:00,29548.03687589256
2024-02-18 02:00:00,30029.459284660585
2024-02-18 03:00:00,31551.729962800335
2024-02-18 04:00:00,35769.49233767061
2024-02-18 05:00:00,43080.59879334921
2024-02-18 06:00:00,43675.367513975456
2024-02-18 07:00:00,41098.68286197778
2024-02-18 08:00:00,37820.403860123806
2024-02-18 09:00:00,35690.54230969317
2024-02-18 10:00:00,33099.99606133851
2024-02-18 11:00:00,31827.193507236316
2024-02-18 12:00:00,30441.936816377744
2024-02-18 13:00:00,29273.812921919543
2024-02-18 14:00:00,29703.559401669674
2024-02-18 15:00:00,31185.20630521694
2024-02-18 16:00:00,35368.08619486811
2024-02-18 17:00:00,42682.6660295417
2024-02-18 18:00:00,43206.54823187271
2024-02-18 19:00:00,41084.77481969667
2024-02-18 20:00:00,38061.95338459187
2024-02-18 21:00:00,35995.9872105964
2024-02-18 22:00:00,33380.75498415713
2024-02-18 23:00:00,32075.522563373168
2024-02-19 00:00:00,30513.197629851868
2024-02-19 01:00:00,29368.46693940612
2024-02-19 02:00:00,29874.63411043432
2024-02-19 03:00:00,31398.840433514477
2024-02-19 04:00:00,35659.62096201109
2024-02-19 05:00:00,43068.06974019352
2024-02-19 06:00:00,43707.95349084624
2024-02-19 07:00:00,40985.91958587445
2024-02-19 08:00:00,37726.89135648496
2024-02-19 09:00:00,35633.69508765769
2024-02-19 10:00:00,33116.04916223215
2024-02-19 11:00:00,31960.60145069486
2024-02-19 12:00:00,30586.66113225453
2024-02-19 13:00:00,29412.701618866515
2024-02-19 14:00:00,29907.111521033552
2024-02-19 15:00:00,31375.828682860112
2024-02-19 16:00:00,35565.15520201142
2024-02-19 17:00:00,42803.601658356114
2024-02-19 18:00:00,43694.12711930295
2024-02-19 19:00:00,41478.10231298961
2024-02-19 20:00:00,38326.281077068554
2024-02-19 21:00:00,36070.551800223104
2024-02-19 22:00:00,33452.07189997916
2024-02-19 23:00:00,32142.789556097443
2024-02-20 00:00:00,30666.471408218105
2024-02-20 01:00:00,29485.52857238433
2024-02-20 02:00:00,29987.013541086537
2024-02-20 03:00:00,31537.89777558414
2024-02-20 04:00:00,35773.79853042938
2024-02-20 05:00:00,43169.969195731544
2024-02-20 06:00:00,43987.16220907232
2024-02-20 07:00:00,41514.23433305323
2024-02-20 08:00:00,38281.852056155636
2024-02-20 09:00:00,35941.50533036884
2024-02-20 10:00:00,33320.0690659533
2024-02-20 11:00:00,32018.826684942793
2024-02-20 12:00:00,30594.920606645934
2024-02-20 13:00:00,29416.101605835407
2024-02-20 14:00:00,29875.271305902636
2024-02-20 15:00:00,31432.415807799476
2024-02-20 16:00:00,35608.30504907328
2024-02-20 17:00:00,42987.211742764404
2024-02-20 18:00:00,43740.50174406562
2024-02-20 19:00:00,41505.406989828996
2024-02-20 20:00:00,38353.9159742971
2024-02-20 21:00:00,36160.42718132701
2024-02-20 22:00:00,33570.90163815216
2024-02-20 23:00:00,32375.428047151538
2024-02-21 00:00:00,30959.245954368293
2024-02-21 01:00:00,29800.597413333915
2024-02-21 02:00:00,30306.61626515264
2024-02-21 03:00:00,31809.819404448754
2024-02-21 04:00:00,35897.66706909898
2024-02-21 05:00:00,43139.97522529806
2024-02-21 06:00:00,43764.984093444975
2024-02-21 07:00:00,41165.01185295976
2024-02-21 08:00:00,37851.80408402795
2024-02-21 09:00:00,35707.35771137353
2024-02-21 10:00:00,33122.60855300644
2024-02-21 11:00:00,31857.706025914595
2024-02-21 12:00:00,30488.920922322068
2024-02-21 13:00:00,29314.957545352783
2024-02-21 14:00:00,29832.654106210986
2024-02-21 15:00:00,31241.879339245515
2024-02-21 16:00:00,35511.348981193296
2024-02-21 17:00:00,42916.91344254624
2024-02-21 18:00:00,43816.67473891483
2024-02-21 19:00:00,41530.34959726753
2024-02-21 20:00:00,38489.891410269636
2024-02-21 21:00:00,36507.98880135801
2024-02-21 22:00:00,34050.20519146498
2024-02-21 23:00:00,32913.220918409876
2024-02-22 00:00:00,31302.56847131503
2024-02-22 01:00:00,30219.58141049766
2024-02-22 02:00:00,30724.951207773487
2024-02-22 03:00:00,32259.99248055439
2024-02-22 04:00:00,36489.30509722033
2024-02-22 05:00:00,43896.17505419763
2024-02-22 06:00:00,44143.09333974042
2024-02-22 07:00:00,41455.00270110343
2024-02-22 08:00:00,38335.938401367814
2024-02-22 09:00:00,36087.22617111603
2024-02-22 10:00:00,33491.153223504836
2024-02-22 11:00:00,32271.525319471428
2024-02-22 12:00:00,30852.12438740981
2024-02-22 13:00:00,29700.798734688466
2024-02-22 14:00:00,30112.604964219692
2024-02-22 15:00:00,31476.742567659458
2024-02-22 16:00:00,35688.17086507172
2024-02-22 17:00:00,43053.95085711066
2024-02-22 18:00:00,43863.35842278856
2024-02-22 19:00:00,41485.22888065607
2024-02-22 20:00:00,38290.11584498871
2024-02-22 21:00:00,36044.394160235475
2024-02-22 22:00:00,33371.475392466244
2024-02-22 23:00:00,32019.529532712848
2024-02-23 00:00:00,30377.349252281223
2024-02-23 01:00:00,29210.962463044514
2024-02-23 02:00:00,29782.43010836791
2024-02-23 03:00:00,31369.389642936272
2024-02-23 04:00:00,35600.470019629174
2024-02-23 05:00:00,42991.50118644194
2024-02-23 06:00:00,43787.67608595619
2024-02-23 07:00:00,41308.72906165065
2024-02-23 08:00:00,38134.8622701071
2024-02-23 09:00:00,35972.47585140204
2024-02-23 10:00:00,33450.43250898319
2024-02-23 11:00:00,32203.781105989023
2024-02-23 12:00:00,30800.07792651516
2024-02-23 13:00:00,29723.109326724287
2024-02-23 14:00:00,30136.51897059398
2024-02-23 15:00:00,31534.438418126894
2024-02-23 16:00:00,35591.82594308596
2024-02-23 17:00:00,42756.65837996316
2024-02-23 18:00:00,43491.88846640037
2024-02-23 19:00:00,41179.388216769155
2024-02-23 20:00:00,38122.63061800597
2024-02-23 21:00:00,35934.789643208795
2024-02-23 22:00:00,33339.94115152899
2024-02-23 23:00:00,32101.000541888396
2024-02-24 00:00:00,30537.301197000324
2024-02-24 01:00:00,29347.625967411383
2024-02-24 02:00:00,29848.964952847917
2024-02-24 03:00:00,31374.320309139093
2024-02-24 04:00:00,35603.654337544605
2024-02-24 05:00:00,43024.27609272035
2024-02-24 06:00:00,43867.804097409935
2024-02-24 07:00:00,41408.73300998058
2024-02-24 08:00:00,38180.36776636634
2024-02-24 09:00:00,35904.17452208615
2024-02-24 10:00:00,33334.788976391035
2024-02-24 11:00:00,32069.875253443857
2024-02-24 12:00:00,30643.552302616634
2024-02-24 13:00:00,29499.81352345612
2024-02-24 14:00:00,29938.615344547292
2024-02-24 15:00:00,31372.70241848793
2024-02-24 16:00:00,35400.17627175535
2024-02-24 17:00:00,42586.48731765886
2024-02-24 18:00:00,43270.46071675433
2024-02-24 19:00:00,41097.64380072909
2024-02-24 20:00:00,38044.619463594994
2024-02-24 21:00:00,35838.04517589684
2024-02-24 22:00:00,33190.65658088582
2024-02-24 23:00:00,32001.03137688479
2024-02-25 00:00:00,30516.940510715358
2024-02-25 01:00:00,29325.33659054806
2024-02-25 02:00:00,29843.78630930036
2024-02-25 03:00:00,31424.2903486628
2024-02-25 04:00:00,35634.22545146734
2024-02-25 05:00:00,42978.24416694503
2024-02-25 06:00:00,43652.664128343946
2024-02-25 07:00:00,41085.76576657516
2024-02-25 08:00:00,37856.74668084597
2024-02-25 09:00:00,35710.05497609827
2024-02-25 10:00:00,33167.64279487895
2024-02-25 11:00:00,31893.509752267528
2024-02-25 12:00:00,30507.432629666127
2024-02-25 13:00:00,29303.234201353585
2024-02-25 14:00:00,29753.50637134828
2024-02-25 15:00:00,31211.85614767433
2024-02-25 16:00:00,35364.748458370945
2024-02-25 17:00:00,42670.33945638198
2024-02-25 18:00:00,43405.734829490066
2024-02-25 19:00:00,41068.0534451387
2024-02-25 20:00:00,38008.72186733375
2024-02-25 21:00:00,35841.747171083916
2024-02-25 22:00:00,33190.97866136356
2024-02-25 23:00:00,31962.561536678993
2024-02-26 00:00:00,30520.34664623774
2024-02-26 01:00:00,29313.542579371977
2024-02-26 02:00:00,29817.138943531136
2024-02-26 03:00:00,31342.34867442926
2024-02-26 04:00:00,35568.77294951689
2024-02-26 05:00:00,42894.54263744562
2024-02-26 06:00:00,43583.355483958025
2024-02-26 07:00:00,40831.5178027829
2024-02-26 08:00:00,37627.563863162126
2024-02-26 09:00:00,35597.23262509153
2024-02-26 10:00:00,33134.359082921204
2024-02-26 11:00:00,31895.158061716953
2024-02-26 12:00:00,30493.856193599677
2024-02-26 13:00:00,29286.121915331623
2024-02-26 14:00:00,29698.248885732377
2024-02-26 15:00:00,31096.93990196139
2024-02-26 16:00:00,35205.84639468945
2024-02-26 17:00:00,42330.551662276775
2024-02-26 18:00:00,42977.69404084617
2024-02-26 19:00:00,40677.51387960198
2024-02-26 20:00:00,37812.332760285695
2024-02-26 21:00:00,35733.792642476576
2024-02-26 22:00:00,33109.20071590745
2024-02-26 23:00:00,31894.51306206956
2024-02-27 00:00:00,30476.001763710952
2024-02-27 01:00:00,29283.597807247002
2024-02-27 02:00:00,29752.607237064156
2024-02-27 03:00:00,31235.771963181007
2024-02-27 04:00:00,35465.456725865726
2024-02-27 05:00:00,42824.348706225785
2024-02-27 06:00:00,43583.48110551664
2024-02-27 07:00:00,40778.74609205014
2024-02-27 08:00:00,37497.37322406603
2024-02-27 09:00:00,35522.01196682646
2024-02-27 10:00:00,33048.96552854927
2024-02-27 11:00:00,31852.74204581109
2024-02-27 12:00:00,30431.74837238898
2024-02-27 13:00:00,29307.891498757774
2024-02-27 14:00:00,29798.583058131546
2024-02-27 15:00:00,31309.774368456692
2024-02-27 16:00:00,35306.82127912621
2024-02-27 17:00:00,42783.425527040505
2024-02-27 18:00:00,43333.250111049696
2024-02-27 19:00:00,41111.96737401306
2024-02-27 20:00:00,38118.10877985134
2024-02-27 21:00:00,36058.6536400075
2024-02-27 22:00:00,33438.59639039656
2024-02-27 23:00:00,32179.131237819587
2024-02-28 00:00:00,30614.007766070612
2024-02-28 01:00:00,29424.01183808274
2024-02-28 02:00:00,29989.369507829313
2024-02-28 03:00:00,31533.14678189987
2024-02-28 04:00:00,35833.142114532515
2024-02-28 05:00:00,43225.37244352931
2024-02-28 06:00:00,44023.77165583875
2024-02-28 07:00:00,41613.80954818716
2024-02-28 08:00:00,38380.445324631815
2024-02-28 09:00:00,36099.55914556905
2024-02-28 10:00:00,33436.873197005625
2024-02-28 11:00:00,32114.417767832758
2024-02-28 12:00:00,30629.212761662227
2024-02-28 13:00:00,29426.008681555548
2024-02-28 14:00:00,29946.429834875533
2024-02-28 15:00:00,31455.038359297876
2024-02-28 16:00:00,35724.94357944549
2024-02-28 17:00:00,42902.97802121479
2024-02-28 18:00:00,43784.85135162054
2024-02-28 19:00:00,41504.72111653478
2024-02-28 20:00:00,38326.25863184465
2024-02-28 21:00:00,36069.903625875646
2024-02-28 22:00:00,33419.142297014885
2024-02-28 23:00:00,32130.903125803776
2024-02-29 00:00:00,30630.489638943975
2024-02-29 01:00:00,29411.241291101913
2024-02-29 02:00:00,29904.49640416505
2024-02-29 03:00:00,31422.60066047729
2024-02-29 04:00:00,35654.8577284075
2024-02-29 05:00:00,43065.67969222824
2024-02-29 06:00:00,43904.322098498895
2024-02-29 07:00:00,41426.15411310979
2024-02-29 08:00:00,38206.991448326946
2024-02-29 09:00:00,35934.517456387286
2024-02-29 10:00:00,33276.18809561531
2024-02-29 11:00:00,32007.55325168639
2024-02-29 12:00:00,30577.167141143727
2024-02-29 13:00:00,29329.00872232838
2024-02-29 14:00:00,29665.798831629305
2024-02-29 15:00:00,31094.56022283351
2024-02-29 16:00:00,35230.79173345962
2024-02-29 17:00:00,42469.92797449423
2024-02-29 18:00:00,43269.83570339226
2024-02-29 19:00:00,40968.22100252478
2024-02-29 20:00:00,37923.42826206354
2024-02-29 21:00:00,35745.96574194792
2024-02-29 22:00:00,33112.66304684292
2024-02-29 23:00:00,31871.612820572947
2024-03-01 00:00:00,30482.727692548357
2024-03-01 01:00:00,29338.164050770676
2024-03-01 02:00:00,29838.706073225887
2024-03-01 03:00:00,31364.87923399484
2024-03-01 04:00:00,35608.787063314616
2024-03-01 05:00:00,43009.59725627807
2024-03-01 06:00:00,43870.05077287145
2024-03-01 07:00:00,41426.942476704025
2024-03-01 08:00:00,38210.05470359961
2024-03-01 09:00:00,35840.75458606554
2024-03-01 10:00:00,33268.10168530614
2024-03-01 11:00:00,31988.145151683595
2024-03-01 12:00:00,30549.34396597545
2024-03-01 13:00:00,29356.482116179162
2024-03-01 14:00:00,29776.67279356164
2024-03-01 15:00:00,31193.635576353812
2024-03-01 16:00:00,35316.11305732218
2024-03-01 17:00:00,42611.646083354855
2024-03-01 18:00:00,43271.926710881555
2024-03-01 19:00:00,40924.409537007865
2024-03-01 20:00:00,37931.66324158185
2024-03-01 21:00:00,35775.21522434091
2024-03-01 22:00:00,33260.05534240157
2024-03-01 23:00:00,32055.87189316513
2024-03-02 00:00:00,30570.81397999866
2024-03-02 01:00:00,29376.96058022386
2024-03-02 02:00:00,29874.575795735254
2024-03-02 03:00:00,31363.105218061362
2024-03-02 04:00:00,35601.83554066905
2024-03-02 05:00:00,43012.34527115212
2024-03-02 06:00:00,43879.43062640535
2024-03-02 07:00:00,41457.98098607548
2024-03-02 08:00:00,38290.55532921704
2024-03-02 09:00:00,36030.829136649285
2024-03-02 10:00:00,33404.35178871542
2024-03-02 11:00:00,32145.254718694112
2024-03-02 12:00:00,30683.834712177424
2024-03-02 13:00:00,29556.743429739254
2024-03-02 14:00:00,29987.125568006155
2024-03-02 15:00:00,31386.78178949224
2024-03-02 16:00:00,35521.70157714389
2024-03-02 17:00:00,42693.254318955034
2024-03-02 18:00:00,43421.23976995477
2024-03-02 19:00:00,41090.381453877424
2024-03-02 20:00:00,37879.44032100565
2024-03-02 21:00:00,35691.289917760034
2024-03-02 22:00:00,33240.49345370912
2024-03-02 23:00:00,31774.115707162608
2024-03-03 00:00:00,30334.337637991383
2024-03-03 01:00:00,29146.296546937352
2024-03-03 02:00:00,29654.581437198904
2024-03-03 03:00:00,31191.275424815973
2024-03-03 04:00:00,35435.67037473575
2024-03-03 05:00:00,42769.74541699211
2024-03-03 06:00:00,43472.43162901639
2024-03-03 07:00:00,40814.803843160495
2024-03-03 08:00:00,37511.432033301644
2024-03-03 09:00:00,35529.253534792624
2024-03-03 10:00:00,33093.66946733167
2024-03-03 11:00:00,31947.247205850712
2024-03-03 12:00:00,30465.442116435916
2024-03-03 13:00:00,29258.179942612882
2024-03-03 14:00:00,29752.099168356584
2024-03-03 15:00:00,31293.987108090605
2024-03-03 16:00:00,35519.416358358765
2024-03-03 17:00:00,42652.81945148131
2024-03-03 18:00:00,43580.767623848486
2024-03-03 19:00:00,41331.710146983445
2024-03-03 20:00:00,38163.12183945127
2024-03-03 21:00:00,35917.420124029944
2024-03-03 22:00:00,33275.55672128167
2024-03-03 23:00:00,31981.361149622797
2024-03-04 00:00:00,30543.23206343422
2024-03-04 01:00:00,29330.947544931892
2024-03-04 02:00:00,29831.643210058704
2024-03-04 03:00:00,31350.708554884543
2024-03-04 04:00:00,35583.159381072095
2024-03-04 05:00:00,42987.065824076235
2024-03-04 06:00:00,43841.04663312942
2024-03-04 07:00:00,41402.78251480879
2024-03-04 08:00:00,38186.04155991733
2024-03-04 09:00:00,35939.56247069426
2024-03-04 10:00:00,33288.512791855304
2024-03-04 11:00:00,31987.560152199472
2024-03-04 12:00:00,30504.453097654536
2024-03-04 13:00:00,29296.8649970147
2024-03-04 14:00:00,29789.656105778762
2024-03-04 15:00:00,31297.60525874091
2024-03-04 16:00:00,35515.11523544488
2024-03-04 17:00:00,42721.09378820649
2024-03-04 18:00:00,43097.720158209464
2024-03-04 19:00:00,40816.16033828131
2024-03-04 20:00:00,37908.446640532944
2024-03-04 21:00:00,35722.55386271951
2024-03-04 22:00:00,33178.318702214165
2024-03-04 23:00:00,31813.322319559913
2024-03-05 00:00:00,30304.131679872185
2024-03-05 01:00:00,29101.04223911152
2024-03-05 02:00:00,29605.29466575859
2024-03-05 03:00:00,31134.401648378494
2024-03-05 04:00:00,35356.98972283581
2024-03-05 05:00:00,42720.002612622695
2024-03-05 06:00:00,43427.215029623876
2024-03-05 07:00:00,40653.693778718916
2024-03-05 08:00:00,37418.844264329615
2024-03-05 09:00:00,35493.89077237764
2024-03-05 10:00:00,33017.88282541191
2024-03-05 11:00:00,31780.61824812177
2024-03-05 12:00:00,30330.818887678855
2024-03-05 13:00:00,29123.859134645838
2024-03-05 14:00:00,29602.42428410072
2024-03-05 15:00:00,31093.73953819106
2024-03-05 16:00:00,35185.796802223245
2024-03-05 17:00:00,42298.50278859395
2024-03-05 18:00:00,42851.93151801293
2024-03-05 19:00:00,40449.957140967184
2024-03-05 20:00:00,37666.240804632864
2024-03-05 21:00:00,35608.05332337131
2024-03-05 22:00:00,32984.62496814521
2024-03-05 23:00:00,31743.105464239237
2024-03-06 00:00:00,30266.508417390945
2024-03-06 01:00:00,29074.912763826487
2024-03-06 02:00:00,29607.29142361697
2024-03-06 03:00:00,31151.102163355485
2024-03-06 04:00:00,35366.255861091435
2024-03-06 05:00:00,42732.65574787473
2024-03-06 06:00:00,43422.58248304874
2024-03-06 07:00:00,40709.36460472538
2024-03-06 08:00:00,37612.887025574106
2024-03-06 09:00:00,35625.19723247274
2024-03-06 10:00:00,33092.45950227064
2024-03-06 11:00:00,31875.361066849135
2024-03-06 12:00:00,30454.66247601043
2024-03-06 13:00:00,29269.864516073332
2024-03-06 14:00:00,29720.628785108533
2024-03-06 15:00:00,31194.31282280904
2024-03-06 16:00:00,35365.907965035476
2024-03-06 17:00:00,42473.12361190619
2024-03-06 18:00:00,43076.192203075356
2024-03-06 19:00:00,40917.962851264834
2024-03-06 20:00:00,37842.646729799075
2024-03-06 21:00:00,35718.01667827034
2024-03-06 22:00:00,33060.00151864499
2024-03-06 23:00:00,31850.165234755757
2024-03-07 00:00:00,30345.248088351862
2024-03-07 01:00:00,29161.416117243803
2024-03-07 02:00:00,29660.98544228751
2024-03-07 03:00:00,31194.930643391865
2024-03-07 04:00:00,35424.16133058551
2024-03-07 05:00:00,42829.83703455802
2024-03-07 06:00:00,43444.405193793515
2024-03-07 07:00:00,40840.7595951678
2024-03-07 08:00:00,37738.94638321282
2024-03-07 09:00:00,35701.50979922753
2024-03-07 10:00:00,33314.105322474854
2024-03-07 11:00:00,32103.012563570726
2024-03-07 12:00:00,30601.492524607424
2024-03-07 13:00:00,29415.06765861053
2024-03-07 14:00:00,29939.21436173332
2024-03-07 15:00:00,31611.078434661988
2024-03-07 16:00:00,35594.98486489812
2024-03-07 17:00:00,42751.3138208498
2024-03-07 18:00:00,43430.80336676751
2024-03-07 19:00:00,41084.6096298738
2024-03-07 20:00:00,38025.29817820383
2024-03-07 21:00:00,35854.47951398944
2024-03-07 22:00:00,33197.74480956643
2024-03-07 23:00:00,31976.589962582726
2024-03-08 00:00:00,30537.422981836105
2024-03-08 01:00:00,29356.171986947476
2024-03-08 02:00:00,29875.778793835074
2024-03-08 03:00:00,31412.002019030224
2024-03-08 04:00:00,35710.259719571346
2024-03-08 05:00:00,43142.13471541216
2024-03-08 06:00:00,43968.78205019871
2024-03-08 07:00:00,41519.6842430497
2024-03-08 08:00:00,38318.13970769316
2024-03-08 09:00:00,36125.65295807393
2024-03-08 10:00:00,33712.57221135355
2024-03-08 11:00:00,32941.51479452184
2024-03-08 12:00:00,31470.375074913234
2024-03-08 13:00:00,30283.64626480129
2024-03-08 14:00:00,30744.90545304547
2024-03-08 15:00:00,31806.026211439817
2024-03-08 16:00:00,35645.072507993806
2024-03-08 17:00:00,42922.4667544562
2024-03-08 18:00:00,43781.55532743405
2024-03-08 19:00:00,41404.98309020436
2024-03-08 20:00:00,38250.60474257417
2024-03-08 21:00:00,35983.764747265435
2024-03-08 22:00:00,33345.940491980284
2024-03-08 23:00:00,32065.802798680692
2024-03-09 00:00:00,30665.34452977821
2024-03-09 01:00:00,29499.29528162796
2024-03-09 02:00:00,30081.767899947634
2024-03-09 03:00:00,31687.016006704667
2024-03-09 04:00:00,35972.35211379857
2024-03-09 05:00:00,43392.910592192224
2024-03-09 06:00:00,44236.535501368846
2024-03-09 07:00:00,41739.07711697766
2024-03-09 08:00:00,38613.0178458597
2024-03-09 09:00:00,36495.38777175436
2024-03-09 10:00:00,34207.08280437247
2024-03-09 11:00:00,32945.39653790701
2024-03-09 12:00:00,31451.790371107123
2024-03-09 13:00:00,30243.874735149282
2024-03-09 14:00:00,30744.579006788113
2024-03-09 15:00:00,32028.79632442462
2024-03-09 16:00:00,35720.74926778945
2024-03-09 17:00:00,43010.110609184085
2024-03-09 18:00:00,43853.045630703324
2024-03-09 19:00:00,41462.25029870942
2024-03-09 20:00:00,38308.52339250545
2024-03-09 21:00:00,36040.38299181939
2024-03-09 22:00:00,33387.05474444395
2024-03-09 23:00:00,32103.339809369354
2024-03-10 00:00:00,30660.812783555888
2024-03-10 01:00:00,29446.427532403763
2024-03-10 02:00:00,29932.574709187546
2024-03-10 03:00:00,31465.069882378557
2024-03-10 04:00:00,35687.84659835452
2024-03-10 05:00:00,43026.45958626636
2024-03-10 06:00:00,43872.337903701235
2024-03-10 07:00:00,41370.8438139981
2024-03-10 08:00:00,38128.550915803695
2024-03-10 09:00:00,35887.57468991046
2024-03-10 10:00:00,33244.45545313932
2024-03-10 11:00:00,31967.718827331388
2024-03-10 12:00:00,30500.45962611717
2024-03-10 13:00:00,29291.416043445883
2024-03-10 14:00:00,29795.02582181504
2024-03-10 15:00:00,31292.624845390248
2024-03-10 16:00:00,35500.09796284454
2024-03-10 17:00:00,42858.95767049472
2024-03-10 18:00:00,43569.35434048418
2024-03-10 19:00:00,41211.99988311281
2024-03-10 20:00:00,38057.319654546096
2024-03-10 21:00:00,35811.64575561027
2024-03-10 22:00:00,33199.36831595571
2024-03-10 23:00:00,31881.565083558256
2024-03-11 00:00:00,30333.23637724642
2024-03-11 01:00:00,29183.99384876437
2024-03-11 02:00:00,29669.013695122354
2024-03-11 03:00:00,31207.668175672858
2024-03-11 04:00:00,35429.6231165987
2024-03-11 05:00:00,42760.95255558398
2024-03-11 06:00:00,43377.269533665436
2024-03-11 07:00:00,40816.59439567613
2024-03-11 08:00:00,37546.6738299377
2024-03-11 09:00:00,35387.01652820114
2024-03-11 10:00:00,32864.16271989831
2024-03-11 11:00:00,31640.44570754301
2024-03-11 12:00:00,30183.703310672267
2024-03-11 13:00:00,28978.692903220493
2024-03-11 14:00:00,29466.797438314163
2024-03-11 15:00:00,30865.944929142694
2024-03-11 16:00:00,34853.37595553056
2024-03-11 17:00:00,42087.10949606526
2024-03-11 18:00:00,42603.641878206654
2024-03-11 19:00:00,40363.67147599063
2024-03-11 20:00:00,37600.06305799789
2024-03-11 21:00:00,35551.61679063236
2024-03-11 22:00:00,32969.09230755647
2024-03-11 23:00:00,31807.77023519785
2024-03-12 00:00:00,30417.9825373556
2024-03-12 01:00:00,29236.407707853334
2024-03-12 02:00:00,29745.042970380066
2024-03-12 03:00:00,31277.062492775876
2024-03-12 04:00:00,35527.79582243922
2024-03-12 05:00:00,42907.290513892665
2024-03-12 06:00:00,43534.3835481538
2024-03-12 07:00:00,41140.856170987856
2024-03-12 08:00:00,37723.75722469574
2024-03-12 09:00:00,35660.83705682641
2024-03-12 10:00:00,33155.48262006522
2024-03-12 11:00:00,31929.206010667665
2024-03-12 12:00:00,30454.204341182078
2024-03-12 13:00:00,29283.152637073683
2024-03-12 14:00:00,29795.999833293074
2024-03-12 15:00:00,31335.14623921142
2024-03-12 16:00:00,35512.841395101575
2024-03-12 17:00:00,42845.6523736555
2024-03-12 18:00:00,43617.095968669986
2024-03-12 19:00:00,41323.32623480248
2024-03-12 20:00:00,38342.346019427634
2024-03-12 21:00:00,36021.317210265646
2024-03-12 22:00:00,33375.58085911909
2024-03-12 23:00:00,32107.416425408668
2024-03-13 00:00:00,30613.822032678123
2024-03-13 01:00:00,29428.062175660736
2024-03-13 02:00:00,29941.685305532395
2024-03-13 03:00:00,31467.243326603384
2024-03-13 04:00:00,35675.95251617667
2024-03-13 05:00:00,43081.47166300793
2024-03-13 06:00:00,43871.07239098137
2024-03-13 07:00:00,41440.85187720585
2024-03-13 08:00:00,38211.32942932958
2024-03-13 09:00:00,35967.46732462273
2024-03-13 10:00:00,33397.425177186815
2024-03-13 11:00:00,32138.815348211687
2024-03-13 12:00:00,30647.961403319096
2024-03-13 13:00:00,29484.499267577063
2024-03-13 14:00:00,29972.429892083335
2024-03-13 15:00:00,31393.69489266881
2024-03-13 16:00:00,35593.05182553209
2024-03-13 17:00:00,42818.32367829875
2024-03-13 18:00:00,43700.081239946514
2024-03-13 19:00:00,41435.566550662
2024-03-13 20:00:00,38270.5662119641
2024-03-13 21:00:00,36011.94793411251
2024-03-13 22:00:00,33364.60748742019
2024-03-13 23:00:00,32109.368022386767
2024-03-14 00:00:00,30677.425110835564
2024-03-14 01:00:00,29490.68963757825
2024-03-14 02:00:00,30007.392237433112
2024-03-14 03:00:00,31551.05801690858
2024-03-14 04:00:00,35781.43249332025
2024-03-14 05:00:00,43213.64813135472
2024-03-14 06:00:00,44003.72469584158
2024-03-14 07:00:00,41443.67325467947
2024-03-14 08:00:00,38142.19862251959
2024-03-14 09:00:00,36033.65175987188
2024-03-14 10:00:00,33492.233560006294
2024-03-14 11:00:00,32309.78161364882
2024-03-14 12:00:00,30831.851683942554
2024-03-14 13:00:00,29647.70160470326
2024-03-14 14:00:00,30017.751308661143
2024-03-14 15:00:00,31448.253603084842
2024-03-14 16:00:00,35614.30037932733
2024-03-14 17:00:00,42936.91527590978
2024-03-14 18:00:00,43838.71113374068
2024-03-14 19:00:00,41452.608940432234
2024-03-14 20:00:00,38273.36203987266
2024-03-14 21:00:00,36067.482598655464
2024-03-14 22:00:00,33434.021275934945
2024-03-14 23:00:00,32147.10029083529
2024-03-15 00:00:00,30738.339149073276
2024-03-15 01:00:00,29564.528332793117
2024-03-15 02:00:00,30086.262044383988
2024-03-15 03:00:00,31632.985980784608
2024-03-15 04:00:00,35870.64828559741
2024-03-15 05:00:00,43262.44447579489
2024-03-15 06:00:00,44020.512515406335
2024-03-15 07:00:00,41578.96931866529
2024-03-15 08:00:00,38411.85576798177
2024-03-15 09:00:00,36147.43515870875
2024-03-15 10:00:00,33519.34064781688
2024-03-15 11:00:00,32271.72414477212
2024-03-15 12:00:00,30858.329040281653
2024-03-15 13:00:00,29903.976983475142
2024-03-15 14:00:00,30566.53830675587
2024-03-15 15:00:00,31760.280952334466
2024-03-15 16:00:00,35736.32044683688
2024-03-15 17:00:00,43109.39507198208
2024-03-15 18:00:00,43918.704522494685
2024-03-15 19:00:00,41533.232649766884
2024-03-15 20:00:00,38331.67216542876
2024-03-15 21:00:00,36034.60677411337
2024-03-15 22:00:00,33399.54118997167
2024-03-15 23:00:00,32029.176045963064
2024-03-16 00:00:00,30400.765672016743
2024-03-16 01:00:00,29265.619829508872
2024-03-16 02:00:00,29841.349946030103
2024-03-16 03:00:00,31332.299937276952
2024-03-16 04:00:00,35555.41283456756
2024-03-16 05:00:00,42946.061438054094
2024-03-16 06:00:00,43812.793018593926
2024-03-16 07:00:00,41462.131252973166
2024-03-16 08:00:00,38357.94767010996
2024-03-16 09:00:00,36141.08239239453
2024-03-16 10:00:00,33510.88394837828
2024-03-16 11:00:00,32202.288096813936
2024-03-16 12:00:00,30775.643131293833
2024-03-16 13:00:00,29594.571909966202
2024-03-16 14:00:00,29967.028293574418
2024-03-16 15:00:00,31354.15924980442
2024-03-16 16:00:00,35335.53183675642
2024-03-16 17:00:00,42574.85056770894
2024-03-16 18:00:00,43262.853914200045
2024-03-16 19:00:00,40949.6817746946
2024-03-16 20:00:00,38159.70707625244
2024-03-16 21:00:00,35942.18346741772
2024-03-16 22:00:00,33322.49313443344
2024-03-16 23:00:00,32039.93184736155
2024-03-17 00:00:00,30543.23778158467
2024-03-17 01:00:00,29338.872893817916
2024-03-17 02:00:00,29841.523974715947
2024-03-17 03:00:00,31361.25073219984
2024-03-17 04:00:00,35592.60534216996
2024-03-17 05:00:00,42988.76345131958
2024-03-17 06:00:00,43824.44092133762
2024-03-17 07:00:00,41262.26032013128
2024-03-17 08:00:00,37653.17950676978
2024-03-17 09:00:00,35596.71933019799
2024-03-17 10:00:00,33080.38953449032
2024-03-17 11:00:00,31892.926885009827
2024-03-17 12:00:00,30433.775474874372
2024-03-17 13:00:00,29261.746904650252
2024-03-17 14:00:00,29810.33037556412
2024-03-17 15:00:00,31210.558792624128
2024-03-17 16:00:00,35390.176389668435
2024-03-17 17:00:00,42797.53237498519
2024-03-17 18:00:00,43580.62635038046
2024-03-17 19:00:00,40838.58684728015
2024-03-17 20:00:00,37593.02788538036
2024-03-17 21:00:00,35614.042021041205
2024-03-17 22:00:00,33093.64870110294
2024-03-17 23:00:00,32023.10405992048
2024-03-18 00:00:00,30534.715722510522
2024-03-18 01:00:00,29343.62227688166
2024-03-18 02:00:00,29827.992949186457
2024-03-18 03:00:00,31428.410769497805
2024-03-18 04:00:00,35632.443177357105
2024-03-18 05:00:00,42999.652886217445
2024-03-18 06:00:00,43800.71992436496
2024-03-18 07:00:00,40905.25820427805
2024-03-18 08:00:00,37625.5971191168
2024-03-18 09:00:00,35738.93180952869
2024-03-18 10:00:00,33207.70389787358
2024-03-18 11:00:00,32016.359185353416
2024-03-18 12:00:00,30570.955948155253
2024-03-18 13:00:00,29355.10135506235
2024-03-18 14:00:00,29834.790789808827
2024-03-18 15:00:00,31254.27529974341
2024-03-18 16:00:00,35440.679256390555
2024-03-18 17:00:00,42448.11520826232
2024-03-18 18:00:00,42966.34677474962
2024-03-18 19:00:00,40351.90401959421
2024-03-18 20:00:00,37439.82084725011
2024-03-18 21:00:00,35498.65417658527
2024-03-18 22:00:00,32927.149160649606
2024-03-18 23:00:00,31714.13315442422
2024-03-19 00:00:00,30222.644011674605
2024-03-19 01:00:00,29056.922511018704
2024-03-19 02:00:00,29533.052761678096
2024-03-19 03:00:00,31037.579003075574
2024-03-19 04:00:00,35261.172585391694
2024-03-19 05:00:00,42606.56816021946
2024-03-19 06:00:00,42908.91787530324
2024-03-19 07:00:00,40497.77283900458
2024-03-19 08:00:00,37585.849125091016
2024-03-19 09:00:00,35761.44181495391
2024-03-19 10:00:00,33177.82206949421
2024-03-19 11:00:00,31887.332204519407
2024-03-19 12:00:00,30458.409520574103
2024-03-19 13:00:00,29209.745043934177
2024-03-19 14:00:00,29703.65991662119
2024-03-19 15:00:00,31117.158866685302
2024-03-19 16:00:00,35088.03244086749
2024-03-19 17:00:00,41979.51636223806
2024-03-19 18:00:00,42059.36033296312
2024-03-19 19:00:00,39805.54371008782
2024-03-19 20:00:00,37155.396532261344
2024-03-19 21:00:00,35181.09520652668
2024-03-19 22:00:00,32691.56060384074
2024-03-19 23:00:00,31651.419522222222
2024-03-20 00:00:00,30219.89012609714
2024-03-20 01:00:00,29057.39983952151
2024-03-20 02:00:00,29587.201240779963
2024-03-20 03:00:00,31132.647806110454
2024-03-20 04:00:00,35375.3251926257
2024-03-20 05:00:00,42754.68115528994
2024-03-20 06:00:00,43474.882404067095
2024-03-20 07:00:00,40789.33183853291
2024-03-20 08:00:00,37521.79199902126
2024-03-20 09:00:00,35609.906214120165
2024-03-20 10:00:00,33074.1454961567
2024-03-20 11:00:00,31844.63404614635
2024-03-20 12:00:00,30406.494945144233
2024-03-20 13:00:00,29274.258249820636
2024-03-20 14:00:00,29689.260487253392
2024-03-20 15:00:00,31215.63069046649
2024-03-20 16:00:00,35278.817365258416
2024-03-20 17:00:00,42283.193413754365
2024-03-20 18:00:00,42728.97602382807
2024-03-20 19:00:00,40425.82639506274
2024-03-20 20:00:00,37670.74476705639
2024-03-20 21:00:00,35670.22621385069
2024-03-20 22:00:00,33156.79490262274
2024-03-20 23:00:00,32024.296686524554
2024-03-21 00:00:00,31129.628376130757
2024-03-21 01:00:00,29689.80599936841
2024-03-21 02:00:00,30222.838585984486
2024-03-21 03:00:00,31794.004084920118
2024-03-21 04:00:00,35979.75877539045
2024-03-21 05:00:00,43275.172170526894
2024-03-21 06:00:00,44099.3535282304
2024-03-21 07:00:00,41342.110709366716
2024-03-21 08:00:00,38131.66776202756
2024-03-21 09:00:00,35992.75930132081
2024-03-21 10:00:00,33407.187224235095
2024-03-21 11:00:00,32138.555469108596
2024-03-21 12:00:00,30647.04884118635
2024-03-21 13:00:00,29431.04210227495
2024-03-21 14:00:00,29955.836414664154
2024-03-21 15:00:00,31456.18407063616
2024-03-21 16:00:00,35632.08959111408
2024-03-21 17:00:00,42880.770266694955
2024-03-21 18:00:00,43804.25712703374
2024-03-21 19:00:00,41372.05955195049
2024-03-21 20:00:00,38187.95791123951
2024-03-21 21:00:00,35925.156983099274
2024-03-21 22:00:00,33272.81048059109
2024-03-21 23:00:00,32063.199934712884
2024-03-22 00:00:00,30856.785160798896
2024-03-22 01:00:00,29440.40460779751
2024-03-22 02:00:00,29919.267672525184
2024-03-22 03:00:00,31453.243260137613
2024-03-22 04:00:00,35680.22240034507
2024-03-22 05:00:00,43125.22132819495
2024-03-22 06:00:00,44010.554362012794
2024-03-22 07:00:00,41674.285913950356
2024-03-22 08:00:00,38565.893224276464
2024-03-22 09:00:00,36690.09123280375
2024-03-22 10:00:00,34244.757211928336
2024-03-22 11:00:00,32945.54898077262
2024-03-22 12:00:00,31483.165463417197
2024-03-22 13:00:00,30288.17154455245
2024-03-22 14:00:00,30788.071179907543
2024-03-22 15:00:00,32285.339259107095
2024-03-22 16:00:00,36494.87780390314
2024-03-22 17:00:00,43141.7712411822
2024-03-22 18:00:00,43889.28310574378
2024-03-22 19:00:00,41429.11232621729
2024-03-22 20:00:00,38319.75988540425
2024-03-22 21:00:00,36162.240916152085
2024-03-22 22:00:00,33593.64288003491
2024-03-22 23:00:00,32485.60615413984
2024-03-23 00:00:00,30932.618486120264
2024-03-23 01:00:00,30029.0716483865
2024-03-23 02:00:00,30580.40674704283
2024-03-23 03:00:00,31986.76514558096
2024-03-23 04:00:00,36173.800816150084
2024-03-23 05:00:00,43481.012806373175
2024-03-23 06:00:00,44382.0237078914
2024-03-23 07:00:00,41792.79655847418
2024-03-23 08:00:00,38517.492526885275
2024-03-23 09:00:00,36195.495405790825
2024-03-23 10:00:00,33564.66586181568
2024-03-23 11:00:00,32164.686175355127
2024-03-23 12:00:00,30649.086987202325
2024-03-23 13:00:00,29462.528529036856
2024-03-23 14:00:00,29951.086688723215
2024-03-23 15:00:00,31433.15322006047
2024-03-23 16:00:00,35643.341584608504
2024-03-23 17:00:00,42954.10531334684
2024-03-23 18:00:00,43571.744981223565
2024-03-23 19:00:00,41166.0914356069
2024-03-23 20:00:00,38093.9294340342
2024-03-23 21:00:00,35856.02355636207
2024-03-23 22:00:00,33205.60742068216
2024-03-23 23:00:00,31926.30112698592
2024-03-24 00:00:00,30440.77630325208
2024-03-24 01:00:00,29236.41231733277
2024-03-24 02:00:00,29733.70791911606
2024-03-24 03:00:00,31218.350129758284
2024-03-24 04:00:00,35412.9980166054
2024-03-24 05:00:00,42667.14700579717
2024-03-24 06:00:00,43354.5148297549
2024-03-24 07:00:00,40535.79232262157
2024-03-24 08:00:00,37563.73413144819
2024-03-24 09:00:00,35651.26208306238
2024-03-24 10:00:00,33112.11732994781
2024-03-24 11:00:00,31915.13279677773
2024-03-24 12:00:00,30451.447876101178
2024-03-24 13:00:00,29221.36708956659
2024-03-24 14:00:00,29700.73066285925
2024-03-24 15:00:00,31065.37149251325
2024-03-24 16:00:00,35185.13191975767
2024-03-24 17:00:00,42105.32250232812
2024-03-24 18:00:00,41959.23118402841
2024-03-24 19:00:00,39955.49188235179
2024-03-24 20:00:00,37514.41314275006
2024-03-24 21:00:00,35571.05772495383
2024-03-24 22:00:00,32958.309000252535
2024-03-24 23:00:00,31735.92660547624
2024-03-25 00:00:00,30159.497536511313
2024-03-25 01:00:00,29058.311786748716
2024-03-25 02:00:00,29629.705863119823
2024-03-25 03:00:00,31162.20763088948
2024-03-25 04:00:00,35362.68945614755
2024-03-25 05:00:00,42745.736131356934
2024-03-25 06:00:00,43484.6924553073
2024-03-25 07:00:00,41096.50768851433
2024-03-25 08:00:00,38009.79957527516
2024-03-25 09:00:00,35900.81590692577
2024-03-25 10:00:00,33444.48685327163
2024-03-25 11:00:00,32146.55740995999
2024-03-25 12:00:00,30667.844460900968
2024-03-25 13:00:00,29500.845866766467
2024-03-25 14:00:00,30144.19300471252
2024-03-25 15:00:00,31421.810864136478
2024-03-25 16:00:00,35413.97492629239
2024-03-25 17:00:00,42837.803894708064
2024-03-25 18:00:00,43758.863973836706
2024-03-25 19:00:00,41380.53492865378
2024-03-25 20:00:00,38232.019669167166
2024-03-25 21:00:00,35965.337810285615
2024-03-25 22:00:00,33328.844074424924
2024-03-25 23:00:00,32052.4439327339
2024-03-26 00:00:00,30544.561978530528
2024-03-26 01:00:00,29323.370346810007
2024-03-26 02:00:00,29820.666155550796
2024-03-26 03:00:00,31390.553334683875
2024-03-26 04:00:00,35639.54552510956
2024-03-26 05:00:00,43039.09526484552
2024-03-26 06:00:00,43864.575303256745
2024-03-26 07:00:00,41368.67954742571
2024-03-26 08:00:00,38181.20005438693
2024-03-26 09:00:00,35912.74315923496
2024-03-26 10:00:00,33228.35057765087
2024-03-26 11:00:00,32020.69643583878
2024-03-26 12:00:00,30519.170552037067
2024-03-26 13:00:00,29280.849252216867
2024-03-26 14:00:00,29750.32423742295
2024-03-26 15:00:00,31255.68006033472
2024-03-26 16:00:00,35266.73139596384
2024-03-26 17:00:00,42387.29209946064
2024-03-26 18:00:00,42837.04608626789
2024-03-26 19:00:00,40487.01663825024
2024-03-26 20:00:00,37597.31472363196
2024-03-26 21:00:00,35540.8927488324
2024-03-26 22:00:00,32902.27407898862
2024-03-26 23:00:00,31740.241904535553
2024-03-27 00:00:00,30172.530564212597
2024-03-27 01:00:00,29069.566760827747
2024-03-27 02:00:00,29688.993766926065
2024-03-27 03:00:00,31321.963462723248
2024-03-27 04:00:00,35567.551495389256
2024-03-27 05:00:00,42984.406648632
2024-03-27 06:00:00,43814.093261335765
2024-03-27 07:00:00,41147.382642750286
2024-03-27 08:00:00,37867.0685166218
2024-03-27 09:00:00,35880.692767617336
2024-03-27 10:00:00,33483.73749005095
2024-03-27 11:00:00,32333.006863278424
2024-03-27 12:00:00,30919.479505409327
2024-03-27 13:00:00,29753.933704485422
2024-03-27 14:00:00,30267.581398577917
2024-03-27 15:00:00,31862.692151133946
2024-03-27 16:00:00,35959.48632093311
2024-03-27 17:00:00,43062.09104257473
2024-03-27 18:00:00,43754.763175348
2024-03-27 19:00:00,41371.90285691818
2024-03-27 20:00:00,38288.89902618177
2024-03-27 21:00:00,36065.26260548349
2024-03-27 22:00:00,33710.503416285006
2024-03-27 23:00:00,32540.3828941669
2024-03-28 00:00:00,31118.591402679078
2024-03-28 01:00:00,29939.295789569704
2024-03-28 02:00:00,30543.196180793882
2024-03-28 03:00:00,32096.08252688159
2024-03-28 04:00:00,36292.337210232865
2024-03-28 05:00:00,43683.170645071834
2024-03-28 06:00:00,44428.58812076394
2024-03-28 07:00:00,42015.33389095856
2024-03-28 08:00:00,38918.10787321101
2024-03-28 09:00:00,36688.79256115529
2024-03-28 10:00:00,33972.06695251478
2024-03-28 11:00:00,32640.177937164102
2024-03-28 12:00:00,31241.526525009984
2024-03-28 13:00:00,30084.394502395353
2024-03-28 14:00:00,30526.871291983178
2024-03-28 15:00:00,31912.676193421925
2024-03-28 16:00:00,35695.35967131168
2024-03-28 17:00:00,42622.01009656747
2024-03-28 18:00:00,43135.47591588324
2024-03-28 19:00:00,40671.90356841082
2024-03-28 20:00:00,37762.29483503665
2024-03-28 21:00:00,35610.78363932867
2024-03-28 22:00:00,33017.61739264665
2024-03-28 23:00:00,31812.54043220807
2024-03-29 00:00:00,30330.897763893132
2024-03-29 01:00:00,29303.160227751265
2024-03-29 02:00:00,29791.890454964057
2024-03-29 03:00:00,31308.237381284063
2024-03-29 04:00:00,35537.97447354454
2024-03-29 05:00:00,42862.64679343035
2024-03-29 06:00:00,43837.40682865021
2024-03-29 07:00:00,41604.508060353524
2024-03-29 08:00:00,38444.35146527844
2024-03-29 09:00:00,36156.65941722345
2024-03-29 10:00:00,33661.664954869026
2024-03-29 11:00:00,32539.103171955354
2024-03-29 12:00:00,31035.45186205735
2024-03-29 13:00:00,30031.178858308445
2024-03-29 14:00:00,30487.555811952843
2024-03-29 15:00:00,31708.552993205423
2024-03-29 16:00:00,35646.523813228
2024-03-29 17:00:00,42657.26909238773
2024-03-29 18:00:00,43359.635059103406
2024-03-29 19:00:00,41418.17798754678
2024-03-29 20:00:00,38218.09594225499
2024-03-29 21:00:00,35948.812402670614
2024-03-29 22:00:00,33099.45721762642
2024-03-29 23:00:00,31881.456020971327
2024-03-30 00:00:00,30227.394356025565
2024-03-30 01:00:00,29164.87370833503
2024-03-30 02:00:00,29693.22290695993
2024-03-30 03:00:00,31283.494846353693
2024-03-30 04:00:00,35545.91195276785
2024-03-30 05:00:00,42872.18939950941
2024-03-30 06:00:00,43628.12367007737
2024-03-30 07:00:00,41325.65841785476
2024-03-30 08:00:00,38362.03471904117
2024-03-30 09:00:00,36239.95259064491
2024-03-30 10:00:00,33673.00648471218
2024-03-30 11:00:00,32371.194599197006
2024-03-30 12:00:00,30916.421662794335
2024-03-30 13:00:00,29747.644582943307
2024-03-30 14:00:00,30216.967583836715
2024-03-30 15:00:00,31597.4376946652
2024-03-30 16:00:00,35416.52979933882
2024-03-30 17:00:00,42470.124523841194
2024-03-30 18:00:00,42887.67724264451
2024-03-30 19:00:00,41023.37653067777
2024-03-30 20:00:00,38043.72485244276
2024-03-30 21:00:00,35860.1846963919
2024-03-30 22:00:00,33357.120732875526
2024-03-30 23:00:00,32136.84273620926
2024-03-31 00:00:00,30659.559042335284
2024-03-31 01:00:00,29498.86950965326
2024-03-31 02:00:00,30039.362482725825
2024-03-31 03:00:00,31462.70175190695
2024-03-31 04:00:00,35649.26430706315
2024-03-31 05:00:00,42965.1983362158
2024-03-31 06:00:00,43741.66818713372
2024-03-31 07:00:00,41427.88300075329
2024-03-31 08:00:00,38191.068844005225
2024-03-31 09:00:00,36024.35841771065
2024-03-31 10:00:00,33520.79809894815
2024-03-31 11:00:00,32156.25079225819
2024-03-31 12:00:00,30882.614364424066
2024-03-31 13:00:00,29693.626603869114
2024-03-31 14:00:00,30037.739165277217
2024-03-31 15:00:00,31543.571307801936
2024-03-31 16:00:00,35836.5718064118
2024-03-31 17:00:00,43124.53995901176
2024-03-31 18:00:00,43974.7562592036
2024-03-31 19:00:00,41550.65202829479
2024-03-31 20:00:00,38383.55348191584
2024-03-31 21:00:00,36240.434685940614
2024-03-31 22:00:00,33765.84352612679
2024-03-31 23:00:00,32243.425533174803
2024-04-01 00:00:00,30864.180737427636
2024-04-01 01:00:00,29977.63572075844
2024-04-01 02:00:00,30622.28279851698
2024-04-01 03:00:00,32230.336829951408
2024-04-01 04:00:00,36378.40844606491
2024-04-01 05:00:00,42989.29150955473
2024-04-01 06:00:00,43582.02236725254
2024-04-01 07:00:00,41262.5770160308
2024-04-01 08:00:00,38416.05323271805
2024-04-01 09:00:00,36284.27763220105
2024-04-01 10:00:00,33609.42566855905
2024-04-01 11:00:00,32296.64084860127
2024-04-01 12:00:00,30746.10586897482
2024-04-01 13:00:00,29703.970361185984
2024-04-01 14:00:00,30338.27435360555
2024-04-01 15:00:00,32118.901476032934
2024-04-01 16:00:00,35825.403395078065
2024-04-01 17:00:00,42738.93259836811
2024-04-01 18:00:00,43241.88215368166
2024-04-01 19:00:00,40842.86800547001
2024-04-01 20:00:00,37912.225076899434
2024-04-01 21:00:00,35692.77445584194
2024-04-01 22:00:00,33098.65451051987
2024-04-01 23:00:00,31745.90163625154
2024-04-02 00:00:00,30291.430893116518
2024-04-02 01:00:00,29110.98631519371
2024-04-02 02:00:00,29698.53623450659
2024-04-02 03:00:00,31212.303072801446
2024-04-02 04:00:00,35384.467219649014
2024-04-02 05:00:00,42379.87282940987
2024-04-02 06:00:00,42877.55721953275
2024-04-02 07:00:00,40470.28649286239
2024-04-02 08:00:00,37542.85501951157
2024-04-02 09:00:00,35167.4893057001
2024-04-02 10:00:00,32776.475097860006
2024-04-02 11:00:00,31618.132202447327
2024-04-02 12:00:00,30208.464418451214
2024-04-02 13:00:00,29062.651743407678
2024-04-02 14:00:00,29793.801903942138
2024-04-02 15:00:00,31275.693420880594
2024-04-02 16:00:00,35358.91061695407
2024-04-02 17:00:00,42540.16518483636
2024-04-02 18:00:00,43060.96182545065
2024-04-02 19:00:00,40774.168907150255
2024-04-02 20:00:00,37967.69562233201
2024-04-02 21:00:00,35909.14931432881
2024-04-02 22:00:00,33350.26786462177
2024-04-02 23:00:00,32062.982878075432
2024-04-03 00:00:00,30610.615659461582
2024-04-03 01:00:00,29432.447972955324
2024-04-03 02:00:00,29910.184041267203
2024-04-03 03:00:00,31421.67398337607
2024-04-03 04:00:00,35621.33529164992
2024-04-03 05:00:00,42929.85395980657
2024-04-03 06:00:00,43725.883287752615
2024-04-03 07:00:00,41159.13924885767
2024-04-03 08:00:00,38014.85568846702
2024-04-03 09:00:00,35784.88922854241
2024-04-03 10:00:00,33225.20728478228
2024-04-03 11:00:00,32005.40841984205
2024-04-03 12:00:00,30542.525050024862
2024-04-03 13:00:00,29346.424391624772
2024-04-03 14:00:00,29835.784399085962
2024-04-03 15:00:00,31338.558700735448
2024-04-03 16:00:00,35378.75205913533
2024-04-03 17:00:00,42695.99435260956
2024-04-03 18:00:00,43321.40062096052
2024-04-03 19:00:00,41248.59759413764
2024-04-03 20:00:00,38177.56480042924
2024-04-03 21:00:00,35950.65460573516
2024-04-03 22:00:00,33312.38377139546
2024-04-03 23:00:00,32089.93757417284
2024-04-04 00:00:00,30623.64847021221
2024-04-04 01:00:00,29435.961043958865
2024-04-04 02:00:00,29969.319699104293
2024-04-04 03:00:00,31495.53400231933
2024-04-04 04:00:00,35731.10625473082
2024-04-04 05:00:00,42941.738185198185
2024-04-04 06:00:00,43542.73053249916
2024-04-04 07:00:00,41083.523236702094
2024-04-04 08:00:00,38082.70890241385
2024-04-04 09:00:00,36086.790928619455
2024-04-04 10:00:00,33508.50295952009
2024-04-04 11:00:00,32226.120519165204
2024-04-04 12:00:00,30804.33054147011
2024-04-04 13:00:00,29644.29243543002
2024-04-04 14:00:00,30361.06519838926
2024-04-04 15:00:00,32130.87112120061
2024-04-04 16:00:00,35890.11071555984
2024-04-04 17:00:00,43111.764223720835
2024-04-04 18:00:00,43921.0396582813
2024-04-04 19:00:00,41505.37190789744
2024-04-04 20:00:00,38312.20812498367
2024-04-04 21:00:00,36050.710050116846
2024-04-04 22:00:00,33442.516604507
2024-04-04 23:00:00,32260.40505698282
2024-04-05 00:00:00,30743.654535870224
2024-04-05 01:00:00,29532.178394884577
2024-04-05 02:00:00,30018.480201558996
2024-04-05 03:00:00,31493.257252599262
2024-04-05 04:00:00,35715.55831529053
2024-04-05 05:00:00,43107.0235209902
2024-04-05 06:00:00,43955.639162706924
2024-04-05 07:00:00,41565.022004770566
2024-04-05 08:00:00,38395.496600186154
2024-04-05 09:00:00,36427.725999061026
2024-04-05 10:00:00,34170.68272290468
2024-04-05 11:00:00,32677.866911751567
2024-04-05 12:00:00,31419.431579842287
2024-04-05 13:00:00,30243.216238686284
2024-04-05 14:00:00,30743.266974953473
2024-04-05 15:00:00,32260.093140511202
2024-04-05 16:00:00,36240.28315241194
2024-04-05 17:00:00,43062.40811051097
2024-04-05 18:00:00,43960.506244044846
2024-04-05 19:00:00,41619.21900232852
2024-04-05 20:00:00,38468.926933507704
2024-04-05 21:00:00,36262.27083813809
2024-04-05 22:00:00,33836.515164238204
2024-04-05 23:00:00,32767.318556237056
2024-04-06 00:00:00,31450.332260328647
2024-04-06 01:00:00,30243.865462010563
2024-04-06 02:00:00,30744.240976327525
2024-04-06 03:00:00,32261.71628373277
2024-04-06 04:00:00,36495.98782469734
2024-04-06 05:00:00,43914.798281713236
2024-04-06 06:00:00,44784.75202124312
2024-04-06 07:00:00,42377.480456185134
2024-04-06 08:00:00,39176.07774370993
2024-04-06 09:00:00,36906.166990324076
2024-04-06 10:00:00,34293.768067428
2024-04-06 11:00:00,33011.06021282731
2024-04-06 12:00:00,31557.71814317439
2024-04-06 13:00:00,30405.616727446748
2024-04-06 14:00:00,30825.75744029165
2024-04-06 15:00:00,32264.299922749622
2024-04-06 16:00:00,36426.77564067561
2024-04-06 17:00:00,43288.54094999679
2024-04-06 18:00:00,44038.81116112573
2024-04-06 19:00:00,41604.5161819462
2024-04-06 20:00:00,38396.17288810528
2024-04-06 21:00:00,36164.60048942672
2024-04-06 22:00:00,33553.631535499604
2024-04-06 23:00:00,32276.10511850751
2024-04-07 00:00:00,30811.767799410532
2024-04-07 01:00:00,29610.48385329698
2024-04-07 02:00:00,30067.033526749732
2024-04-07 03:00:00,31549.400532241358
2024-04-07 04:00:00,35770.42262045186
2024-04-07 05:00:00,43097.851768067936
2024-04-07 06:00:00,43924.93373567218
2024-04-07 07:00:00,41439.3783746096
2024-04-07 08:00:00,37867.76565957874
2024-04-07 09:00:00,36029.86765743538
2024-04-07 10:00:00,33378.80392388931
2024-04-07 11:00:00,32083.627024983318
2024-04-07 12:00:00,30536.973497397892
2024-04-07 13:00:00,29307.54256237415
2024-04-07 14:00:00,29886.202164182712
2024-04-07 15:00:00,31129.53433884454
2024-04-07 16:00:00,35282.77199547645
2024-04-07 17:00:00,42218.136686449514
2024-04-07 18:00:00,42564.04292162163
2024-04-07 19:00:00,40358.96069265756
2024-04-07 20:00:00,37803.55923108496
2024-04-07 21:00:00,35658.1855981829
2024-04-07 22:00:00,33109.821831712296
2024-04-07 23:00:00,31679.783400711203
2024-04-08 00:00:00,30329.467070024322
2024-04-08 01:00:00,29196.925165538698
2024-04-08 02:00:00,29789.658036471737
2024-04-08 03:00:00,31277.684971412174
2024-04-08 04:00:00,35436.90429955388
2024-04-08 05:00:00,42666.164770953685
2024-04-08 06:00:00,43329.89181024303
2024-04-08 07:00:00,41087.12405435045
2024-04-08 08:00:00,38071.23814154146
2024-04-08 09:00:00,36069.66014950483
2024-04-08 10:00:00,33533.74485529362
2024-04-08 11:00:00,32361.674830979562
2024-04-08 12:00:00,31288.582907519733
2024-04-08 13:00:00,30074.049730459148
2024-04-08 14:00:00,30274.54085698204
2024-04-08 15:00:00,31642.736404923722
2024-04-08 16:00:00,35688.91401855987
2024-04-08 17:00:00,43067.13394511484
2024-04-08 18:00:00,43971.36940418079
2024-04-08 19:00:00,41555.68067483275
2024-04-08 20:00:00,38396.02075906229
2024-04-08 21:00:00,36175.74642669109
2024-04-08 22:00:00,33686.43163688471
2024-04-08 23:00:00,32736.091830650483
2024-04-09 00:00:00,31369.294707626897
2024-04-09 01:00:00,30163.001461207332
2024-04-09 02:00:00,30598.84183789522
2024-04-09 03:00:00,31862.21000660943
2024-04-09 04:00:00,35929.87454564043
2024-04-09 05:00:00,43348.53376574085
2024-04-09 06:00:00,44129.20916475607
2024-04-09 07:00:00,41701.55299621432
2024-04-09 08:00:00,38505.00759301017
2024-04-09 09:00:00,36232.66796060534
2024-04-09 10:00:00,33726.52643861109
2024-04-09 11:00:00,32634.04112158322
2024-04-09 12:00:00,31307.340592868233
2024-04-09 13:00:00,30242.890746782778
2024-04-09 14:00:00,30739.710306162626
2024-04-09 15:00:00,32175.997366800075
2024-04-09 16:00:00,36231.065758224446
2024-04-09 17:00:00,42577.98022955239
2024-04-09 18:00:00,42432.022668802754
2024-04-09 19:00:00,40095.26803181552
2024-04-09 20:00:00,37609.43287387431
2024-04-09 21:00:00,36053.46344779331
2024-04-09 22:00:00,33481.33280532995
2024-04-09 23:00:00,32286.73084429391
2024-04-10 00:00:00,31020.37965630917
2024-04-10 01:00:00,29884.780235940903
2024-04-10 02:00:00,30582.643057501347
2024-04-10 03:00:00,32132.646393958017
2024-04-10 04:00:00,36172.48896007898
2024-04-10 05:00:00,43498.29224211564
2024-04-10 06:00:00,44139.835209039644
2024-04-10 07:00:00,41705.39149877906
2024-04-10 08:00:00,38690.676540158944
2024-04-10 09:00:00,36741.03453294427
2024-04-10 10:00:00,34231.18477128277
2024-04-10 11:00:00,32930.022593299414
2024-04-10 12:00:00,31433.982214185875
2024-04-10 13:00:00,30234.650323910166
2024-04-10 14:00:00,30535.912618556227
2024-04-10 15:00:00,32121.307155614555
2024-04-10 16:00:00,35743.36507126481
2024-04-10 17:00:00,42371.36307641868
2024-04-10 18:00:00,42611.44567637171
2024-04-10 19:00:00,40439.67256053245
2024-04-10 20:00:00,37703.15630763178
2024-04-10 21:00:00,35730.071835980445
2024-04-10 22:00:00,33266.95277459489
2024-04-10 23:00:00,32208.05689018648
2024-04-11 00:00:00,30746.950837184875
2024-04-11 01:00:00,29524.480478470916
2024-04-11 02:00:00,30083.90487539419
2024-04-11 03:00:00,31614.630141412337
2024-04-11 04:00:00,35848.90243368859
2024-04-11 05:00:00,43246.85260399325
2024-04-11 06:00:00,43998.40452488326
2024-04-11 07:00:00,41256.89807527719
2024-04-11 08:00:00,38114.890878800186
2024-04-11 09:00:00,36210.24563905861
2024-04-11 10:00:00,33939.995774796014
2024-04-11 11:00:00,32944.74685685174
2024-04-11 12:00:00,31452.913383502848
2024-04-11 13:00:00,30243.714704614198
2024-04-11 14:00:00,30741.336586757145
2024-04-11 15:00:00,32258.162440381275
2024-04-11 16:00:00,35681.496950396286
2024-04-11 17:00:00,42949.20859546984
2024-04-11 18:00:00,43982.05932682698
2024-04-11 19:00:00,41576.2377674156
2024-04-11 20:00:00,38413.845629053525
2024-04-11 21:00:00,36161.23880984329
2024-04-11 22:00:00,33531.208704171964
2024-04-11 23:00:00,32411.203977105346
2024-04-12 00:00:00,31032.458377965686
2024-04-12 01:00:00,29930.666229289272
2024-04-12 02:00:00,30460.64215128817
2024-04-12 03:00:00,31979.24539605128
2024-04-12 04:00:00,36118.88353422477
2024-04-12 05:00:00,43464.57245986535
2024-04-12 06:00:00,44239.08893110721
2024-04-12 07:00:00,42011.86889375749
2024-04-12 08:00:00,39033.563357618244
2024-04-12 09:00:00,36903.91232775092
2024-04-12 10:00:00,34310.444308300626
2024-04-12 11:00:00,33074.489493033325
2024-04-12 12:00:00,31778.581883202256
2024-04-12 13:00:00,30718.18711704814
2024-04-12 14:00:00,31255.449574632643
2024-04-12 15:00:00,32571.188417417634
2024-04-12 16:00:00,36498.573904233315
2024-04-12 17:00:00,43374.95406540161
2024-04-12 18:00:00,43974.25239762024
2024-04-12 19:00:00,41729.89901145326
2024-04-12 20:00:00,38615.36619250553
2024-04-12 21:00:00,36570.33026176171
2024-04-12 22:00:00,34131.043361981174
2024-04-12 23:00:00,32937.78598065951
2024-04-13 00:00:00,31438.362198823954
2024-04-13 01:00:00,30228.816238024072
2024-04-13 02:00:00,30725.96077332697
2024-04-13 03:00:00,32223.854668613305
2024-04-13 04:00:00,36399.7288974798
2024-04-13 05:00:00,43706.731529417964
2024-04-13 06:00:00,44574.42930552056
2024-04-13 07:00:00,42257.605875118636
2024-04-13 08:00:00,39175.92688303697
2024-04-13 09:00:00,36941.92657678281
2024-04-13 10:00:00,34441.98685527135
2024-04-13 11:00:00,33627.98287858666
2024-04-13 12:00:00,32423.326594854047
2024-04-13 13:00:00,31214.75678395738
2024-04-13 14:00:00,31392.218152959293
2024-04-13 15:00:00,32362.836802674934
2024-04-13 16:00:00,36470.599804928584
2024-04-13 17:00:00,43031.11301442028
2024-04-13 18:00:00,43364.24716965668
2024-04-13 19:00:00,40437.48190723882
2024-04-13 20:00:00,37354.02406916326
2024-04-13 21:00:00,35331.64910632955
2024-04-13 22:00:00,32955.791559675454
2024-04-13 23:00:00,32054.26532007107
2024-04-14 00:00:00,30502.558519039896
2024-04-14 01:00:00,29102.442977868806
2024-04-14 02:00:00,29679.02042428269
2024-04-14 03:00:00,31044.569435088877
2024-04-14 04:00:00,35092.63112370408
2024-04-14 05:00:00,42042.41339737192
2024-04-14 06:00:00,42048.10224051939
2024-04-14 07:00:00,39898.233073947034
2024-04-14 08:00:00,37694.58843463296
2024-04-14 09:00:00,35670.11060063037
2024-04-14 10:00:00,33322.878130113684
2024-04-14 11:00:00,32230.45761025527
2024-04-14 12:00:00,30938.258179123906
2024-04-14 13:00:00,30034.192078910062
2024-04-14 14:00:00,30618.05602306231
2024-04-14 15:00:00,32132.453027332194
2024-04-14 16:00:00,35746.89903490811
2024-04-14 17:00:00,42795.221076201524
2024-04-14 18:00:00,43507.91150586839
2024-04-14 19:00:00,41131.38689264848
2024-04-14 20:00:00,38103.09620621956
2024-04-14 21:00:00,36033.6427575472
2024-04-14 22:00:00,33692.24300843386
2024-04-14 23:00:00,32912.067312145766
2024-04-15 00:00:00,31451.134821560354
2024-04-15 01:00:00,30241.610571335943
2024-04-15 02:00:00,30732.42304617514
2024-04-15 03:00:00,31979.093806037275
2024-04-15 04:00:00,35910.033758126985
2024-04-15 05:00:00,43080.18118509409
2024-04-15 06:00:00,43583.393788836
2024-04-15 07:00:00,41176.12117494001
2024-04-15 08:00:00,38127.44701679306
2024-04-15 09:00:00,36078.03116697075
2024-04-15 10:00:00,33555.25691015157
2024-04-15 11:00:00,32297.63842613521
2024-04-15 12:00:00,30801.12090037149
2024-04-15 13:00:00,29563.102509437605
2024-04-15 14:00:00,29959.129134856088
2024-04-15 15:00:00,31425.81861925849
2024-04-15 16:00:00,35207.110610061216
2024-04-15 17:00:00,42411.56595677116
2024-04-15 18:00:00,42940.6477872809
2024-04-15 19:00:00,40363.014604286014
2024-04-15 20:00:00,37485.97837038437
2024-04-15 21:00:00,35445.973499758
2024-04-15 22:00:00,32884.53392075822
2024-04-15 23:00:00,31588.35857182548
2024-04-16 00:00:00,30095.397038663203
2024-04-16 01:00:00,28927.746960524928
2024-04-16 02:00:00,29411.143065125074
2024-04-16 03:00:00,30919.554389510737
2024-04-16 04:00:00,35141.37986100417
2024-04-16 05:00:00,42145.05002546176
2024-04-16 06:00:00,42034.91808843559
2024-04-16 07:00:00,39867.093354308636
2024-04-16 08:00:00,37483.35285778227
2024-04-16 09:00:00,35546.22308367202
2024-04-16 10:00:00,32952.4297275037
2024-04-16 11:00:00,31602.258681836323
2024-04-16 12:00:00,30144.254032503042
2024-04-16 13:00:00,28986.644436975082
2024-04-16 14:00:00,29498.01470677807
2024-04-16 15:00:00,30967.45816181409
2024-04-16 16:00:00,35090.097022254566
2024-04-16 17:00:00,42054.77900225682
2024-04-16 18:00:00,42197.51719130203
2024-04-16 19:00:00,39628.77482873354
2024-04-16 20:00:00,37071.769029976655
2024-04-16 21:00:00,35301.28963950092
2024-04-16 22:00:00,32824.465828313485
2024-04-16 23:00:00,31458.984516144756
2024-04-17 00:00:00,30037.389107235504
2024-04-17 01:00:00,28811.514162526903
2024-04-17 02:00:00,29324.337126794147
2024-04-17 03:00:00,30811.887311519742
2024-04-17 04:00:00,34983.70675688894
2024-04-17 05:00:00,41942.85732871119
2024-04-17 06:00:00,42264.0005991675
2024-04-17 07:00:00,40254.911848863485
2024-04-17 08:00:00,37539.86458603414
2024-04-17 09:00:00,35444.04241842379
2024-04-17 10:00:00,32888.1113383745
2024-04-17 11:00:00,31640.034420251173
2024-04-17 12:00:00,30202.739108592064
2024-04-17 13:00:00,29062.607780682705
2024-04-17 14:00:00,29600.368907256638
2024-04-17 15:00:00,31114.91755578702
2024-04-17 16:00:00,35180.13394693506
2024-04-17 17:00:00,42393.45844003544
2024-04-17 18:00:00,42758.44840398962
2024-04-17 19:00:00,40293.10131457243
2024-04-17 20:00:00,37462.21119320695
2024-04-17 21:00:00,35449.226184047926
2024-04-17 22:00:00,32960.93083051035
2024-04-17 23:00:00,31695.483438157826
2024-04-18 00:00:00,30467.55867422538
2024-04-18 01:00:00,29426.290033212128
2024-04-18 02:00:00,29943.818724637007
2024-04-18 03:00:00,31485.560191426826
2024-04-18 04:00:00,35701.87773353618
2024-04-18 05:00:00,42942.06868576944
2024-04-18 06:00:00,43667.68467245314
2024-04-18 07:00:00,41147.80056990879
2024-04-18 08:00:00,38070.827163465234
2024-04-18 09:00:00,35929.552659518
2024-04-18 10:00:00,33337.71091552456
2024-04-18 11:00:00,32121.01241609521
2024-04-18 12:00:00,30691.32862042417
2024-04-18 13:00:00,29516.739448159115
2024-04-18 14:00:00,30023.25216915889
2024-04-18 15:00:00,31437.98389879466
2024-04-18 16:00:00,35574.54443373521
2024-04-18 17:00:00,42887.53414131636
2024-04-18 18:00:00,43753.27904422014
2024-04-18 19:00:00,41330.80371980704
2024-04-18 20:00:00,38104.8090838468
2024-04-18 21:00:00,35868.878355823304
2024-04-18 22:00:00,33223.321882950186
2024-04-18 23:00:00,31969.93154998167
2024-04-19 00:00:00,30513.704815484485
2024-04-19 01:00:00,29316.15083681997
2024-04-19 02:00:00,29809.71733616665
2024-04-19 03:00:00,31273.955959231425
2024-04-19 04:00:00,35479.27914148234
2024-04-19 05:00:00,42880.43952009264
2024-04-19 06:00:00,43684.707707595895
2024-04-19 07:00:00,41324.99050301145
2024-04-19 08:00:00,38206.62001152703
2024-04-19 09:00:00,36093.66644022275
2024-04-19 10:00:00,33623.21845717354
2024-04-19 11:00:00,32475.95596366855
2024-04-19 12:00:00,31252.259990120896
2024-04-19 13:00:00,30073.1386091372
2024-04-19 14:00:00,30447.631784748362
2024-04-19 15:00:00,31656.353906483946
2024-04-19 16:00:00,35479.281209637156
2024-04-19 17:00:00,42638.045562610874
2024-04-19 18:00:00,43334.689261885214
2024-04-19 19:00:00,40807.17080895053
2024-04-19 20:00:00,37714.518611387495
2024-04-19 21:00:00,35510.79032251267
2024-04-19 22:00:00,32903.595080829204
2024-04-19 23:00:00,31620.474356996023
2024-04-20 00:00:00,30309.690371366047
2024-04-20 01:00:00,29118.923817648345
2024-04-20 02:00:00,29702.28886335872
2024-04-20 03:00:00,31228.178549475193
2024-04-20 04:00:00,35466.658427367554
2024-04-20 05:00:00,42872.372775538504
2024-04-20 06:00:00,43805.42943599943
2024-04-20 07:00:00,41392.49665111573
2024-04-20 08:00:00,38279.91605608125
2024-04-20 09:00:00,36369.82764241529
2024-04-20 10:00:00,33647.09385034243
2024-04-20 11:00:00,32846.70803553348
2024-04-20 12:00:00,31447.253418688
2024-04-20 13:00:00,30258.41705733259
2024-04-20 14:00:00,30732.098381427455
2024-04-20 15:00:00,32164.481781336526
2024-04-20 16:00:00,35554.03004974981
2024-04-20 17:00:00,42707.82841262177
2024-04-20 18:00:00,43338.982777659745
2024-04-20 19:00:00,40836.25068857426
2024-04-20 20:00:00,37702.483295330756
2024-04-20 21:00:00,35457.010985711255
2024-04-20 22:00:00,32813.86164091618
2024-04-20 23:00:00,31667.075858107364
2024-04-21 00:00:00,30188.990412014216
2024-04-21 01:00:00,28974.760582032002
2024-04-21 02:00:00,29451.19572139187
2024-04-21 03:00:00,30970.77508358892
2024-04-21 04:00:00,35080.31475396361
2024-04-21 05:00:00,42201.432447432875
2024-04-21 06:00:00,42668.668956246096
2024-04-21 07:00:00,40477.07717651948
2024-04-21 08:00:00,37605.72278284874
2024-04-21 09:00:00,35579.16313006759
2024-04-21 10:00:00,32930.67950380615
2024-04-21 11:00:00,31698.129064975066
2024-04-21 12:00:00,30259.857846538427
2024-04-21 13:00:00,29044.500478553917
2024-04-21 14:00:00,29530.629094005242
2024-04-21 15:00:00,31098.436679658156
2024-04-21 16:00:00,34929.994557554535
2024-04-21 17:00:00,42002.43003720378
2024-04-21 18:00:00,42130.55261726721
2024-04-21 19:00:00,39611.49140781311
2024-04-21 20:00:00,37071.81217020576
2024-04-21 21:00:00,35192.32125074218
2024-04-21 22:00:00,32675.85689730135
2024-04-21 23:00:00,31515.756508942475
2024-04-22 00:00:00,30049.164209122177
2024-04-22 01:00:00,28853.21500460638
2024-04-22 02:00:00,29362.156261608547
2024-04-22 03:00:00,30864.58256405605
2024-04-22 04:00:00,34915.37710844455
2024-04-22 05:00:00,41950.57805093353
2024-04-22 06:00:00,41852.00386034256
2024-04-22 07:00:00,40172.48668778612
2024-04-22 08:00:00,37584.167719535144
2024-04-22 09:00:00,35562.76914401505
2024-04-22 10:00:00,32995.04121629257
2024-04-22 11:00:00,31691.44998401613
2024-04-22 12:00:00,30167.435470654982
2024-04-22 13:00:00,28971.811720574056
2024-04-22 14:00:00,29449.52645751438
2024-04-22 15:00:00,30918.471085054658
2024-04-22 16:00:00,35040.2855745324
2024-04-22 17:00:00,42257.99009397652
2024-04-22 18:00:00,42794.48864686945
2024-04-22 19:00:00,40353.88469281838
2024-04-22 20:00:00,37475.43900618609
2024-04-22 21:00:00,35403.23162297368
2024-04-22 22:00:00,32925.627147721105
2024-04-22 23:00:00,31641.617434908607
2024-04-23 00:00:00,30217.571522576407
2024-04-23 01:00:00,29016.28771153707
2024-04-23 02:00:00,29562.115674336274
2024-04-23 03:00:00,31031.537159573567
2024-04-23 04:00:00,35172.15186062895
2024-04-23 05:00:00,42270.15313929484
2024-04-23 06:00:00,42711.215520374906
2024-04-23 07:00:00,40645.31107251049
2024-04-23 08:00:00,37690.62052641392
2024-04-23 09:00:00,35435.58534668533
2024-04-23 10:00:00,32815.74790674702
2024-04-23 11:00:00,31608.439060151868
2024-04-23 12:00:00,30156.09414078721
2024-04-23 13:00:00,29005.770695041865
2024-04-23 14:00:00,29438.51031551838
2024-04-23 15:00:00,30949.35077838162
2024-04-23 16:00:00,35094.97554999812
2024-04-23 17:00:00,42272.08536945382
2024-04-23 18:00:00,42597.50003006777
2024-04-23 19:00:00,40056.90562732454
2024-04-23 20:00:00,37215.8018275518
2024-04-23 21:00:00,35199.889314931665
2024-04-23 22:00:00,32785.67081808002
2024-04-23 23:00:00,31594.408684199014
2024-04-24 00:00:00,30158.04572417561
2024-04-24 01:00:00,28992.672628542332
2024-04-24 02:00:00,29514.38651554294
2024-04-24 03:00:00,31044.96033941936
2024-04-24 04:00:00,35137.238652973545
2024-04-24 05:00:00,42258.18296829106
2024-04-24 06:00:00,42697.79244847389
2024-04-24 07:00:00,40554.77535705525
2024-04-24 08:00:00,37686.52202392069
2024-04-24 09:00:00,35609.696030037114
2024-04-24 10:00:00,32980.46884417169
2024-04-24 11:00:00,31749.327823814256
2024-04-24 12:00:00,30341.285903764143
2024-04-24 13:00:00,29169.906063738414
2024-04-24 14:00:00,29623.224927409236
2024-04-24 15:00:00,31084.254507409176
2024-04-24 16:00:00,35204.20389381009
2024-04-24 17:00:00,42375.740690144885
2024-04-24 18:00:00,42503.10415829882
2024-04-24 19:00:00,39914.69405148277
2024-04-24 20:00:00,37337.043892375295
2024-04-24 21:00:00,35426.30467133738
2024-04-24 22:00:00,32955.552820928904
2024-04-24 23:00:00,31652.915476081736
2024-04-25 00:00:00,30254.913538893346
2024-04-25 01:00:00,29043.74128723748
2024-04-25 02:00:00,29546.220407537297
2024-04-25 03:00:00,31014.709467757955
2024-04-25 04:00:00,35153.87136593364
2024-04-25 05:00:00,42402.51983614466
2024-04-25 06:00:00,43101.67961078398
2024-04-25 07:00:00,40823.802276402814
2024-04-25 08:00:00,37864.53602638394
2024-04-25 09:00:00,35645.08633549084
2024-04-25 10:00:00,33065.192997877195
2024-04-25 11:00:00,31806.902038849854
2024-04-25 12:00:00,30339.98470717271
2024-04-25 13:00:00,29186.560281720653
2024-04-25 14:00:00,29613.35816749619
2024-04-25 15:00:00,31102.03625063723
2024-04-25 16:00:00,35194.619010010545
2024-04-25 17:00:00,42396.384828138514
2024-04-25 18:00:00,42704.60318035761
2024-04-25 19:00:00,40168.75790436801
2024-04-25 20:00:00,37396.786596980666
2024-04-25 21:00:00,35404.099013182255
2024-04-25 22:00:00,32817.56978949677
2024-04-25 23:00:00,31484.61643879828
2024-04-26 00:00:00,30014.14256385269
2024-04-26 01:00:00,28843.586811136644
2024-04-26 02:00:00,29304.49541688163
2024-04-26 03:00:00,30843.63481752819
2024-04-26 04:00:00,35139.537392368395
2024-04-26 05:00:00,42522.76445632364
2024-04-26 06:00:00,43506.56433395117
2024-04-26 07:00:00,41267.30819928837
2024-04-26 08:00:00,38220.672261934786
2024-04-26 09:00:00,36285.66746427744
2024-04-26 10:00:00,33823.177889207014
2024-04-26 11:00:00,32305.81374576313
2024-04-26 12:00:00,30782.124535938194
2024-04-26 13:00:00,29847.65566960061
2024-04-26 14:00:00,30581.55954195808
2024-04-26 15:00:00,31923.255294914998
2024-04-26 16:00:00,35490.44859454172
2024-04-26 17:00:00,42521.13983510432
2024-04-26 18:00:00,42845.79550402908
2024-04-26 19:00:00,40561.91074837404
2024-04-26 20:00:00,37801.34589247819
2024-04-26 21:00:00,35676.18329307455
2024-04-26 22:00:00,33190.230108763266
2024-04-26 23:00:00,32032.731898104725
2024-04-27 00:00:00,30705.553952111466
2024-04-27 01:00:00,29603.393249528624
2024-04-27 02:00:00,30233.967009053533
2024-04-27 03:00:00,31815.3275306368
2024-04-27 04:00:00,36074.66893138137
2024-04-27 05:00:00,43753.877425241946
2024-04-27 06:00:00,44780.72242822856
2024-04-27 07:00:00,42373.27579917068
2024-04-27 08:00:00,39172.3712440826
2024-04-27 09:00:00,36903.58764790663
2024-04-27 10:00:00,34260.61200740234
2024-04-27 11:00:00,32983.888695867005
2024-04-27 12:00:00,31492.22850496678
2024-04-27 13:00:00,30284.612716232834
2024-04-27 14:00:00,30778.201033367797
2024-04-27 15:00:00,32295.35184485454
2024-04-27 16:00:00,36496.3171690794
2024-04-27 17:00:00,43504.3256204606
2024-04-27 18:00:00,43662.98106295684
2024-04-27 19:00:00,41124.85878376289
2024-04-27 20:00:00,37911.33333578639
2024-04-27 21:00:00,35888.546613656195
2024-04-27 22:00:00,33338.88220467218
2024-04-27 23:00:00,32280.030081287467
2024-04-28 00:00:00,30647.80622415159
2024-04-28 01:00:00,29378.582693478067
2024-04-28 02:00:00,29781.91709383616
2024-04-28 03:00:00,31341.614115966335
2024-04-28 04:00:00,35167.66327668134
2024-04-28 05:00:00,42312.50474051906
2024-04-28 06:00:00,42877.10773818736
2024-04-28 07:00:00,40748.988401118855
2024-04-28 08:00:00,37960.167840606075
2024-04-28 09:00:00,35945.96865528076
2024-04-28 10:00:00,33655.39942788708
2024-04-28 11:00:00,32359.59311642019
2024-04-28 12:00:00,30876.173286035802
2024-04-28 13:00:00,29699.95766901617
2024-04-28 14:00:00,30168.95494976989
2024-04-28 15:00:00,31490.570241326255
2024-04-28 16:00:00,35109.11408999566
2024-04-28 17:00:00,42220.97300845255
2024-04-28 18:00:00,41872.88826818635
2024-04-28 19:00:00,39068.883781600474
2024-04-28 20:00:00,37420.31492230488
2024-04-28 21:00:00,35491.81553797014
2024-04-28 22:00:00,32964.16174705206
2024-04-28 23:00:00,31780.489483894416
2024-04-29 00:00:00,30397.819097380143
2024-04-29 01:00:00,29132.477175332748
2024-04-29 02:00:00,29714.844690948623
2024-04-29 03:00:00,31408.447909917482
2024-04-29 04:00:00,35631.249794357645
2024-04-29 05:00:00,43012.19989249144
2024-04-29 06:00:00,43479.13265575708
2024-04-29 07:00:00,40946.844293110495
2024-04-29 08:00:00,37930.63261366173
2024-04-29 09:00:00,35899.90930078381
2024-04-29 10:00:00,33483.348966595346
2024-04-29 11:00:00,32491.113919751002
2024-04-29 12:00:00,31269.044293105002
2024-04-29 13:00:00,30082.137863083466
2024-04-29 14:00:00,30434.70723153591
2024-04-29 15:00:00,31520.365684847737
2024-04-29 16:00:00,35632.5300214749
2024-04-29 17:00:00,42927.45544413089
2024-04-29 18:00:00,43729.98825568792
2024-04-29 19:00:00,41330.629740461605
2024-04-29 20:00:00,38107.736214057004
2024-04-29 21:00:00,36028.806523207626
2024-04-29 22:00:00,33411.54935773421
2024-04-29 23:00:00,32157.898946154553
2024-04-30 00:00:00,30664.287006801536
2024-04-30 01:00:00,29456.04228985701
2024-04-30 02:00:00,30032.771639658466
2024-04-30 03:00:00,31488.444708824143
2024-04-30 04:00:00,35773.17951014899
2024-04-30 05:00:00,43227.75102097072
2024-04-30 06:00:00,44330.60263441865
2024-04-30 07:00:00,42240.82260963364
2024-04-30 08:00:00,39175.7758887993
2024-04-30 09:00:00,36919.26610426962
2024-04-30 10:00:00,34284.22722705337
2024-04-30 11:00:00,32984.365774971404
2024-04-30 12:00:00,31485.59281795651
2024-04-30 13:00:00,30277.174664869224
2024-04-30 14:00:00,30783.86084474351
2024-04-30 15:00:00,32277.569918697383
2024-04-30 16:00:00,36497.61816487793
2024-04-30 17:00:00,43667.02955932403
2024-04-30 18:00:00,43969.609812900395
2024-04-30 19:00:00,41568.798378342704
2024-04-30 20:00:00,38625.86096684341
2024-04-30 21:00:00,36419.68247009528
2024-04-30 22:00:00,33889.27459483903
2024-04-30 23:00:00,32709.2671876769
2024-05-01 00:00:00,31274.834167762667
2024-05-01 01:00:00,30082.137729393777
2024-05-01 02:00:00,30618.077217912607
2024-05-01 03:00:00,32089.797353209873
2024-05-01 04:00:00,35998.96600120524
2024-05-01 05:00:00,43270.77453242046
2024-05-01 06:00:00,43947.59845903168
2024-05-01 07:00:00,41429.21015573839
2024-05-01 08:00:00,38667.25765187419
2024-05-01 09:00:00,36821.097156870885
2024-05-01 10:00:00,34246.38653980675
2024-05-01 11:00:00,32972.720816322195
2024-05-01 12:00:00,31495.45958433281
2024-05-01 13:00:00,30244.668525050973
2024-05-01 14:00:00,30766.7295186045
2024-05-01 15:00:00,32196.380469937096
2024-05-01 16:00:00,35931.20034847365
2024-05-01 17:00:00,43283.22292921519
2024-05-01 18:00:00,44106.74703672527
2024-05-01 19:00:00,41698.345859237415
2024-05-01 20:00:00,38497.9181939373
2024-05-01 21:00:00,36291.08910671086
2024-05-01 22:00:00,33696.31957348397
2024-05-01 23:00:00,32463.03158930856
2024-05-02 00:00:00,30977.03115443781
2024-05-02 01:00:00,29759.2449294822
2024-05-02 02:00:00,30258.818292214844
2024-05-02 03:00:00,31769.333294292694
2024-05-02 04:00:00,35979.34090785857
2024-05-02 05:00:00,43347.36670490259
2024-05-02 06:00:00,44089.85344126407
2024-05-02 07:00:00,41686.13660338603
2024-05-02 08:00:00,38550.09246594409
2024-05-02 09:00:00,36287.4457584737
2024-05-02 10:00:00,33695.6038285227
2024-05-02 11:00:00,32395.59055275821
2024-05-02 12:00:00,30924.292763750524
2024-05-02 13:00:00,29729.970002754
2024-05-02 14:00:00,30250.88168020314
2024-05-02 15:00:00,31769.984126498497
2024-05-02 16:00:00,35752.55759036726
2024-05-02 17:00:00,42613.47513569055
2024-05-02 18:00:00,43215.70161945945
2024-05-02 19:00:00,40597.82128838809
2024-05-02 20:00:00,37473.11842223886
2024-05-02 21:00:00,35426.41294210164
2024-05-02 22:00:00,32861.091970077774
2024-05-02 23:00:00,31476.094160257093
2024-05-03 00:00:00,30031.816091197037
2024-05-03 01:00:00,28848.639418211318
2024-05-03 02:00:00,29325.400060425673
2024-05-03 03:00:00,30795.64554749373
2024-05-03 04:00:00,34905.38077224035
2024-05-03 05:00:00,42391.30914369354
2024-05-03 06:00:00,43328.7025071239
2024-05-03 07:00:00,41108.09559825585
2024-05-03 08:00:00,38166.95815662182
2024-05-03 09:00:00,36237.67824499021
2024-05-03 10:00:00,33740.75242993647
2024-05-03 11:00:00,32541.510367508487
2024-05-03 12:00:00,31216.761232487253
2024-05-03 13:00:00,30028.098294724976
2024-05-03 14:00:00,30323.223545594694
2024-05-03 15:00:00,31232.689588647354
2024-05-03 16:00:00,35212.37889997313
2024-05-03 17:00:00,42329.528910937865
2024-05-03 18:00:00,42812.746946840685
2024-05-03 19:00:00,40187.42861662745
2024-05-03 20:00:00,37339.12539337604
2024-05-03 21:00:00,35443.652701948165
2024-05-03 22:00:00,32892.88242801991
2024-05-03 23:00:00,31479.67227409013
2024-05-04 00:00:00,30079.870468956287
2024-05-04 01:00:00,28892.985709014363
2024-05-04 02:00:00,29442.370108921612
2024-05-04 03:00:00,31052.853835160768
2024-05-04 04:00:00,35345.503924276396
2024-05-04 05:00:00,42909.41225296501
2024-05-04 06:00:00,43893.86260894289
2024-05-04 07:00:00,41708.99287651718
2024-05-04 08:00:00,38753.45641826378
2024-05-04 09:00:00,36760.44364714741
2024-05-04 10:00:00,34187.01244223771
2024-05-04 11:00:00,32893.30957078903
2024-05-04 12:00:00,31420.407056854085
2024-05-04 13:00:00,30213.940563959273
2024-05-04 14:00:00,30745.868323869934
2024-05-04 15:00:00,32261.717978434826
2024-05-04 16:00:00,35978.40901760157
2024-05-04 17:00:00,42515.7180753123
2024-05-04 18:00:00,43228.12714155532
2024-05-04 19:00:00,40567.2450227573
2024-05-04 20:00:00,37436.68726318415
2024-05-04 21:00:00,35306.53713323794
2024-05-04 22:00:00,32810.91234687804
2024-05-04 23:00:00,31604.53563349335
2024-05-05 00:00:00,30164.464505938562
2024-05-05 01:00:00,28943.295432921495
2024-05-05 02:00:00,29451.1091882344
2024-05-05 03:00:00,30940.437776010946
2024-05-05 04:00:00,35080.57560735029
2024-05-05 05:00:00,42182.69745097198
2024-05-05 06:00:00,42677.88597232024
2024-05-05 07:00:00,40752.6099559145
2024-05-05 08:00:00,37736.3982438912
2024-05-05 09:00:00,35593.453992538016
2024-05-05 10:00:00,33205.561414172094
2024-05-05 11:00:00,31711.292016120253
2024-05-05 12:00:00,30243.39878149583
2024-05-05 13:00:00,29032.573500518316
2024-05-05 14:00:00,29432.329967182934
2024-05-05 15:00:00,30941.565521332108
2024-05-05 16:00:00,34985.94189842254
2024-05-05 17:00:00,42161.98885852414
2024-05-05 18:00:00,42574.53488059045
2024-05-05 19:00:00,40048.534822715745
2024-05-05 20:00:00,37429.4226246973
2024-05-05 21:00:00,35373.826272737984
2024-05-05 22:00:00,32879.654492928545
2024-05-05 23:00:00,31622.816382403085
2024-05-06 00:00:00,30171.27369743016
2024-05-06 01:00:00,28994.732698607524
2024-05-06 02:00:00,29450.45866313558
2024-05-06 03:00:00,30966.481747584723
2024-05-06 04:00:00,35171.48013590349
2024-05-06 05:00:00,42362.22931484798
2024-05-06 06:00:00,42872.792702087805
2024-05-06 07:00:00,40555.29624192272
2024-05-06 08:00:00,37691.943569081115
2024-05-06 09:00:00,35544.94405826234
2024-05-06 10:00:00,33025.704257076555
2024-05-06 11:00:00,32024.274664566434
2024-05-06 12:00:00,30614.758048536674
2024-05-06 13:00:00,29469.292029843426
2024-05-06 14:00:00,29954.77006974969
2024-05-06 15:00:00,31038.953876821823
2024-05-06 16:00:00,35027.056957167544
2024-05-06 17:00:00,42202.60518761859
2024-05-06 18:00:00,42619.835163067386
2024-05-06 19:00:00,39934.362108326415
2024-05-06 20:00:00,37202.03150497963
2024-05-06 21:00:00,35258.677837043746
2024-05-06 22:00:00,32818.19853720044
2024-05-06 23:00:00,31586.471945874116
2024-05-07 00:00:00,30144.145476494366
2024-05-07 01:00:00,28935.575508814713
2024-05-07 02:00:00,29410.232624216645
2024-05-07 03:00:00,30927.53506618755
2024-05-07 04:00:00,35181.71551266986
2024-05-07 05:00:00,42176.23536753518
2024-05-07 06:00:00,42860.49724727379
2024-05-07 07:00:00,40596.21624175987
2024-05-07 08:00:00,37681.12267997516
2024-05-07 09:00:00,35522.17459227615
2024-05-07 10:00:00,32959.43425721722
2024-05-07 11:00:00,31793.34878834269
2024-05-07 12:00:00,30450.015482911385
2024-05-07 13:00:00,29239.515529107648
2024-05-07 14:00:00,29775.476743150157
2024-05-07 15:00:00,31224.86115463225
2024-05-07 16:00:00,35073.33324148582
2024-05-07 17:00:00,42233.33306699942
2024-05-07 18:00:00,42771.19803174887
2024-05-07 19:00:00,40203.128628705235
2024-05-07 20:00:00,37321.38685857181
2024-05-07 21:00:00,35341.97067372832
2024-05-07 22:00:00,32822.275364296605
2024-05-07 23:00:00,31527.683364013068
2024-05-08 00:00:00,30027.283836169692
2024-05-08 01:00:00,28901.70322044518
2024-05-08 02:00:00,29424.067805182676
2024-05-08 03:00:00,31040.233061914652
2024-05-08 04:00:00,35257.50537489727
2024-05-08 05:00:00,42555.965125127586
2024-05-08 06:00:00,43480.1088108775
2024-05-08 07:00:00,41317.42303352632
2024-05-08 08:00:00,38798.36655078177
2024-05-08 09:00:00,36821.57429774264
2024-05-08 10:00:00,34246.06129541889
2024-05-08 11:00:00,32955.26422306113
2024-05-08 12:00:00,31470.217982781152
2024-05-08 13:00:00,30262.797334371102
2024-05-08 14:00:00,30755.409798230066
2024-05-08 15:00:00,32250.72354141113
2024-05-08 16:00:00,35452.93284872495
2024-05-08 17:00:00,42538.83432594148
2024-05-08 18:00:00,43176.64637163865
2024-05-08 19:00:00,40465.88830081101
2024-05-08 20:00:00,37318.372704718844
2024-05-08 21:00:00,35372.48177684038
2024-05-08 22:00:00,32825.59312904614
2024-05-08 23:00:00,31454.322251960846
2024-05-09 00:00:00,30077.853769203164
2024-05-09 01:00:00,28997.074747996085
2024-05-09 02:00:00,29539.346341812987
2024-05-09 03:00:00,31051.98654969712
2024-05-09 04:00:00,35461.45479112123
2024-05-09 05:00:00,42742.11094431935
2024-05-09 06:00:00,43013.83334405726
2024-05-09 07:00:00,40830.9369879385
2024-05-09 08:00:00,38085.74707488847
2024-05-09 09:00:00,36566.44777322965
2024-05-09 10:00:00,34198.006869295445
2024-05-09 11:00:00,32935.3571980095
2024-05-09 12:00:00,31445.149875246818
2024-05-09 13:00:00,30242.565028080306
2024-05-09 14:00:00,30413.91105903288
2024-05-09 15:00:00,31202.742264702352
2024-05-09 16:00:00,35226.06214812934
2024-05-09 17:00:00,42406.27258636572
2024-05-09 18:00:00,42986.96585926483
2024-05-09 19:00:00,39790.719243519314
2024-05-09 20:00:00,37035.510776486044
2024-05-09 21:00:00,35207.06690487631
2024-05-09 22:00:00,32784.1094353004
2024-05-09 23:00:00,31553.5321002118
2024-05-10 00:00:00,30143.90697655381
2024-05-10 01:00:00,28964.134905885217
2024-05-10 02:00:00,29409.34346870765
2024-05-10 03:00:00,30982.96248691321
2024-05-10 04:00:00,35215.609559019016
2024-05-10 05:00:00,42652.85469095461
2024-05-10 06:00:00,43683.47277224053
2024-05-10 07:00:00,41463.86329356585
2024-05-10 08:00:00,39065.91872484913
2024-05-10 09:00:00,36890.81519398138
2024-05-10 10:00:00,34245.085467067904
2024-05-10 11:00:00,32954.13659255524
2024-05-10 12:00:00,31466.03273376049
2024-05-10 13:00:00,30258.59039782728
2024-05-10 14:00:00,30745.369537470604
2024-05-10 15:00:00,32268.353606592704
2024-05-10 16:00:00,35965.809776639246
2024-05-10 17:00:00,42790.55626714257
2024-05-10 18:00:00,43393.06473091494
2024-05-10 19:00:00,40630.17547326508
2024-05-10 20:00:00,37714.82163438084
2024-05-10 21:00:00,35628.38898345382
2024-05-10 22:00:00,33144.60432320881
2024-05-10 23:00:00,31925.563606305972
2024-05-11 00:00:00,30620.916605883212
2024-05-11 01:00:00,29552.758330850313
2024-05-11 02:00:00,30113.310545756074
2024-05-11 03:00:00,31640.826782415996
2024-05-11 04:00:00,35792.26277901031
2024-05-11 05:00:00,43629.925360767775
2024-05-11 06:00:00,44707.27506812331
2024-05-11 07:00:00,42339.46881894601
2024-05-11 08:00:00,39218.47420615702
2024-05-11 09:00:00,36945.158342355964
2024-05-11 10:00:00,34310.92177797779
2024-05-11 11:00:00,33027.0856508038
2024-05-11 12:00:00,31558.238257278164
2024-05-11 13:00:00,30327.332524437184
2024-05-11 14:00:00,30939.49556142771
2024-05-11 15:00:00,32727.7981893082
2024-05-11 16:00:00,36517.50327357185
2024-05-11 17:00:00,43550.81811300045
2024-05-11 18:00:00,43719.62239321389
2024-05-11 19:00:00,41181.63039931829
2024-05-11 20:00:00,38279.699779000075
2024-05-11 21:00:00,36184.83148681156
2024-05-11 22:00:00,33668.9961515849
2024-05-11 23:00:00,32510.543893381186
2024-05-12 00:00:00,31033.10910369316
2024-05-12 01:00:00,29827.943702894536
2024-05-12 02:00:00,30344.64841618037
2024-05-12 03:00:00,31824.934263855474
2024-05-12 04:00:00,35903.09588108219
2024-05-12 05:00:00,43124.70326909225
2024-05-12 06:00:00,43151.64302498723
2024-05-12 07:00:00,41138.45501543959
2024-05-12 08:00:00,38472.04750959398
2024-05-12 09:00:00,36735.657501876194
2024-05-12 10:00:00,34260.78556628877
2024-05-12 11:00:00,32985.1898177391
2024-05-12 12:00:00,31488.498611768686
2024-05-12 13:00:00,30273.141171251264
2024-05-12 14:00:00,30756.060341381377
2024-05-12 15:00:00,32260.590289789216
2024-05-12 16:00:00,35670.131895665756
2024-05-12 17:00:00,43306.53418496168
2024-05-12 18:00:00,44088.46615681326
2024-05-12 19:00:00,41759.49796526073
2024-05-12 20:00:00,38607.77537667104
2024-05-12 21:00:00,36397.06468166513
2024-05-12 22:00:00,33700.54814035974
2024-05-12 23:00:00,32566.470043953777
2024-05-13 00:00:00,31129.001117946646
2024-05-13 01:00:00,29921.40698502824
2024-05-13 02:00:00,30421.4574382843
2024-05-13 03:00:00,31938.131072962096
2024-05-13 04:00:00,36123.6995856192
2024-05-13 05:00:00,43293.99975861305
2024-05-13 06:00:00,44053.769532683524
2024-05-13 07:00:00,41621.10281981038
2024-05-13 08:00:00,39084.676449126775
2024-05-13 09:00:00,36941.27669599076
2024-05-13 10:00:00,34298.79974655346
2024-05-13 11:00:00,32998.786446361715
2024-05-13 12:00:00,31511.962010950258
2024-05-13 13:00:00,30324.60017931873
2024-05-13 14:00:00,30808.798776293977
2024-05-13 15:00:00,32294.571013628276
2024-05-13 16:00:00,36496.64207697066
2024-05-13 17:00:00,43361.31100440221
2024-05-13 18:00:00,44176.09609519983
2024-05-13 19:00:00,41767.19624715917
2024-05-13 20:00:00,38588.128572574235
2024-05-13 21:00:00,36379.04427229584
2024-05-13 22:00:00,33810.6656466217
2024-05-13 23:00:00,32451.278202076857
2024-05-14 00:00:00,30929.692352027512
2024-05-14 01:00:00,29750.072098866203
2024-05-14 02:00:00,30250.621336547356
2024-05-14 03:00:00,31779.091733236914
2024-05-14 04:00:00,36061.09436455335
2024-05-14 05:00:00,43329.129845803225
2024-05-14 06:00:00,43848.15034004743
2024-05-14 07:00:00,41407.39501602126
2024-05-14 08:00:00,38471.8089488552
2024-05-14 09:00:00,36784.51429873285
2024-05-14 10:00:00,34246.386589268535
2024-05-14 11:00:00,32977.2747154536
2024-05-14 12:00:00,31472.971997381654
2024-05-14 13:00:00,30259.24094623716
2024-05-14 14:00:00,30745.6948046969
2024-05-14 15:00:00,32233.72230233456
2024-05-14 16:00:00,36111.40424918532
2024-05-14 17:00:00,43446.902525778874
2024-05-14 18:00:00,44195.50430976643
2024-05-14 19:00:00,41776.260643938986
2024-05-14 20:00:00,38599.4699575821
2024-05-14 21:00:00,36330.83804924908
2024-05-14 22:00:00,33711.65095655743
2024-05-14 23:00:00,32604.96129629576
2024-05-15 00:00:00,31133.5116484786
2024-05-15 01:00:00,29925.765705404767
2024-05-15 02:00:00,30433.08071925127
2024-05-15 03:00:00,31946.67505953927
2024-05-15 04:00:00,36209.26943697005
2024-05-15 05:00:00,43494.588008363404
2024-05-15 06:00:00,44039.15374250395
2024-05-15 07:00:00,41725.235201782976
2024-05-15 08:00:00,38743.09097881433
2024-05-15 09:00:00,36717.50699904985
2024-05-15 10:00:00,34243.78436558764
2024-05-15 11:00:00,32945.07217462186
2024-05-15 12:00:00,31463.278706383702
2024-05-15 13:00:00,30246.446669121484
2024-05-15 14:00:00,30744.090096794578
2024-05-15 15:00:00,32099.90284386131
2024-05-15 16:00:00,36216.38236434708
2024-05-15 17:00:00,43578.07637452842
2024-05-15 18:00:00,44390.6061931785
2024-05-15 19:00:00,41953.38544049523
2024-05-15 20:00:00,38766.72797749705
2024-05-15 21:00:00,36540.98941705803
2024-05-15 22:00:00,33795.59442652303
2024-05-15 23:00:00,32627.774148669632
2024-05-16 00:00:00,31149.385240262007
2024-05-16 01:00:00,29945.49926355356
2024-05-16 02:00:00,30447.50140733233
2024-05-16 03:00:00,31958.016420799842
2024-05-16 04:00:00,36185.50246934548
2024-05-16 05:00:00,43541.53649467587
2024-05-16 06:00:00,44299.831678439084
2024-05-16 07:00:00,41852.44067477342
2024-05-16 08:00:00,38760.590965179974
2024-05-16 09:00:00,36588.56671396548
2024-05-16 10:00:00,33943.66102221343
2024-05-16 11:00:00,32709.158746961428
2024-05-16 12:00:00,31223.808907210085
2024-05-16 13:00:00,30019.120584148663
2024-05-16 14:00:00,30508.653741701615
2024-05-16 15:00:00,31951.554308338516
2024-05-16 16:00:00,36177.73932245828
2024-05-16 17:00:00,43549.12658943762
2024-05-16 18:00:00,44347.73450899152
2024-05-16 19:00:00,41842.40053080661
2024-05-16 20:00:00,38647.97972629768
2024-05-16 21:00:00,36401.35833099883
2024-05-16 22:00:00,33752.722750545596
2024-05-16 23:00:00,32402.703305424322
2024-05-17 00:00:00,30910.24071650731
2024-05-17 01:00:00,29690.177556473034
2024-05-17 02:00:00,30179.558924264944
2024-05-17 03:00:00,31698.162514875017
2024-05-17 04:00:00,35924.67274171136
2024-05-17 05:00:00,42971.172064038314
2024-05-17 06:00:00,43744.21316344459
2024-05-17 07:00:00,41434.349738606375
2024-05-17 08:00:00,38485.18876676385
2024-05-17 09:00:00,36751.01065241756
2024-05-17 10:00:00,34233.59231879938
2024-05-17 11:00:00,32945.07217491165
2024-05-17 12:00:00,31472.820198483827
2024-05-17 13:00:00,30289.014739109258
2024-05-17 14:00:00,30775.316799468623
2024-05-17 15:00:00,32262.36845797476
2024-05-17 16:00:00,35804.298252765424
2024-05-17 17:00:00,42782.20740049774
2024-05-17 18:00:00,43129.04718073035
2024-05-17 19:00:00,40369.36732800989
2024-05-17 20:00:00,37325.09501634663
2024-05-17 21:00:00,35341.88393664534
2024-05-17 22:00:00,32843.895435364306
2024-05-17 23:00:00,31477.373642225015
2024-05-18 00:00:00,30010.781430593794
2024-05-18 01:00:00,28809.345860219237
2024-05-18 02:00:00,29338.020922967346
2024-05-18 03:00:00,30868.117586595203
2024-05-18 04:00:00,35192.51483093297
2024-05-18 05:00:00,42692.083425710574
2024-05-18 06:00:00,43648.25603813837
2024-05-18 07:00:00,41617.67654994072
2024-05-18 08:00:00,39085.327034521666
2024-05-18 09:00:00,36904.064889132
2024-05-18 10:00:00,34247.99130149314
2024-05-18 11:00:00,32978.07706890908
2024-05-18 12:00:00,31571.683085114702
2024-05-18 13:00:00,30487.694661878
2024-05-18 14:00:00,30906.035262730322
2024-05-18 15:00:00,32323.043682658652
2024-05-18 16:00:00,36496.96731546228
2024-05-18 17:00:00,42876.53799815215
2024-05-18 18:00:00,43335.18680107064
2024-05-18 19:00:00,40538.4469945861
2024-05-18 20:00:00,37188.04444194173
2024-05-18 21:00:00,35254.3407409128
2024-05-18 22:00:00,32851.333576949444
2024-05-18 23:00:00,31470.911359783244
2024-05-19 00:00:00,30114.6536547206
2024-05-19 01:00:00,28840.57262198314
2024-05-19 02:00:00,29351.292263905878
2024-05-19 03:00:00,30834.462227997716
2024-05-19 04:00:00,35016.14909692105
2024-05-19 05:00:00,42220.43005773045
2024-05-19 06:00:00,43074.682167514264
2024-05-19 07:00:00,41208.62837475279
2024-05-19 08:00:00,38645.225650748565
2024-05-19 09:00:00,36702.78275073137
2024-05-19 10:00:00,34147.02494983142
2024-05-19 11:00:00,32905.75688435714
2024-05-19 12:00:00,31451.63374431748
2024-05-19 13:00:00,30246.771942328567
2024-05-19 14:00:00,30745.369517494346
2024-05-19 15:00:00,32247.318914792642
2024-05-19 16:00:00,35536.83283221644
2024-05-19 17:00:00,42637.54527766439
2024-05-19 18:00:00,43070.32370435458
2024-05-19 19:00:00,40342.672826230504
2024-05-19 20:00:00,37286.408531434034
2024-05-19 21:00:00,35340.105729187846
2024-05-19 22:00:00,32952.95045252558
2024-05-19 23:00:00,31626.71969166223
2024-05-20 00:00:00,30215.619999557734
2024-05-20 01:00:00,29395.714070524158
2024-05-20 02:00:00,29943.168402585845
2024-05-20 03:00:00,31464.851327373988
2024-05-20 04:00:00,35694.592637515896
2024-05-20 05:00:00,42715.04801196507
2024-05-20 06:00:00,42890.22776106627
2024-05-20 07:00:00,40817.88252525754
2024-05-20 08:00:00,38415.62264460848
2024-05-20 09:00:00,36387.93515922038
2024-05-20 10:00:00,33736.8708362141
2024-05-20 11:00:00,32501.240916337
2024-05-20 12:00:00,30979.98035032923
2024-05-20 13:00:00,29706.52825020347
2024-05-20 14:00:00,30241.687078591825
2024-05-20 15:00:00,31768.878053867888
2024-05-20 16:00:00,35967.39273333245
2024-05-20 17:00:00,42971.172280576095
2024-05-20 18:00:00,43464.6258264204
2024-05-20 19:00:00,41262.993307423436
2024-05-20 20:00:00,38241.85908442828
2024-05-20 21:00:00,36227.89832584851
2024-05-20 22:00:00,33519.23806361307
2024-05-20 23:00:00,32491.699437785344
2024-05-21 00:00:00,30998.73806800915
2024-05-21 01:00:00,29800.68542037799
2024-05-21 02:00:00,30289.242708337693
2024-05-21 03:00:00,31804.138182030245
2024-05-21 04:00:00,36040.341681958016
2024-05-21 05:00:00,43392.16882248832
2024-05-21 06:00:00,44128.14985755892
2024-05-21 07:00:00,41677.506055905185
2024-05-21 08:00:00,38637.44064135501
2024-05-21 09:00:00,36396.80440457741
2024-05-21 10:00:00,33764.99656259959
2024-05-21 11:00:00,32613.375164798217
2024-05-21 12:00:00,31393.36557432277
2024-05-21 13:00:00,30194.0335029428
2024-05-21 14:00:00,30695.211615560158
2024-05-21 15:00:00,32029.686114636308
2024-05-21 16:00:00,35325.96583437261
2024-05-21 17:00:00,42423.59900973896
2024-05-21 18:00:00,43168.319174591365
2024-05-21 19:00:00,40168.518881194264
2024-05-21 20:00:00,37277.300842733865
2024-05-21 21:00:00,35290.55493371783
2024-05-21 22:00:00,32825.39801141311
2024-05-21 23:00:00,32067.927013621043
2024-05-22 00:00:00,30513.314599620415
2024-05-22 01:00:00,29208.961030575054
2024-05-22 02:00:00,29622.76945324195
2024-05-22 03:00:00,31146.707592179828
2024-05-22 04:00:00,35282.76882975541
2024-05-22 05:00:00,42167.62651214055
2024-05-22 06:00:00,42875.438573164196
2024-05-22 07:00:00,40794.37583556754
2024-05-22 08:00:00,37951.86271949382
2024-05-22 09:00:00,35691.81815799628
2024-05-22 10:00:00,33207.90342520961
2024-05-22 11:00:00,32095.272032631114
2024-05-22 12:00:00,30718.630188639676
2024-05-22 13:00:00,29321.897605327093
2024-05-22 14:00:00,29588.940464265608
2024-05-22 15:00:00,30906.261983014152
2024-05-22 16:00:00,34932.292392267926
2024-05-22 17:00:00,42110.833087141975
2024-05-22 18:00:00,42256.043945487
2024-05-22 19:00:00,39533.90107128344
2024-05-22 20:00:00,36652.07276986909
2024-05-22 21:00:00,34904.62326278291
2024-05-22 22:00:00,32572.4833628432
2024-05-22 23:00:00,31275.267432465855
2024-05-23 00:00:00,29928.746236376413
2024-05-23 01:00:00,28790.891729331324
2024-05-23 02:00:00,29316.682621513908
2024-05-23 03:00:00,30776.215655423446
2024-05-23 04:00:00,34825.53604421073
2024-05-23 05:00:00,41910.83026616332
2024-05-23 06:00:00,42809.42878641567
2024-05-23 07:00:00,40501.99407775206
2024-05-23 08:00:00,37459.022849445035
2024-05-23 09:00:00,35347.543699657406
2024-05-23 10:00:00,32787.57897686669
2024-05-23 11:00:00,31598.09518284652
2024-05-23 12:00:00,30134.734191917276
2024-05-23 13:00:00,28929.416894867627
2024-05-23 14:00:00,29394.98791568681
2024-05-23 15:00:00,30902.445364244842
2024-05-23 16:00:00,34942.52787802191
2024-05-23 17:00:00,42106.14913299387
2024-05-23 18:00:00,42681.269204338016
2024-05-23 19:00:00,40354.75149104344
2024-05-23 20:00:00,37301.414783889886
2024-05-23 21:00:00,35128.9134019464
2024-05-23 22:00:00,32629.49373873553
2024-05-23 23:00:00,31409.672337914653
2024-05-24 00:00:00,29966.06653569714
2024-05-24 01:00:00,28780.786479424918
2024-05-24 02:00:00,29301.71977361178
2024-05-24 03:00:00,30821.299299111804
2024-05-24 04:00:00,35035.66581211452
2024-05-24 05:00:00,42447.69110089773
2024-05-24 06:00:00,43389.6383382672
2024-05-24 07:00:00,41106.12235009922
2024-05-24 08:00:00,37966.54352406104
2024-05-24 09:00:00,36026.20410340274
2024-05-24 10:00:00,34093.98292635265
2024-05-24 11:00:00,32892.333738073394
2024-05-24 12:00:00,31451.13498212562
2024-05-24 13:00:00,30243.866119718114
2024-05-24 14:00:00,30743.91660260425
2024-05-24 15:00:00,32031.485986216434
2024-05-24 16:00:00,35265.74594497539
2024-05-24 17:00:00,42357.89268845323
2024-05-24 18:00:00,42911.71799943406
2024-05-24 19:00:00,40365.463989938
2024-05-24 20:00:00,36960.19787834114
2024-05-24 21:00:00,35030.54930780436
2024-05-24 22:00:00,32553.725600138416
2024-05-24 23:00:00,31207.80476784982
2024-05-25 00:00:00,29861.41367743056
2024-05-25 01:00:00,28775.32176307257
2024-05-25 02:00:00,29286.54012553925
2024-05-25 03:00:00,30786.86317191731
2024-05-25 04:00:00,35062.40358761526
2024-05-25 05:00:00,42564.05390004713
2024-05-25 06:00:00,43621.518307907165
2024-05-25 07:00:00,42163.12474712334
2024-05-25 08:00:00,39175.60259130109
2024-05-25 09:00:00,36903.587827411946
2024-05-25 10:00:00,34246.5383990797
2024-05-25 11:00:00,32979.05290409978
2024-05-25 12:00:00,31549.672586547218
2024-05-25 13:00:00,30326.378351616335
2024-05-25 14:00:00,30789.39049298984
2024-05-25 15:00:00,32271.432859947196
2024-05-25 16:00:00,35573.80606803574
2024-05-25 17:00:00,42405.99046966857
2024-05-25 18:00:00,42874.37598939517
2024-05-25 19:00:00,40456.43348114296
2024-05-25 20:00:00,37216.690638491
2024-05-25 21:00:00,35173.43320395065
2024-05-25 22:00:00,32829.45313216105
2024-05-25 23:00:00,31677.311329496766
2024-05-26 00:00:00,30266.53684051502
2024-05-26 01:00:00,29135.946891446572
2024-05-26 02:00:00,29646.18946075873
2024-05-26 03:00:00,31124.350150889335
2024-05-26 04:00:00,35261.56064368468
2024-05-26 05:00:00,42343.21177418114
2024-05-26 06:00:00,42996.05173450576
2024-05-26 07:00:00,40362.428088580855
2024-05-26 08:00:00,37441.240954695124
2024-05-26 09:00:00,35472.75410293998
2024-05-26 10:00:00,32849.51194027983
2024-05-26 11:00:00,31693.488412435912
2024-05-26 12:00:00,30247.128553377257
2024-05-26 13:00:00,29192.74048185212
2024-05-26 14:00:00,29643.93419505507
2024-05-26 15:00:00,31088.916482880584
2024-05-26 16:00:00,35026.97009081078
2024-05-26 17:00:00,42195.16688869659
2024-05-26 18:00:00,42674.41672296079
2024-05-26 19:00:00,39875.94214555296
2024-05-26 20:00:00,36689.26295415067
2024-05-26 21:00:00,34878.167271632374
2024-05-26 22:00:00,32528.52739239413
2024-05-26 23:00:00,31362.59382532532
2024-05-27 00:00:00,29987.42641924066
2024-05-27 01:00:00,28825.78329773003
2024-05-27 02:00:00,29365.322542018377
2024-05-27 03:00:00,30903.18268858973
2024-05-27 04:00:00,35071.4247160254
2024-05-27 05:00:00,42307.084138616294
2024-05-27 06:00:00,42841.436066860566
2024-05-27 07:00:00,40723.31336301644
2024-05-27 08:00:00,37793.603957278974
2024-05-27 09:00:00,35730.1576059586
2024-05-27 10:00:00,33125.868299226466
2024-05-27 11:00:00,31956.096352430468
2024-05-27 12:00:00,30557.790933257616
2024-05-27 13:00:00,29349.54624854882
2024-05-27 14:00:00,29681.818263275763
2024-05-27 15:00:00,31088.287658180278
2024-05-27 16:00:00,35107.68238714119
2024-05-27 17:00:00,42418.56798964087
2024-05-27 18:00:00,42961.6589635578
2024-05-27 19:00:00,40273.497054221334
2024-05-27 20:00:00,37449.915072885015
2024-05-27 21:00:00,35451.19901861586
2024-05-27 22:00:00,32957.74279346355
2024-05-27 23:00:00,31776.217554580635
2024-05-28 00:00:00,30592.617375018614
2024-05-28 01:00:00,29442.315576641227
2024-05-28 02:00:00,30029.08521240704
2024-05-28 03:00:00,31579.89136864296
2024-05-28 04:00:00,35820.62711598329
2024-05-28 05:00:00,43081.37641175281
2024-05-28 06:00:00,43715.740529478724
2024-05-28 07:00:00,41360.25143949025
2024-05-28 08:00:00,38291.843429552886
2024-05-28 09:00:00,36222.56374907594
2024-05-28 10:00:00,33572.14995304142
2024-05-28 11:00:00,32375.857033871827
2024-05-28 12:00:00,30916.225834779103
2024-05-28 13:00:00,29689.375232953524
2024-05-28 14:00:00,29999.159660154997
2024-05-28 15:00:00,31085.92391030986
2024-05-28 16:00:00,35052.25498502916
2024-05-28 17:00:00,42383.1994077015
2024-05-28 18:00:00,42981.652795965834
2024-05-28 19:00:00,40323.91517209081
2024-05-28 20:00:00,37015.88548323118
2024-05-28 21:00:00,34968.464528159406
2024-05-28 22:00:00,32699.406842090215
2024-05-28 23:00:00,31350.319921056107
2024-05-29 00:00:00,29895.37279770873
2024-05-29 01:00:00,28884.355077927255
2024-05-29 02:00:00,29384.88264860094
2024-05-29 03:00:00,30903.334502513124
2024-05-29 04:00:00,35133.574482444856
2024-05-29 05:00:00,42370.20977112858
2024-05-29 06:00:00,43230.945854582635
2024-05-29 07:00:00,40803.592067903475
2024-05-29 08:00:00,37656.72690772915
2024-05-29 09:00:00,35528.376728915064
2024-05-29 10:00:00,32989.598364526275
2024-05-29 11:00:00,31797.338929179685
2024-05-29 12:00:00,30432.992559158018
2024-05-29 13:00:00,29301.92553988816
2024-05-29 14:00:00,29829.646320810294
2024-05-29 15:00:00,31129.836465191835
2024-05-29 16:00:00,35280.64366119835
2024-05-29 17:00:00,42395.60328269966
2024-05-29 18:00:00,42827.75276848251
2024-05-29 19:00:00,39874.12039120552
2024-05-29 20:00:00,36855.06800244959
2024-05-29 21:00:00,35089.77161196412
2024-05-29 22:00:00,32615.701972276947
2024-05-29 23:00:00,31456.577463701662
2024-05-30 00:00:00,30177.627469104184
2024-05-30 01:00:00,29167.86753087434
2024-05-30 02:00:00,29746.20165387583
2024-05-30 03:00:00,31258.668367797698
2024-05-30 04:00:00,35464.79447040574
2024-05-30 05:00:00,42475.816787111995
2024-05-30 06:00:00,43304.523899284875
2024-05-30 07:00:00,40911.15067294372
2024-05-30 08:00:00,37659.93627704954
2024-05-30 09:00:00,35654.82320123498
2024-05-30 10:00:00,33094.51143531693
2024-05-30 11:00:00,31931.18006475049
2024-05-30 12:00:00,30493.71115476506
2024-05-30 13:00:00,29382.030719901497
2024-05-30 14:00:00,30024.097653762412
2024-05-30 15:00:00,31548.859854921677
2024-05-30 16:00:00,35442.957489856744
2024-05-30 17:00:00,42479.8719835985
2024-05-30 18:00:00,43197.91937425462
2024-05-30 19:00:00,40725.30840342431
2024-05-30 20:00:00,37493.827625015896
2024-05-30 21:00:00,35297.515923685125
2024-05-30 22:00:00,32883.42765670092
2024-05-30 23:00:00,31512.004863226
2024-05-31 00:00:00,30049.771406971096
2024-05-31 01:00:00,28986.29728572152
2024-05-31 02:00:00,29605.55139455885
2024-05-31 03:00:00,31208.59715379756
2024-05-31 04:00:00,35434.60862802165
2024-05-31 05:00:00,42848.889208688604
2024-05-31 06:00:00,43683.42958373856
2024-05-31 07:00:00,41233.132670614235
2024-05-31 08:00:00,38183.61252742907
2024-05-31 09:00:00,36140.78876650565
2024-05-31 10:00:00,33568.00807008684
2024-05-31 11:00:00,32601.68683785746
2024-05-31 12:00:00,31331.454286534496
2024-05-31 13:00:00,30196.635720793103
2024-05-31 14:00:00,30650.43165006106
2024-05-31 15:00:00,32051.458057009913
2024-05-31 16:00:00,35728.66016648852
2024-05-31 17:00:00,43041.36724516092
2024-05-31 18:00:00,43736.97042834156
2024-05-31 19:00:00,41165.99536579201
2024-05-31 20:00:00,37961.05726653245
2024-05-31 21:00:00,35810.17604726549
2024-05-31 22:00:00,33188.712012621865
2024-05-31 23:00:00,32367.139603040177
2024-06-01 00:00:00,30948.40667736543
2024-06-01 01:00:00,29987.48183214749
2024-06-01 02:00:00,30627.46700020316
2024-06-01 03:00:00,32116.795579803864
2024-06-01 04:00:00,36413.02377624608
2024-06-01 05:00:00,43835.3929338067
2024-06-01 06:00:00,44718.269614904275
2024-06-01 07:00:00,42361.78298993562
2024-06-01 08:00:00,39175.92787886368
2024-06-01 09:00:00,36878.3462464349
2024-06-01 10:00:00,34232.63818122442
2024-06-01 11:00:00,32946.37328873855
2024-06-01 12:00:00,31516.64600795015
2024-06-01 13:00:00,30324.751957659846
2024-06-01 14:00:00,30814.762187836866
2024-06-01 15:00:00,32406.965439110685
2024-06-01 16:00:00,36516.52732896327
2024-06-01 17:00:00,43689.16959537626
2024-06-01 18:00:00,43865.36855375983
2024-06-01 19:00:00,41287.60600965936
2024-06-01 20:00:00,37926.079006507185
2024-06-01 21:00:00,36083.51812782712
2024-06-01 22:00:00,33424.19179653853
2024-06-01 23:00:00,31430.750433708272
2024-06-02 00:00:00,30116.540262091068
2024-06-02 01:00:00,28946.613372967036
2024-06-02 02:00:00,29804.79507636641
2024-06-02 03:00:00,31428.05153700671
2024-06-02 04:00:00,35657.1423394263
2024-06-02 05:00:00,42819.093753784386
2024-06-02 06:00:00,43253.62864452159
2024-06-02 07:00:00,40551.47976797128
2024-06-02 08:00:00,37485.7823425959
2024-06-02 09:00:00,35520.78690743459
2024-06-02 10:00:00,32970.49369797481
2024-06-02 11:00:00,31840.47078287186
2024-06-02 12:00:00,30463.80722843904
2024-06-02 13:00:00,29353.90499578495
2024-06-02 14:00:00,29927.078029927845
2024-06-02 15:00:00,31341.83112388719
2024-06-02 16:00:00,35280.10152349979
2024-06-02 17:00:00,42113.218492401444
2024-06-02 18:00:00,42544.99936941322
2024-06-02 19:00:00,39477.28099165493
2024-06-02 20:00:00,36366.80367347015
2024-06-02 21:00:00,34711.6898459827
2024-06-02 22:00:00,32531.975396699054
2024-06-02 23:00:00,31238.14235846732
2024-06-03 00:00:00,29870.217871574067
2024-06-03 01:00:00,28700.46450330679
2024-06-03 02:00:00,29355.477506697207
2024-06-03 03:00:00,30955.11867331439
2024-06-03 04:00:00,34971.0222233394
2024-06-03 05:00:00,41565.90518968966
2024-06-03 06:00:00,41911.140455932684
2024-06-03 07:00:00,40167.044253799344
2024-06-03 08:00:00,37358.36014363806
2024-06-03 09:00:00,35421.96737814409
2024-06-03 10:00:00,33074.19240321267
2024-06-03 11:00:00,31955.33735723558
2024-06-03 12:00:00,30686.232471094256
2024-06-03 13:00:00,29661.249475242552
2024-06-03 14:00:00,30126.69038730825
2024-06-03 15:00:00,31561.827633058958
2024-06-03 16:00:00,35572.57004120846
2024-06-03 17:00:00,42716.56612218905
2024-06-03 18:00:00,43264.31947660474
2024-06-03 19:00:00,40679.140628151996
2024-06-03 20:00:00,37351.89787545852
2024-06-03 21:00:00,35340.777946627175
2024-06-03 22:00:00,33112.68366209229
2024-06-03 23:00:00,32701.95925812459
2024-06-04 00:00:00,31031.222511994612
2024-06-04 01:00:00,29845.942455579105
2024-06-04 02:00:00,30373.51145480209
2024-06-04 03:00:00,31905.863508307746
2024-06-04 04:00:00,36082.54112483601
2024-06-04 05:00:00,43323.42676986848
2024-06-04 06:00:00,44035.185408941856
2024-06-04 07:00:00,41589.57257439836
2024-06-04 08:00:00,38490.740210532545
2024-06-04 09:00:00,36256.414340952644
2024-06-04 10:00:00,33567.18408969371
2024-06-04 11:00:00,32379.73870455038
2024-06-04 12:00:00,30992.73126207795
2024-06-04 13:00:00,29889.139400103937
2024-06-04 14:00:00,30356.033186640638
2024-06-04 15:00:00,31759.314880565904
2024-06-04 16:00:00,35438.446985749026
2024-06-04 17:00:00,42398.205517491944
2024-06-04 18:00:00,42868.304129764656
2024-06-04 19:00:00,40108.385800432865
2024-06-04 20:00:00,36839.389631480655
2024-06-04 21:00:00,34775.87815284437
2024-06-04 22:00:00,32568.49322074658
2024-06-04 23:00:00,31534.579243325967
2024-06-05 00:00:00,30148.07051420884
2024-06-05 01:00:00,28999.6770265406
2024-06-05 02:00:00,29536.765834265636
2024-06-05 03:00:00,30970.45013510683
2024-06-05 04:00:00,35051.38761809037
2024-06-05 05:00:00,42103.178180193754
2024-06-05 06:00:00,42887.40876521767
2024-06-05 07:00:00,40865.91535654113
2024-06-05 08:00:00,38444.008603666174
2024-06-05 09:00:00,36142.69707904615
2024-06-05 10:00:00,33755.78035525741
2024-06-05 11:00:00,32551.203664783698
2024-06-05 12:00:00,31136.374122342553
2024-06-05 13:00:00,29851.949272956255
2024-06-05 14:00:00,30243.13997287495
2024-06-05 15:00:00,31458.779524603724
2024-06-05 16:00:00,35222.505598684336
2024-06-05 17:00:00,42460.3337022044
2024-06-05 18:00:00,42981.219048628875
2024-06-05 19:00:00,39976.431333912915
2024-06-05 20:00:00,36749.30917014542
2024-06-05 21:00:00,34898.50800470358
2024-06-05 22:00:00,32556.544778845957
2024-06-05 23:00:00,31311.048032963452
2024-06-06 00:00:00,29896.86908305512
2024-06-06 01:00:00,28760.597555700027
2024-06-06 02:00:00,29328.43597789611
2024-06-06 03:00:00,30898.954051920307
2024-06-06 04:00:00,35009.49177294049
2024-06-06 05:00:00,42168.53731369579
2024-06-06 06:00:00,42961.16019704458
2024-06-06 07:00:00,40782.60080669716
2024-06-06 08:00:00,37923.97545556659
2024-06-06 09:00:00,35956.377768033606
2024-06-06 10:00:00,33575.59789636853
2024-06-06 11:00:00,32396.241121171202
2024-06-06 12:00:00,31041.588041931176
2024-06-06 13:00:00,29962.261939395878
2024-06-06 14:00:00,30532.680942495226
2024-06-06 15:00:00,31848.115819435516
2024-06-06 16:00:00,35524.016815787836
2024-06-06 17:00:00,42602.50195113421
2024-06-06 18:00:00,43134.88043259061
2024-06-06 19:00:00,40441.795945443584
2024-06-06 20:00:00,37010.550997469734
2024-06-06 21:00:00,35080.81560341424
2024-06-06 22:00:00,32789.3137790179
2024-06-06 23:00:00,31479.71554865861
2024-06-07 00:00:00,30495.597756345724
2024-06-07 01:00:00,29527.60355841818
2024-06-07 02:00:00,30151.10795228553
2024-06-07 03:00:00,31709.352122339726
2024-06-07 04:00:00,35963.53270432961
2024-06-07 05:00:00,43345.61070488564
2024-06-07 06:00:00,44185.3121652706
2024-06-07 07:00:00,41694.72415208792
2024-06-07 08:00:00,38977.898519973736
2024-06-07 09:00:00,36904.23839362049
2024-06-07 10:00:00,34280.67092920424
2024-06-07 11:00:00,33041.83159560317
2024-06-07 12:00:00,31676.357595058682
2024-06-07 13:00:00,30480.56021669864
2024-06-07 14:00:00,30962.655339348163
2024-06-07 15:00:00,32302.811354344383
2024-06-07 16:00:00,36495.839628301634
2024-06-07 17:00:00,43477.80381146214
2024-06-07 18:00:00,44230.937865816566
2024-06-07 19:00:00,41850.53243425836
2024-06-07 20:00:00,38662.55215588887
2024-06-07 21:00:00,36400.25236894403
2024-06-07 22:00:00,33766.34104773144
2024-06-07 23:00:00,31828.19694425433
2024-06-08 00:00:00,31007.238671429608
2024-06-08 01:00:00,29968.52896213025
2024-06-08 02:00:00,30596.86916502076
2024-06-08 03:00:00,32195.556280971436
2024-06-08 04:00:00,36465.74053318535
2024-06-08 05:00:00,43838.27707759656
2024-06-08 06:00:00,44748.84577831036
2024-06-08 07:00:00,42378.78420336976
2024-06-08 08:00:00,39208.43401769563
2024-06-08 09:00:00,37026.54299631277
2024-06-08 10:00:00,34487.743030701036
2024-06-08 11:00:00,33345.44625777413
2024-06-08 12:00:00,31980.622809166707
2024-06-08 13:00:00,30844.524802038337
2024-06-08 14:00:00,31208.19699490897
2024-06-08 15:00:00,32342.451920761883
2024-06-08 16:00:00,36504.0800082564
2024-06-08 17:00:00,43267.717490105984
2024-06-08 18:00:00,44202.855520623125
2024-06-08 19:00:00,41760.49545392622
2024-06-08 20:00:00,38516.54561332265
2024-06-08 21:00:00,36237.244628360786
2024-06-08 22:00:00,33612.72304131853
2024-06-08 23:00:00,32343.762878403468
2024-06-09 00:00:00,30883.806412106125
2024-06-09 01:00:00,29687.054926249537
2024-06-09 02:00:00,30180.795013389554
2024-06-09 03:00:00,31723.18729974653
2024-06-09 04:00:00,35942.88837272311
2024-06-09 05:00:00,43274.35313117287
2024-06-09 06:00:00,44099.65557700151
2024-06-09 07:00:00,41710.012267476595
2024-06-09 08:00:00,38548.09762724198
2024-06-09 09:00:00,36329.14656405124
2024-06-09 10:00:00,33640.06805844255
2024-06-09 11:00:00,32305.900516051915
2024-06-09 12:00:00,30817.970138169596
2024-06-09 13:00:00,29615.537073714237
2024-06-09 14:00:00,30110.751741311924
2024-06-09 15:00:00,31745.978452961812
2024-06-09 16:00:00,35683.57657843491
2024-06-09 17:00:00,42851.31799147953
2024-06-09 18:00:00,43011.73015343953
2024-06-09 19:00:00,40536.51693773851
2024-06-09 20:00:00,37493.502285546114
2024-06-09 21:00:00,35331.821940441776
2024-06-09 22:00:00,32999.443542473266
2024-06-09 23:00:00,31973.05420688506
2024-06-10 00:00:00,30530.40249495327
2024-06-10 01:00:00,29252.43986339393
2024-06-10 02:00:00,29854.562667983235
2024-06-10 03:00:00,31322.379475167014
2024-06-10 04:00:00,35539.825334160225
2024-06-10 05:00:00,42692.71235058907
2024-06-10 06:00:00,43166.36737893429
2024-06-10 07:00:00,40897.38062551712
2024-06-10 08:00:00,38071.60842310232
2024-06-10 09:00:00,36096.095580296045
2024-06-10 10:00:00,33725.35600485765
2024-06-10 11:00:00,32753.223098582155
2024-06-10 12:00:00,31398.396539387348
2024-06-10 13:00:00,30226.56131446087
2024-06-10 14:00:00,30725.80944242964
2024-06-10 15:00:00,32037.037380912978
2024-06-10 16:00:00,35623.79049805628
2024-06-10 17:00:00,42755.79471896078
2024-06-10 18:00:00,43205.98632557113
2024-06-10 19:00:00,40384.7855661565
2024-06-10 20:00:00,37243.88383320136
2024-06-10 21:00:00,35268.197469432824
2024-06-10 22:00:00,33450.21404981568
2024-06-10 23:00:00,31567.410555637158
2024-06-11 00:00:00,30158.24088390648
2024-06-11 01:00:00,29095.720787294755
2024-06-11 02:00:00,29606.44043518781
2024-06-11 03:00:00,31204.628796037163
2024-06-11 04:00:00,35307.72843946106
2024-06-11 05:00:00,42063.60267594848
2024-06-11 06:00:00,42926.42044822408
2024-06-11 07:00:00,40700.45721300379
2024-06-11 08:00:00,38045.56446123986
2024-06-11 09:00:00,36007.25126159036
2024-06-11 10:00:00,33506.44378835939
2024-06-11 11:00:00,32282.610619224564
2024-06-11 12:00:00,30813.589748893057
2024-06-11 13:00:00,29617.467089920425
2024-06-11 14:00:00,30096.656352638245
2024-06-11 15:00:00,31521.775039424123
2024-06-11 16:00:00,35687.95703335417
2024-06-11 17:00:00,42773.77171152925
2024-06-11 18:00:00,42846.206885530715
2024-06-11 19:00:00,40048.01423699215
2024-06-11 20:00:00,37136.45533635978
2024-06-11 21:00:00,34828.52977977921
2024-06-11 22:00:00,32513.39115009786
2024-06-11 23:00:00,31343.510733531537
2024-06-12 00:00:00,30002.10735185955
2024-06-12 01:00:00,28891.402775359704
2024-06-12 02:00:00,29444.668799955427
2024-06-12 03:00:00,30989.142780414735
2024-06-12 04:00:00,35036.44648011135
2024-06-12 05:00:00,42527.080688860406
2024-06-12 06:00:00,42806.02423868671
2024-06-12 07:00:00,40661.90084225002
2024-06-12 08:00:00,37982.43883967876
2024-06-12 09:00:00,35982.4867184738
2024-06-12 10:00:00,33419.87638866194
2024-06-12 11:00:00,32230.674506405318
2024-06-12 12:00:00,30741.898441839934
2024-06-12 13:00:00,29564.55511637832
2024-06-12 14:00:00,29990.051837715986
2024-06-12 15:00:00,31091.518723438858
2024-06-12 16:00:00,35200.77696838265
2024-06-12 17:00:00,42186.60116248876
2024-06-12 18:00:00,42817.192059193425
2024-06-12 19:00:00,39690.338200100894
2024-06-12 20:00:00,36769.88841438909
2024-06-12 21:00:00,35150.81540123248
2024-06-12 22:00:00,32867.380544095075
2024-06-12 23:00:00,31813.4727324053
2024-06-13 00:00:00,30498.41680628254
2024-06-13 01:00:00,29380.27421918998
2024-06-13 02:00:00,29928.379085114495
2024-06-13 03:00:00,31496.793692408628
2024-06-13 04:00:00,35643.24212244178
2024-06-13 05:00:00,42746.64346937612
2024-06-13 06:00:00,43296.65217888128
2024-06-13 07:00:00,40712.579174143015
2024-06-13 08:00:00,37517.3344372067
2024-06-13 09:00:00,35574.327708560166
2024-06-13 10:00:00,33143.56344640194
2024-06-13 11:00:00,32251.49232587767
2024-06-13 12:00:00,30806.715508125762
2024-06-13 13:00:00,29652.662146698207
2024-06-13 14:00:00,30146.575755562753
2024-06-13 15:00:00,31472.527937992785
2024-06-13 16:00:00,35282.855576306014
2024-06-13 17:00:00,42443.202321402954
2024-06-13 18:00:00,42955.847313424914
2024-06-13 19:00:00,40318.23364237756
2024-06-13 20:00:00,37281.50775445151
2024-06-13 21:00:00,35554.420702962874
2024-06-13 22:00:00,33283.95349475362
2024-06-13 23:00:00,31962.97059589893
2024-06-14 00:00:00,30787.76265268592
2024-06-14 01:00:00,29758.963066447453
2024-06-14 02:00:00,30277.294178613683
2024-06-14 03:00:00,31897.514724679237
2024-06-14 04:00:00,36333.54747147927
2024-06-14 05:00:00,43889.88789308062
2024-06-14 06:00:00,44783.30358445788
2024-06-14 07:00:00,42377.48309366107
2024-06-14 08:00:00,39176.903720542396
2024-06-14 09:00:00,36918.16030221345
2024-06-14 10:00:00,34257.22921521967
2024-06-14 11:00:00,32948.30327291867
2024-06-14 12:00:00,31462.15106692579
2024-06-14 13:00:00,30259.240929707452
2024-06-14 14:00:00,30783.231885311077
2024-06-14 15:00:00,32306.69300311333
2024-06-14 16:00:00,36540.966551251695
2024-06-14 17:00:00,43914.95601679104
2024-06-14 18:00:00,44137.561305256415
2024-06-14 19:00:00,41372.89391199744
2024-06-14 20:00:00,38079.43675955025
2024-06-14 21:00:00,35875.20997321354
2024-06-14 22:00:00,33591.428144195444
2024-06-14 23:00:00,32541.748912337225
2024-06-15 00:00:00,31284.18052231992
2024-06-15 01:00:00,30164.281378860305
2024-06-15 02:00:00,30697.01147452344
2024-06-15 03:00:00,32226.28422955362
2024-06-15 04:00:00,36455.071410972036
2024-06-15 05:00:00,43867.07505003509
2024-06-15 06:00:00,44773.5886097407
2024-06-15 07:00:00,42377.80837221524
2024-06-15 08:00:00,39188.873958270706
2024-06-15 09:00:00,36912.97753654662
2024-06-15 10:00:00,34254.626989785196
2024-06-15 11:00:00,32959.145879324475
2024-06-15 12:00:00,31464.73160720045
2024-06-15 13:00:00,30278.172120391024
2024-06-15 14:00:00,30786.311185410636
2024-06-15 15:00:00,32316.234494366465
2024-06-15 16:00:00,36533.85379881715
2024-06-15 17:00:00,43005.28299634918
2024-06-15 18:00:00,43172.63445388439
2024-06-15 19:00:00,40449.90618867882
2024-06-15 20:00:00,37213.5679453714
2024-06-15 21:00:00,34990.23642591701
2024-06-15 22:00:00,32717.25385680976
2024-06-15 23:00:00,31705.198482246895
2024-06-16 00:00:00,30372.252255748695
2024-06-16 01:00:00,29157.371897637327
2024-06-16 02:00:00,29610.495559817788
2024-06-16 03:00:00,31138.81416340276
2024-06-16 04:00:00,35122.49339137186
2024-06-16 05:00:00,42156.28525824908
2024-06-16 06:00:00,42642.66949426943
2024-06-16 07:00:00,40497.136640342476
2024-06-16 08:00:00,37805.18393311235
2024-06-16 09:00:00,35898.781852108244
2024-06-16 10:00:00,33462.89984476343
2024-06-16 11:00:00,32268.992307808923
2024-06-16 12:00:00,30813.568041730337
2024-06-16 13:00:00,29563.600962319342
2024-06-16 14:00:00,29997.64166169999
2024-06-16 15:00:00,31222.952832001993
2024-06-16 16:00:00,35062.96746512188
2024-06-16 17:00:00,42067.9614445968
2024-06-16 18:00:00,42536.043353089975
2024-06-16 19:00:00,39440.56806514757
2024-06-16 20:00:00,35990.04480168025
2024-06-16 21:00:00,34830.416381440824
2024-06-16 22:00:00,32602.23540349312
2024-06-16 23:00:00,31376.75420156099
2024-06-17 00:00:00,29991.069652529946
2024-06-17 01:00:00,28827.80000982173
2024-06-17 02:00:00,29299.70307281469
2024-06-17 03:00:00,30801.001985909763
2024-06-17 04:00:00,34943.85059794428
2024-06-17 05:00:00,41738.99672648559
2024-06-17 06:00:00,42678.840414538434
2024-06-17 07:00:00,40825.01708410287
2024-06-17 08:00:00,37867.11689456574
2024-06-17 09:00:00,35772.573885617334
2024-06-17 10:00:00,33358.35545131756
2024-06-17 11:00:00,32118.843916119342
2024-06-17 12:00:00,30626.207818334435
2024-06-17 13:00:00,29425.726407498372
2024-06-17 14:00:00,29861.241688311373
2024-06-17 15:00:00,31028.2847004364
2024-06-17 16:00:00,35038.98362372002
2024-06-17 17:00:00,41924.7305071951
2024-06-17 18:00:00,42225.53265182857
2024-06-17 19:00:00,39596.94010395588
2024-06-17 20:00:00,37000.44561070778
2024-06-17 21:00:00,35217.82275989061
2024-06-17 22:00:00,32762.684403467265
2024-06-17 23:00:00,31327.8106589307
2024-06-18 00:00:00,29972.68050320944
2024-06-18 01:00:00,28838.85954864905
2024-06-18 02:00:00,29356.54006334656
2024-06-18 03:00:00,30911.379641126045
2024-06-18 04:00:00,35131.579502817316
2024-06-18 05:00:00,42094.02696589887
2024-06-18 06:00:00,42965.43226101066
2024-06-18 07:00:00,40696.467080049086
2024-06-18 08:00:00,37906.47547792008
2024-06-18 09:00:00,35990.53198123411
2024-06-18 10:00:00,33525.50510847084
2024-06-18 11:00:00,32279.357837370033
2024-06-18 12:00:00,30908.87454537665
2024-06-18 13:00:00,29890.07187982426
2024-06-18 14:00:00,30446.568947608528
2024-06-18 15:00:00,31856.139338346147
2024-06-18 16:00:00,35858.74978765453
2024-06-18 17:00:00,43314.774353572066
2024-06-18 18:00:00,44162.23908621052
2024-06-18 19:00:00,41619.41145970264
2024-06-18 20:00:00,38447.28303412167
2024-06-18 21:00:00,36126.73680130847
2024-06-18 22:00:00,33520.97284412309
2024-06-18 23:00:00,31760.86438660145
2024-06-19 00:00:00,30180.05620403081
2024-06-19 01:00:00,28967.929844179453
2024-06-19 02:00:00,29469.281465227654
2024-06-19 03:00:00,30989.98853765188
2024-06-19 04:00:00,35095.99412534281
2024-06-19 05:00:00,42094.56909677718
2024-06-19 06:00:00,42962.89499612074
2024-06-19 07:00:00,40711.56003610961
2024-06-19 08:00:00,37873.470647118345
2024-06-19 09:00:00,35808.180968434404
2024-06-19 10:00:00,33296.552595001245
2024-06-19 11:00:00,32049.58133996434
2024-06-19 12:00:00,30583.162655690812
2024-06-19 13:00:00,29352.1050839194
2024-06-19 14:00:00,29690.55739559301
2024-06-19 15:00:00,31175.37547032502
2024-06-19 16:00:00,34906.421906393705
2024-06-19 17:00:00,41984.906971578916
2024-06-19 18:00:00,42267.51519042435
2024-06-19 19:00:00,39140.921676882106
2024-06-19 20:00:00,37072.13691949995
2024-06-19 21:00:00,35094.672483881346
2024-06-19 22:00:00,32707.6039107887
2024-06-19 23:00:00,31314.322521616323
2024-06-20 00:00:00,29983.740042035104
2024-06-20 01:00:00,28789.070252484773
2024-06-20 02:00:00,29323.752032606408
2024-06-20 03:00:00,30865.797413028744
2024-06-20 04:00:00,35102.82488961378
2024-06-20 05:00:00,42347.28865175353
2024-06-20 06:00:00,42798.67292338991
2024-06-20 07:00:00,40406.92607593489
2024-06-20 08:00:00,37369.85328705343
2024-06-20 09:00:00,35275.7440082272
2024-06-20 10:00:00,32790.46315527073
2024-06-20 11:00:00,31512.763923288796
2024-06-20 12:00:00,30114.58854075382
2024-06-20 13:00:00,29009.19687034386
2024-06-20 14:00:00,29449.417868289293
2024-06-20 15:00:00,30859.16161483647
2024-06-20 16:00:00,34868.147585754785
2024-06-20 17:00:00,42135.7493069485
2024-06-20 18:00:00,42893.61072322498
2024-06-20 19:00:00,40527.25743681298
2024-06-20 20:00:00,37473.53028621584
2024-06-20 21:00:00,35351.12183194885
2024-06-20 22:00:00,32916.606002475106
2024-06-20 23:00:00,31649.771082650845
2024-06-21 00:00:00,30315.632195677565
2024-06-21 01:00:00,29234.180952020466
2024-06-21 02:00:00,29927.511690408443
2024-06-21 03:00:00,31459.213183180273
2024-06-21 04:00:00,35744.42533502872
2024-06-21 05:00:00,42935.369877245066
2024-06-21 06:00:00,43994.048572083986
2024-06-21 07:00:00,41650.9851204534
2024-06-21 08:00:00,38615.538590197044
2024-06-21 09:00:00,36700.7877367023
2024-06-21 10:00:00,34187.03418194853
2024-06-21 11:00:00,32901.896917589205
2024-06-21 12:00:00,31450.48442218614
2024-06-21 13:00:00,30244.01790986869
2024-06-21 14:00:00,30742.940759311285
2024-06-21 15:00:00,32193.301026469435
2024-06-21 16:00:00,35807.182285692346
2024-06-21 17:00:00,42613.04091815897
2024-06-21 18:00:00,42970.78845377363
2024-06-21 19:00:00,40398.55562062
2024-06-21 20:00:00,37169.65538835312
2024-06-21 21:00:00,35121.800706553826
2024-06-21 22:00:00,32793.23879431028
2024-06-21 23:00:00,31481.01674150715
2024-06-22 00:00:00,30169.885832810825
2024-06-22 01:00:00,29091.513852525844
2024-06-22 02:00:00,29601.127531031627
2024-06-22 03:00:00,31178.931807936755
2024-06-22 04:00:00,35491.662434243975
2024-06-22 05:00:00,42978.24151950541
2024-06-22 06:00:00,44035.01197189701
2024-06-22 07:00:00,42057.69126056117
2024-06-22 08:00:00,39107.33756163842
2024-06-22 09:00:00,36903.587840340544
2024-06-22 10:00:00,34221.62209640638
2024-06-22 11:00:00,32926.14098549704
2024-06-22 12:00:00,31444.82458162228
2024-06-22 13:00:00,30247.74776642505
2024-06-22 14:00:00,30777.24676588995
2024-06-22 15:00:00,32266.076598328465
2024-06-22 16:00:00,36130.27031639852
2024-06-22 17:00:00,42764.40367703348
2024-06-22 18:00:00,43175.30169098859
2024-06-22 19:00:00,40515.02694606238
2024-06-22 20:00:00,37308.635843285425
2024-06-22 21:00:00,35054.25121439469
2024-06-22 22:00:00,32630.92503071405
2024-06-22 23:00:00,31227.23463112453
2024-06-23 00:00:00,29960.558543131316
2024-06-23 01:00:00,28870.08617509266
2024-06-23 02:00:00,29378.05175792524
2024-06-23 03:00:00,30887.439214533744
2024-06-23 04:00:00,34926.6325364339
2024-06-23 05:00:00,41713.97190929753
2024-06-23 06:00:00,42584.87835286611
2024-06-23 07:00:00,40711.560036900744
2024-06-23 08:00:00,37892.55360893592
2024-06-23 09:00:00,36032.0591512703
2024-06-23 10:00:00,33633.4974424495
2024-06-23 11:00:00,32440.240435448155
2024-06-23 12:00:00,30967.164408071083
2024-06-23 13:00:00,29743.56655375602
2024-06-23 14:00:00,29970.25322874608
2024-06-23 15:00:00,31188.950367541685
2024-06-23 16:00:00,35161.67859286778
2024-06-23 17:00:00,42323.304821784746
2024-06-23 18:00:00,42305.05242043269
2024-06-23 19:00:00,38991.619040256955
2024-06-23 20:00:00,36652.54975612006
2024-06-23 21:00:00,35017.68997806678
2024-06-23 22:00:00,32758.715972312733
2024-06-23 23:00:00,31508.3400554054
2024-06-24 00:00:00,30080.06571833005
2024-06-24 01:00:00,28872.471628773554
2024-06-24 02:00:00,29365.73457445939
2024-06-24 03:00:00,30878.678304086196
2024-06-24 04:00:00,34960.89514683676
2024-06-24 05:00:00,42057.81263719507
2024-06-24 06:00:00,42811.31544053464
2024-06-24 07:00:00,40698.44037705864
2024-06-24 08:00:00,37968.560251700736
2024-06-24 09:00:00,36121.96602624596
2024-06-24 10:00:00,34037.55801681136
2024-06-24 11:00:00,32944.746898082034
2024-06-24 12:00:00,31380.441180458256
2024-06-24 13:00:00,30244.516669642093
2024-06-24 14:00:00,30556.773213818342
2024-06-24 15:00:00,31479.29371190427
2024-06-24 16:00:00,35298.98937742282
2024-06-24 17:00:00,42363.55256989084
2024-06-24 18:00:00,42699.70158612503
2024-06-24 19:00:00,40166.41544319724
2024-06-24 20:00:00,37201.0122533995
2024-06-24 21:00:00,35179.721825094646
2024-06-24 22:00:00,32790.07283767835
2024-06-24 23:00:00,32030.845285852207
2024-06-25 00:00:00,30642.037994882427
2024-06-25 01:00:00,29476.513205149535
2024-06-25 02:00:00,30043.028862552077
2024-06-25 03:00:00,31525.24468255234
2024-06-25 04:00:00,35606.03029269187
2024-06-25 05:00:00,42740.311430841066
2024-06-25 06:00:00,43488.45778487042
2024-06-25 07:00:00,41060.64854937741
2024-06-25 08:00:00,38206.85908772055
2024-06-25 09:00:00,36315.28968319506
2024-06-25 10:00:00,33666.177075560125
2024-06-25 11:00:00,32412.57008224584
2024-06-25 12:00:00,30908.13725663944
2024-06-25 13:00:00,29701.3454747365
2024-06-25 14:00:00,30216.12021467333
2024-06-25 15:00:00,31644.79527321146
2024-06-25 16:00:00,35568.341385830805
2024-06-25 17:00:00,42409.67692829004
2024-06-25 18:00:00,43354.85522397103
2024-06-25 19:00:00,40565.0330398122
2024-06-25 20:00:00,37572.783415658
2024-06-25 21:00:00,35557.803588145194
2024-06-25 22:00:00,33357.53140361767
2024-06-25 23:00:00,31391.868862056675
2024-06-26 00:00:00,30046.106733682864
2024-06-26 01:00:00,28943.338889069753
2024-06-26 02:00:00,29404.247531989007
2024-06-26 03:00:00,31000.007095850524
2024-06-26 04:00:00,35149.51321699168
2024-06-26 05:00:00,42013.98690731883
2024-06-26 06:00:00,42778.78762180298
2024-06-26 07:00:00,40517.26045046154
2024-06-26 08:00:00,37738.393505229666
2024-06-26 09:00:00,35824.01121561664
2024-06-26 10:00:00,33442.60251651519
2024-06-26 11:00:00,32409.165521188646
2024-06-26 12:00:00,30935.78590293418
2024-06-26 13:00:00,29809.7064526761
2024-06-26 14:00:00,30372.18866074729
2024-06-26 15:00:00,31853.753951088136
2024-06-26 16:00:00,35710.336182889354
2024-06-26 17:00:00,42628.350672373876
2024-06-26 18:00:00,43004.118613725426
2024-06-26 19:00:00,39141.68060612412
2024-06-26 20:00:00,36164.32884462882
2024-06-26 21:00:00,34878.21067398517
2024-06-26 22:00:00,32598.397211365416
2024-06-26 23:00:00,31378.315604057658
2024-06-27 00:00:00,29908.492325603966
2024-06-27 01:00:00,28851.632037454034
2024-06-27 02:00:00,29450.827327907326
2024-06-27 03:00:00,30909.428050991814
2024-06-27 04:00:00,35019.66215210096
2024-06-27 05:00:00,41969.272009644585
2024-06-27 06:00:00,43022.94135911438
2024-06-27 07:00:00,41155.23943698632
2024-06-27 08:00:00,38508.91243641909
2024-06-27 09:00:00,36546.30228557336
2024-06-27 10:00:00,34212.25408467819
2024-06-27 11:00:00,32969.988485783375
2024-06-27 12:00:00,31534.102600430488
2024-06-27 13:00:00,30404.792075139278
2024-06-27 14:00:00,30904.5172882183
2024-06-27 15:00:00,32366.522507916037
2024-06-27 16:00:00,36443.75173860444
2024-06-27 17:00:00,43427.32062409607
2024-06-27 18:00:00,44138.62392161322
2024-06-27 19:00:00,41083.74335562043
2024-06-27 20:00:00,37317.895472017815
2024-06-27 21:00:00,34862.46718775291
2024-06-27 22:00:00,32484.571548897817
2024-06-27 23:00:00,31159.338236356572
2024-06-28 00:00:00,29700.487801368196
2024-06-28 01:00:00,28498.076375802353
2024-06-28 02:00:00,29010.747613006366
2024-06-28 03:00:00,30558.127603800986
2024-06-28 04:00:00,34844.31555412557
2024-06-28 05:00:00,42376.975717300425
2024-06-28 06:00:00,43452.33027950509
2024-06-28 07:00:00,41295.39097822022
2024-06-28 08:00:00,38697.552080903166
2024-06-28 09:00:00,36822.073125882125
2024-06-28 10:00:00,34244.43494049347
2024-06-28 11:00:00,32945.072176286296
2024-06-28 12:00:00,31455.51539142123
2024-06-28 13:00:00,30245.16722590963
2024-06-28 14:00:00,30723.20721534311
2024-06-28 15:00:00,32069.109810054768
2024-06-28 16:00:00,35371.851637554704
2024-06-28 17:00:00,42228.041563490275
2024-06-28 18:00:00,42732.01260660023
2024-06-28 19:00:00,40126.29779905736
2024-06-28 20:00:00,37343.61410178821
2024-06-28 21:00:00,35285.068625461856
2024-06-28 22:00:00,32727.64102534226
2024-06-28 23:00:00,31811.651115890178
2024-06-29 00:00:00,30454.070587798637
2024-06-29 01:00:00,29165.612253058298
2024-06-29 02:00:00,29659.829419722962
2024-06-29 03:00:00,31220.82765478465
2024-06-29 04:00:00,35664.86228645516
2024-06-29 05:00:00,43080.92101715499
2024-06-29 06:00:00,44454.51240843893
2024-06-29 07:00:00,42267.018624912176
2024-06-29 08:00:00,39162.656537981056
2024-06-29 09:00:00,36903.587840824155
2024-06-29 10:00:00,34245.085496904314
2024-06-29 11:00:00,32944.746898096826
2024-06-29 12:00:00,31451.78553480792
2024-06-29 13:00:00,30255.033997707822
2024-06-29 14:00:00,30744.241871721388
2024-06-29 15:00:00,32246.993610544283
2024-06-29 16:00:00,35903.09600429789
2024-06-29 17:00:00,42782.359094147054
2024-06-29 18:00:00,43373.50458648033
2024-06-29 19:00:00,40761.782933856295
2024-06-29 20:00:00,37519.95826733654
2024-06-29 21:00:00,35251.348145541335
2024-06-29 22:00:00,32740.825671559778
2024-06-29 23:00:00,31410.23617439493
2024-06-30 00:00:00,30088.067568450453
2024-06-30 01:00:00,28979.292876567448
2024-06-30 02:00:00,29482.574509895454
2024-06-30 03:00:00,31038.541760432538
2024-06-30 04:00:00,35188.893505431646
2024-06-30 05:00:00,41947.19647885713
2024-06-30 06:00:00,42576.96333184908
2024-06-30 07:00:00,40287.91761868195
2024-06-30 08:00:00,37351.615948225306
2024-06-30 09:00:00,35276.568057893615
2024-06-30 10:00:00,32852.743023916075
2024-06-30 11:00:00,31875.232177100635
2024-06-30 12:00:00,30760.873002509896
2024-06-30 13:00:00,29683.303362386
2024-06-30 14:00:00,30217.811656760015
2024-06-30 15:00:00,31759.37992862975
2024-06-30 16:00:00,35606.463961032474
2024-06-30 17:00:00,42746.46996052669
2024-06-30 18:00:00,43193.647427090684
2024-06-30 19:00:00,40662.00924802368
2024-06-30 20:00:00,37138.12513582119
2024-06-30 21:00:00,35206.54642213573
2024-06-30 22:00:00,32827.52311108286
2024-06-30 23:00:00,31656.818776775344
2024-07-01 00:00:00,30449.169708045454
2024-07-01 01:00:00,29428.870788457738
2024-07-01 02:00:00,29870.696472354815
2024-07-01 03:00:00,31515.768255775954
2024-07-01 04:00:00,35674.03508832617
2024-07-01 05:00:00,42791.35837543977
2024-07-01 06:00:00,43708.86631911315
2024-07-01 07:00:00,41051.86606483759
2024-07-01 08:00:00,38093.90082340845
2024-07-01 09:00:00,36267.95089435231
2024-07-01 10:00:00,33669.62501589243
2024-07-01 11:00:00,32373.31983409393
2024-07-01 12:00:00,30892.328751610952
2024-07-01 13:00:00,29695.25190377368
2024-07-01 14:00:00,30217.139389115113
2024-07-01 15:00:00,31720.866968977105
2024-07-01 16:00:00,35927.470163741884
2024-07-01 17:00:00,43347.258822000345
2024-07-01 18:00:00,44205.41434822284
2024-07-01 19:00:00,41700.92616622138
2024-07-01 20:00:00,38228.457543944714
2024-07-01 21:00:00,36153.75655594935
2024-07-01 22:00:00,33592.14372717194
2024-07-01 23:00:00,32343.06900348882
2024-07-02 00:00:00,30868.865333809452
2024-07-02 01:00:00,29664.35050769502
2024-07-02 02:00:00,30157.917076796384
2024-07-02 03:00:00,31635.774214745205
2024-07-02 04:00:00,35543.33833477307
2024-07-02 05:00:00,42509.754232627136
2024-07-02 06:00:00,43202.60342593246
2024-07-02 07:00:00,40704.10031818393
2024-07-02 08:00:00,38272.28340558702
2024-07-02 09:00:00,36203.090414251456
2024-07-02 10:00:00,33598.60594401407
2024-07-02 11:00:00,32311.84231003918
2024-07-02 12:00:00,30809.512917437285
2024-07-02 13:00:00,29580.081736441556
2024-07-02 14:00:00,30056.343549238616
2024-07-02 15:00:00,31444.922636137628
2024-07-02 16:00:00,35215.47960018809
2024-07-02 17:00:00,42401.544972008945
2024-07-02 18:00:00,42982.129774512876
2024-07-02 19:00:00,39883.74874568236
2024-07-02 20:00:00,37475.52528783782
2024-07-02 21:00:00,35482.685980321075
2024-07-02 22:00:00,33130.6823598731
2024-07-02 23:00:00,31998.556036510592
2024-07-03 00:00:00,30955.736291932455
2024-07-03 01:00:00,29909.393379750367
2024-07-03 02:00:00,30462.0088396762
2024-07-03 03:00:00,32108.229935074985
2024-07-03 04:00:00,36333.93781204716
2024-07-03 05:00:00,43486.67306912486
2024-07-03 06:00:00,44299.528188790915
2024-07-03 07:00:00,41865.90723333709
2024-07-03 08:00:00,38809.577899167285
2024-07-03 09:00:00,36872.85989445858
2024-07-03 10:00:00,34245.085496990294
2024-07-03 11:00:00,32945.39745448836
2024-07-03 12:00:00,31533.14845316842
2024-07-03 13:00:00,30552.620183643143
2024-07-03 14:00:00,30962.113206726393
2024-07-03 15:00:00,32347.591308179275
2024-07-03 16:00:00,36496.46849024002
2024-07-03 17:00:00,43805.315569369144
2024-07-03 18:00:00,44315.70534243249
2024-07-03 19:00:00,41648.51297640648
2024-07-03 20:00:00,38548.53129768986
2024-07-03 21:00:00,36277.96945259167
2024-07-03 22:00:00,33628.85677721453
2024-07-03 23:00:00,32832.8295127418
2024-07-04 00:00:00,31373.675398110267
2024-07-04 01:00:00,30179.17912297207
2024-07-04 02:00:00,30701.066612521372
2024-07-04 03:00:00,32214.487473462654
2024-07-04 04:00:00,36403.48229606413
2024-07-04 05:00:00,43591.47767450158
2024-07-04 06:00:00,44314.25243536965
2024-07-04 07:00:00,41868.48778022586
2024-07-04 08:00:00,38875.73950296166
2024-07-04 09:00:00,36855.88037287328
2024-07-04 10:00:00,34238.44982189238
2024-07-04 11:00:00,32945.397454489874
2024-07-04 12:00:00,31460.676472004478
2024-07-04 13:00:00,30256.313425175664
2024-07-04 14:00:00,30744.71894628324
2024-07-04 15:00:00,32230.491163396524
2024-07-04 16:00:00,36224.102223980226
2024-07-04 17:00:00,43509.63770581052
2024-07-04 18:00:00,44191.16714791284
2024-07-04 19:00:00,41765.938390614254
2024-07-04 20:00:00,38204.51711658725
2024-07-04 21:00:00,35563.3982772188
2024-07-04 22:00:00,32871.08876206042
2024-07-04 23:00:00,31561.468826722867
2024-07-05 00:00:00,30383.26838109772
2024-07-05 01:00:00,29216.420756614287
2024-07-05 02:00:00,29992.76248754886
2024-07-05 03:00:00,31637.031929006233
2024-07-05 04:00:00,36242.20937076248
2024-07-05 05:00:00,43822.12160657169
2024-07-05 06:00:00,44697.90722454338
2024-07-05 07:00:00,42322.489395326214
2024-07-05 08:00:00,39170.74512266566
2024-07-05 09:00:00,36904.23839743195
2024-07-05 10:00:00,34245.410775214485
2024-07-05 11:00:00,32945.22397278891
2024-07-05 12:00:00,31453.73720390326
2024-07-05 13:00:00,30279.126269021435
2024-07-05 14:00:00,30788.06768447106
2024-07-05 15:00:00,32271.432845118994
2024-07-05 16:00:00,36496.96724998372
2024-07-05 17:00:00,43884.40154451546
2024-07-05 18:00:00,44781.2001265758
2024-07-05 19:00:00,42269.273882059904
2024-07-05 20:00:00,39023.8928602662
2024-07-05 21:00:00,36612.442185503096
2024-07-05 22:00:00,34018.30153759619
2024-07-05 23:00:00,32945.22397281634
2024-07-06 00:00:00,31453.41192556663
2024-07-06 01:00:00,30256.8121847989
2024-07-06 02:00:00,30752.00517740915
2024-07-06 03:00:00,32262.693703734603
2024-07-06 04:00:00,36496.14321047446
2024-07-06 05:00:00,43914.95600699083
2024-07-06 06:00:00,44784.908296187845
2024-07-06 07:00:00,42387.17638730816
2024-07-06 08:00:00,39280.88432281798
2024-07-06 09:00:00,37064.99087989681
2024-07-06 10:00:00,34439.81871442792
2024-07-06 11:00:00,33162.92182619279
2024-07-06 12:00:00,31694.703281952585
2024-07-06 13:00:00,30583.174639755987
2024-07-06 14:00:00,30941.555618438757
2024-07-06 15:00:00,32361.339735163536
2024-07-06 16:00:00,36497.292528110316
2024-07-06 17:00:00,42879.899139071604
2024-07-06 18:00:00,43324.82125696709
2024-07-06 19:00:00,40446.43660582405
2024-07-06 20:00:00,37121.145577067495
2024-07-06 21:00:00,35040.45945088536
2024-07-06 22:00:00,32674.20863050773
2024-07-06 23:00:00,31624.70298312448
2024-07-07 00:00:00,30212.128718609463
2024-07-07 01:00:00,29045.779812828783
2024-07-07 02:00:00,29487.2801643535
2024-07-07 03:00:00,31028.046061318855
2024-07-07 04:00:00,35211.207674556965
2024-07-07 05:00:00,42135.77100570922
2024-07-07 06:00:00,42779.78505844839
2024-07-07 07:00:00,40749.83435851482
2024-07-07 08:00:00,37920.74438650016
2024-07-07 09:00:00,36031.386916847565
2024-07-07 10:00:00,33623.565645702234
2024-07-07 11:00:00,32430.6121966625
2024-07-07 12:00:00,30975.49152311092
2024-07-07 13:00:00,29765.79389657109
2024-07-07 14:00:00,30149.893587498907
2024-07-07 15:00:00,31226.639277492697
2024-07-07 16:00:00,35198.91206472414
2024-07-07 17:00:00,42254.97469186954
2024-07-07 18:00:00,42601.40247786595
2024-07-07 19:00:00,38350.23545688217
2024-07-07 20:00:00,36366.847076675636
2024-07-07 21:00:00,35065.52755251458
2024-07-07 22:00:00,32756.851076203624
2024-07-07 23:00:00,31238.01225124126
2024-07-08 00:00:00,29899.68813582141
2024-07-08 01:00:00,28738.348507694984
2024-07-08 02:00:00,29270.10283847588
2024-07-08 03:00:00,30843.85185737023
2024-07-08 04:00:00,34929.82033388835
2024-07-08 05:00:00,42113.28345097865
2024-07-08 06:00:00,43106.49454819598
2024-07-08 07:00:00,40857.08946874075
2024-07-08 08:00:00,38088.024148379314
2024-07-08 09:00:00,36149.37616618462
2024-07-08 10:00:00,33699.83250224377
2024-07-08 11:00:00,32589.71659208696
2024-07-08 12:00:00,31193.3194791107
2024-07-08 13:00:00,30173.671081342665
2024-07-08 14:00:00,30565.035275182207
2024-07-08 15:00:00,31392.661260110377
2024-07-08 16:00:00,35174.68971884452
2024-07-08 17:00:00,42309.16601686592
2024-07-08 18:00:00,43001.19116278017
2024-07-08 19:00:00,40552.99777176711
2024-07-08 20:00:00,37553.31013506056
2024-07-08 21:00:00,36168.93620470672
2024-07-08 22:00:00,33590.669147777044
2024-07-08 23:00:00,32417.557687739933
2024-07-09 00:00:00,30918.134141662948
2024-07-09 01:00:00,29758.095671847197
2024-07-09 02:00:00,30279.48437550137
2024-07-09 03:00:00,31776.424507307867
2024-07-09 04:00:00,35967.349298843794
2024-07-09 05:00:00,43262.72983605995
2024-07-09 06:00:00,44079.79192588096
2024-07-09 07:00:00,41026.9063636592
2024-07-09 08:00:00,37904.93591413977
2024-07-09 09:00:00,35852.115232366275
2024-07-09 10:00:00,33342.915591391444
2024-07-09 11:00:00,32182.359856750605
2024-07-09 12:00:00,30792.424958866068
2024-07-09 13:00:00,29393.480506291267
2024-07-09 14:00:00,29888.348203442736
2024-07-09 15:00:00,31305.204827251666
2024-07-09 16:00:00,35199.60600877831
2024-07-09 17:00:00,42624.40394432126
2024-07-09 18:00:00,43171.63688106269
2024-07-09 19:00:00,40484.84103298922
2024-07-09 20:00:00,36741.22062281479
2024-07-09 21:00:00,35059.95443543841
2024-07-09 22:00:00,32741.974920454144
2024-07-09 23:00:00,31391.26161318627
2024-07-10 00:00:00,30158.2842983941
2024-07-10 01:00:00,28997.139895740744
2024-07-10 02:00:00,29456.422149957496
2024-07-10 03:00:00,30962.405011170886
2024-07-10 04:00:00,35169.65873327023
2024-07-10 05:00:00,42176.23568893681
2024-07-10 06:00:00,42843.30113148678
2024-07-10 07:00:00,40653.96411744135
2024-07-10 08:00:00,37734.22984966197
2024-07-10 09:00:00,35598.11632409145
2024-07-10 10:00:00,33167.59063295437
2024-07-10 11:00:00,32015.448769542745
2024-07-10 12:00:00,30680.052170985866
2024-07-10 13:00:00,29524.24231340577
2024-07-10 14:00:00,29933.691989888353
2024-07-10 15:00:00,31275.127447929855
2024-07-10 16:00:00,35170.786408638356
2024-07-10 17:00:00,42433.16204828413
2024-07-10 18:00:00,42891.832649724696
2024-07-10 19:00:00,39395.245915505606
2024-07-10 20:00:00,36478.28741766916
2024-07-10 21:00:00,34936.41371091222
2024-07-10 22:00:00,32657.619520744953
2024-07-10 23:00:00,31287.714722096414
2024-07-11 00:00:00,30039.210721219537
2024-07-11 01:00:00,28921.89218133275
2024-07-11 02:00:00,29450.263490984733
2024-07-11 03:00:00,31025.660740043608
2024-07-11 04:00:00,35211.87991201467
2024-07-11 05:00:00,42168.47234379403
2024-07-11 06:00:00,43006.39553238786
2024-07-11 07:00:00,40604.30492813116
2024-07-11 08:00:00,37519.22104507271
2024-07-11 09:00:00,35352.53128922147
2024-07-11 10:00:00,32791.74250964628
2024-07-11 11:00:00,31597.87838355281
2024-07-11 12:00:00,30180.143029845498
2024-07-11 13:00:00,28981.2880118559
2024-07-11 14:00:00,29479.235035240476
2024-07-11 15:00:00,30908.213686478935
2024-07-11 16:00:00,35217.86492099992
2024-07-11 17:00:00,42457.90481746402
2024-07-11 18:00:00,43221.57798890638
2024-07-11 19:00:00,40895.51560365236
2024-07-11 20:00:00,37645.255491445096
2024-07-11 21:00:00,35517.70751853378
2024-07-11 22:00:00,33112.40174055508
2024-07-11 23:00:00,32398.843340422565
2024-07-12 00:00:00,30924.964970694873
2024-07-12 01:00:00,29680.332498792992
2024-07-12 02:00:00,30207.077450015928
2024-07-12 03:00:00,31733.444398259817
2024-07-12 04:00:00,35994.737733573354
2024-07-12 05:00:00,43420.684950114315
2024-07-12 06:00:00,44334.63652293725
2024-07-12 07:00:00,41947.09667692838
2024-07-12 08:00:00,38836.64103417531
2024-07-12 09:00:00,36820.09977193569
2024-07-12 10:00:00,34244.43494071407
2024-07-12 11:00:00,32944.89869460378
2024-07-12 12:00:00,31465.859237819135
2024-07-12 13:00:00,30256.963981482833
2024-07-12 14:00:00,30745.21770607209
2024-07-12 15:00:00,32238.90502577368
2024-07-12 16:00:00,36496.14321154657
2024-07-12 17:00:00,43449.30942577254
2024-07-12 18:00:00,43970.43341406767
2024-07-12 19:00:00,41156.714017745166
2024-07-12 20:00:00,37942.06098808722
2024-07-12 21:00:00,35627.976905809686
2024-07-12 22:00:00,33225.77209591909
2024-07-12 23:00:00,31505.4992990006
2024-07-13 00:00:00,30429.349458324952
2024-07-13 01:00:00,29346.66214038822
2024-07-13 02:00:00,30027.458828119044
2024-07-13 03:00:00,31648.004640352345
2024-07-13 04:00:00,35900.38535105902
2024-07-13 05:00:00,43397.676939398974
2024-07-13 06:00:00,44553.70055129567
2024-07-13 07:00:00,42372.79909147248
2024-07-13 08:00:00,39212.98791740558
2024-07-13 09:00:00,36952.444627796765
2024-07-13 10:00:00,34300.1008841308
2024-07-13 11:00:00,33013.03363320165
2024-07-13 12:00:00,31535.273603967737
2024-07-13 13:00:00,30347.58649007784
2024-07-13 14:00:00,30830.961041786257
2024-07-13 15:00:00,32426.113463468115
2024-07-13 16:00:00,36496.793767896546
2024-07-13 17:00:00,43161.76349106352
2024-07-13 18:00:00,43364.7653816692
2024-07-13 19:00:00,40552.34711114276
2024-07-13 20:00:00,37427.969631024906
2024-07-13 21:00:00,35191.06327963474
2024-07-13 22:00:00,32836.43570084507
2024-07-13 23:00:00,31660.830489082527
2024-07-14 00:00:00,30379.993892324987
2024-07-14 01:00:00,29302.66282411934
2024-07-14 02:00:00,29961.275582535018
2024-07-14 03:00:00,31418.726928871198
2024-07-14 04:00:00,35450.41718562587
2024-07-14 05:00:00,42868.25418900776
2024-07-14 06:00:00,43738.705194580245
2024-07-14 07:00:00,41332.08238730064
2024-07-14 08:00:00,38527.106295954705
2024-07-14 09:00:00,36328.86464871897
2024-07-14 10:00:00,34062.40926887622
2024-07-14 11:00:00,32943.619267050206
2024-07-14 12:00:00,31451.93733119913
2024-07-14 13:00:00,30244.993744009094
2024-07-14 14:00:00,30686.971224492598
2024-07-14 15:00:00,31545.08664024811
2024-07-14 16:00:00,35169.203296883905
2024-07-14 17:00:00,42064.5785490843
2024-07-14 18:00:00,41771.33597158557
2024-07-14 19:00:00,38911.01500746393
2024-07-14 20:00:00,36898.39500167035
2024-07-14 21:00:00,35407.24304018712
2024-07-14 22:00:00,32949.047127975646
2024-07-14 23:00:00,31705.480400773886
2024-07-15 00:00:00,30419.93808248441
2024-07-15 01:00:00,29394.543059888183
2024-07-15 02:00:00,30148.462356724136
2024-07-15 03:00:00,31644.274781610577
2024-07-15 04:00:00,35681.77672745483
2024-07-15 05:00:00,42761.454516048245
2024-07-15 06:00:00,43498.714981495934
2024-07-15 07:00:00,41145.00408040634
2024-07-15 08:00:00,38160.27929490557
2024-07-15 09:00:00,36555.86544107323
2024-07-15 10:00:00,34221.94737506707
2024-07-15 11:00:00,32911.89380073384
2024-07-15 12:00:00,31238.20787824044
2024-07-15 13:00:00,30178.181601218672
2024-07-15 14:00:00,30720.453193038797
2024-07-15 15:00:00,32261.869666081086
2024-07-15 16:00:00,36138.07697130183
2024-07-15 17:00:00,42895.100427075966
2024-07-15 18:00:00,43458.09848975161
2024-07-15 19:00:00,40409.9186486513
2024-07-15 20:00:00,37326.80806126682
2024-07-15 21:00:00,35191.51858450827
2024-07-15 22:00:00,32880.89038705974
2024-07-15 23:00:00,31530.632519176652
2024-07-16 00:00:00,30270.98228424727
2024-07-16 01:00:00,29065.643409263015
2024-07-16 02:00:00,29603.079254973905
2024-07-16 03:00:00,31112.141379578672
2024-07-16 04:00:00,35243.01984522118
2024-07-16 05:00:00,42457.818123187215
2024-07-16 06:00:00,43170.66101950191
2024-07-16 07:00:00,40667.278738495865
2024-07-16 08:00:00,37927.81378558279
2024-07-16 09:00:00,35962.08092919192
2024-07-16 10:00:00,33569.569411707234
2024-07-16 11:00:00,32417.44925515531
2024-07-16 12:00:00,31098.251512699975
2024-07-16 13:00:00,30069.126663906936
2024-07-16 14:00:00,30526.305482892094
2024-07-16 15:00:00,31632.651540327275
2024-07-16 16:00:00,35498.01625648518
2024-07-16 17:00:00,42573.00996358025
2024-07-16 18:00:00,43055.29566208023
2024-07-16 19:00:00,40243.05091016417
2024-07-16 20:00:00,36910.27845705032
2024-07-16 21:00:00,35044.36276300941
2024-07-16 22:00:00,32753.793387399543
2024-07-16 23:00:00,31846.23905846553
2024-07-17 00:00:00,30270.635379395124
2024-07-17 01:00:00,29173.50570324132
2024-07-17 02:00:00,29679.06419290099
2024-07-17 03:00:00,31249.278643610407
2024-07-17 04:00:00,35848.96973115506
2024-07-17 05:00:00,42504.5931424027
2024-07-17 06:00:00,43256.14422377926
2024-07-17 07:00:00,41279.625853275305
2024-07-17 08:00:00,38414.03963118919
2024-07-17 09:00:00,36316.39565139389
2024-07-17 10:00:00,33695.430406282474
2024-07-17 11:00:00,32395.56888412119
2024-07-17 12:00:00,30903.58334877615
2024-07-17 13:00:00,29692.28103814555
2024-07-17 14:00:00,30178.40962921959
2024-07-17 15:00:00,31834.345691498365
2024-07-17 16:00:00,35113.27718072011
2024-07-17 17:00:00,42426.634777185645
2024-07-17 18:00:00,42719.76040569909
2024-07-17 19:00:00,39378.808619461604
2024-07-17 20:00:00,36317.18788713513
2024-07-17 21:00:00,34969.93909751341
2024-07-17 22:00:00,32596.44548770209
2024-07-17 23:00:00,31486.936761183795
2024-07-18 00:00:00,30150.239036765885
2024-07-18 01:00:00,28951.058818600242
2024-07-18 02:00:00,29478.95311864064
2024-07-18 03:00:00,30946.748218252662
2024-07-18 04:00:00,35049.501027983584
2024-07-18 05:00:00,42120.80828979012
2024-07-18 06:00:00,43026.6712868463
2024-07-18 07:00:00,40785.549973678266
2024-07-18 08:00:00,37858.52950471042
2024-07-18 09:00:00,35771.12101691146
2024-07-18 10:00:00,33294.62264641525
2024-07-18 11:00:00,32227.40008493014
2024-07-18 12:00:00,30861.275509456453
2024-07-18 13:00:00,29658.21355583197
2024-07-18 14:00:00,30056.01828387068
2024-07-18 15:00:00,31229.718605728413
2024-07-18 16:00:00,35244.77634360665
2024-07-18 17:00:00,42432.70661071064
2024-07-18 18:00:00,42858.89280468561
2024-07-18 19:00:00,39431.742033045135
2024-07-18 20:00:00,37234.537506814864
2024-07-18 21:00:00,35174.77766526022
2024-07-18 22:00:00,32763.96375652766
2024-07-18 23:00:00,31412.057790800078
2024-07-19 00:00:00,30005.165041246084
2024-07-19 01:00:00,28816.02495733678
2024-07-19 02:00:00,29290.031553462657
2024-07-19 03:00:00,30736.965491382325
2024-07-19 04:00:00,34978.35184916529
2024-07-19 05:00:00,42472.390655687304
2024-07-19 06:00:00,43393.47658103849
2024-07-19 07:00:00,41274.03103154088
2024-07-19 08:00:00,38370.19212660656
2024-07-19 09:00:00,36820.27325804893
2024-07-19 10:00:00,34245.085497136875
2024-07-19 11:00:00,32948.151476526305
2024-07-19 12:00:00,31451.46025650575
2024-07-19 13:00:00,30247.92124771497
2024-07-19 14:00:00,30788.089369551013
2024-07-19 15:00:00,32222.554377415585
2024-07-19 16:00:00,35649.9644904212
2024-07-19 17:00:00,42539.549697482915
2024-07-19 18:00:00,43012.120461879014
2024-07-19 19:00:00,40197.295163167546
2024-07-19 20:00:00,37415.43551506309
2024-07-19 21:00:00,35542.884152422674
2024-07-19 22:00:00,33039.53947756857
2024-07-19 23:00:00,31915.154660385106
2024-07-20 00:00:00,30540.811439090136
2024-07-20 01:00:00,29350.695557471452
2024-07-20 02:00:00,29767.23627464012
2024-07-20 03:00:00,31184.89524251624
2024-07-20 04:00:00,35278.54023470463
2024-07-20 05:00:00,42872.764683142756
2024-07-20 06:00:00,43870.05254382639
2024-07-20 07:00:00,41589.811089410956
2024-07-20 08:00:00,39004.89660902728
2024-07-20 09:00:00,36902.46021020643
2024-07-20 10:00:00,34244.60842245918
2024-07-20 11:00:00,32944.42161992616
2024-07-20 12:00:00,31452.761369271582
2024-07-20 13:00:00,30246.771931433737
2024-07-20 14:00:00,30743.591315062873
2024-07-20 15:00:00,32259.93968209534
2024-07-20 16:00:00,35528.22374047722
2024-07-20 17:00:00,42613.06262086849
2024-07-20 18:00:00,43032.85151878218
2024-07-20 19:00:00,40553.431371660634
2024-07-20 20:00:00,37180.99671207074
2024-07-20 21:00:00,35137.13203391592
2024-07-20 22:00:00,32786.23451342951
2024-07-20 23:00:00,30989.456353036778
2024-07-21 00:00:00,29888.238278452085
2024-07-21 01:00:00,28838.078779720767
2024-07-21 02:00:00,29337.652196193634
2024-07-21 03:00:00,30937.48872349214
2024-07-21 04:00:00,35212.530442640855
2024-07-21 05:00:00,42155.78654895996
2024-07-21 06:00:00,42841.60962238533
2024-07-21 07:00:00,40528.341695134346
2024-07-21 08:00:00,37649.4407198501
2024-07-21 09:00:00,35877.24838545722
2024-07-21 10:00:00,33612.74467907404
2024-07-21 11:00:00,32530.36417552118
2024-07-21 12:00:00,31073.812269197722
2024-07-21 13:00:00,29929.799171691
2024-07-21 14:00:00,30414.47482531207
2024-07-21 15:00:00,31892.462068257915
2024-07-21 16:00:00,35490.187859873266
2024-07-21 17:00:00,42605.6246080336
2024-07-21 18:00:00,43182.219275326606
2024-07-21 19:00:00,40114.284105682214
2024-07-21 20:00:00,36906.41869079303
2024-07-21 21:00:00,35106.881268320336
2024-07-21 22:00:00,32699.493662252182
2024-07-21 23:00:00,31604.10203096143
2024-07-22 00:00:00,30238.823209101327
2024-07-22 01:00:00,29056.318793805276
2024-07-22 02:00:00,29641.809012524478
2024-07-22 03:00:00,31119.948002023
2024-07-22 04:00:00,35303.738441160036
2024-07-22 05:00:00,42298.27999767896
2024-07-22 06:00:00,42907.70610762853
2024-07-22 07:00:00,40590.23124475077
2024-07-22 08:00:00,37763.43990086202
2024-07-22 09:00:00,35789.16312916263
2024-07-22 10:00:00,33252.03285814392
2024-07-22 11:00:00,32242.14600360877
2024-07-22 12:00:00,30832.195632587947
2024-07-22 13:00:00,29661.16277945604
2024-07-22 14:00:00,30065.277845863002
2024-07-22 15:00:00,31212.196916896686
2024-07-22 16:00:00,35209.08243557381
2024-07-22 17:00:00,42621.584894266336
2024-07-22 18:00:00,43230.85919242469
2024-07-22 19:00:00,40485.38316304955
2024-07-22 20:00:00,37525.24946515129
2024-07-22 21:00:00,35297.90623408305
2024-07-22 22:00:00,32763.183121381157
2024-07-22 23:00:00,31592.97750595548
2024-07-23 00:00:00,30184.458365449744
2024-07-23 01:00:00,29069.893758701743
2024-07-23 02:00:00,29553.441770394358
2024-07-23 03:00:00,31343.067188989415
2024-07-23 04:00:00,35847.21323336236
2024-07-23 05:00:00,43213.439389215666
2024-07-23 06:00:00,44055.72132714753
2024-07-23 07:00:00,41447.01401524387
2024-07-23 08:00:00,38589.906720013336
2024-07-23 09:00:00,36499.11524359072
2024-07-23 10:00:00,33902.242269873415
2024-07-23 11:00:00,32919.180032235345
2024-07-23 12:00:00,31454.2142785243
2024-07-23 13:00:00,30277.196284975118
2024-07-23 14:00:00,30775.9456525399
2024-07-23 15:00:00,32225.9589536286
2024-07-23 16:00:00,35860.636386861996
2024-07-23 17:00:00,43075.26121158093
2024-07-23 18:00:00,43335.10002548627
2024-07-23 19:00:00,40621.71821730985
2024-07-23 20:00:00,37265.00520472396
2024-07-23 21:00:00,35139.88609929419
2024-07-23 22:00:00,32875.5124976266
2024-07-23 23:00:00,31590.35354749976
2024-07-24 00:00:00,30197.72970483805
2024-07-24 01:00:00,29012.44965169922
2024-07-24 02:00:00,29451.022553744166
2024-07-24 03:00:00,31025.4655147137
2024-07-24 04:00:00,34998.71416430321
2024-07-24 05:00:00,42196.98845333651
2024-07-24 06:00:00,43020.49092108584
2024-07-24 07:00:00,40905.29565373977
2024-07-24 08:00:00,38011.193457042245
2024-07-24 09:00:00,36012.32559548088
2024-07-24 10:00:00,33647.18080784129
2024-07-24 11:00:00,32551.3771510559
2024-07-24 12:00:00,31170.87530334266
2024-07-24 13:00:00,30029.139142333483
2024-07-24 14:00:00,30320.295961319564
2024-07-24 15:00:00,31391.164975901884
2024-07-24 16:00:00,35201.47090417281
2024-07-24 17:00:00,42345.20682898049
2024-07-24 18:00:00,42844.6021929577
2024-07-24 19:00:00,39977.77579737532
2024-07-24 20:00:00,37072.830859783935
2024-07-24 21:00:00,35285.437236716985
2024-07-24 22:00:00,32870.48151090788
2024-07-24 23:00:00,31633.962477899473
2024-07-25 00:00:00,30262.373319839644
2024-07-25 01:00:00,29030.01461985102
2024-07-25 02:00:00,29493.330423423864
2024-07-25 03:00:00,31017.29028057351
2024-07-25 04:00:00,35201.55772935756
2024-07-25 05:00:00,42596.104768797864
2024-07-25 06:00:00,43058.743668995754
2024-07-25 07:00:00,40692.888968413485
2024-07-25 08:00:00,37608.97603907645
2024-07-25 09:00:00,35438.599905427654
2024-07-25 10:00:00,32928.6412689194
2024-07-25 11:00:00,31811.976448267123
2024-07-25 12:00:00,30430.346958644684
2024-07-25 13:00:00,29269.853086399722
2024-07-25 14:00:00,29641.570507777826
2024-07-25 15:00:00,31082.996447247708
2024-07-25 16:00:00,35063.50959121212
2024-07-25 17:00:00,42388.1435242713
2024-07-25 18:00:00,43040.44134317669
2024-07-25 19:00:00,40059.35555705385
2024-07-25 20:00:00,36926.564073463494
2024-07-25 21:00:00,35181.9337572512
2024-07-25 22:00:00,32660.65537239889
2024-07-25 23:00:00,31263.644190102314
2024-07-26 00:00:00,29784.431175658607
2024-07-26 01:00:00,28675.873416227587
2024-07-26 02:00:00,29204.418244469103
2024-07-26 03:00:00,30765.41647976842
2024-07-26 04:00:00,35036.42478190089
2024-07-26 05:00:00,42505.41719156448
2024-07-26 06:00:00,43451.09420673368
2024-07-26 07:00:00,41006.9342352765
2024-07-26 08:00:00,38080.824642806256
2024-07-26 09:00:00,35919.96828287588
2024-07-26 10:00:00,33599.38657933217
2024-07-26 11:00:00,32491.612676406603
2024-07-26 12:00:00,31163.719176613107
2024-07-26 13:00:00,29953.86977089192
2024-07-26 14:00:00,30177.498822057925
2024-07-26 15:00:00,31165.790574509287
2024-07-26 16:00:00,35087.08140666609
2024-07-26 17:00:00,42216.04970805331
2024-07-26 18:00:00,42913.019011104334
2024-07-26 19:00:00,40407.01290373179
2024-07-26 20:00:00,37204.503541247504
2024-07-26 21:00:00,35154.19841779189
2024-07-26 22:00:00,32660.113242077008
2024-07-26 23:00:00,31164.78124642642
2024-07-27 00:00:00,29912.612438122746
2024-07-27 01:00:00,28816.37186221103
2024-07-27 02:00:00,29424.848484562062
2024-07-27 03:00:00,30990.704188012267
2024-07-27 04:00:00,35213.33278474476
2024-07-27 05:00:00,42692.49556572028
2024-07-27 06:00:00,43609.69988564514
2024-07-27 07:00:00,41964.986977702894
2024-07-27 08:00:00,39096.2997853376
2024-07-27 09:00:00,36903.587841306515
2024-07-27 10:00:00,34284.40078578515
2024-07-27 11:00:00,33188.14172217708
2024-07-27 12:00:00,31934.042979833604
2024-07-27 13:00:00,31031.819972441197
2024-07-27 14:00:00,31286.849268113147
2024-07-27 15:00:00,32476.618323953222
2024-07-27 16:00:00,36528.1939557703
2024-07-27 17:00:00,43521.06578792977
2024-07-27 18:00:00,43823.646203975586
2024-07-27 19:00:00,41101.134806303
2024-07-27 20:00:00,37918.9878889929
2024-07-27 21:00:00,35625.4613472854
2024-07-27 22:00:00,33017.26872280659
2024-07-27 23:00:00,31830.86431632158
2024-07-28 00:00:00,30348.0949638468
2024-07-28 01:00:00,29124.648921014927
2024-07-28 02:00:00,29933.30167327081
2024-07-28 03:00:00,31427.162442057434
2024-07-28 04:00:00,35616.11390549495
2024-07-28 05:00:00,42606.25343108435
2024-07-28 06:00:00,43151.40453992774
2024-07-28 07:00:00,40784.09696910702
2024-07-28 08:00:00,38145.70682768506
2024-07-28 09:00:00,36732.361403260795
2024-07-28 10:00:00,34247.66603748323
2024-07-28 11:00:00,32947.82619833655
2024-07-28 12:00:00,31479.304069721282
2024-07-28 13:00:00,30259.71800345442
2024-07-28 14:00:00,30745.369502488502
2024-07-28 15:00:00,32039.35769534966
2024-07-28 16:00:00,35452.52065601548
2024-07-28 17:00:00,42346.50788964037
2024-07-28 18:00:00,42847.33454923861
2024-07-28 19:00:00,39590.7598675084
2024-07-28 20:00:00,37028.115961825606
2024-07-28 21:00:00,35159.05588593422
2024-07-28 22:00:00,32785.36705068549
2024-07-28 23:00:00,31682.32060868585
2024-07-29 00:00:00,30225.61685813609
2024-07-29 01:00:00,28961.05566919652
2024-07-29 02:00:00,29389.2414020241
2024-07-29 03:00:00,30828.086798966222
2024-07-29 04:00:00,34873.82909760308
2024-07-29 05:00:00,42043.41376123248
2024-07-29 06:00:00,42948.3226023616
2024-07-29 07:00:00,40764.862196207585
2024-07-29 08:00:00,38079.04644019163
2024-07-29 09:00:00,36296.401883094506
2024-07-29 10:00:00,34118.2053214446
2024-07-29 11:00:00,32927.11682011889
2024-07-29 12:00:00,31451.63373819599
2024-07-29 13:00:00,30244.841947476707
2024-07-29 14:00:00,30529.818493824656
2024-07-29 15:00:00,31603.398207704813
2024-07-29 16:00:00,35232.112120646845
2024-07-29 17:00:00,42241.5081261466
2024-07-29 18:00:00,42733.42206353777
2024-07-29 19:00:00,39625.759833479424
2024-07-29 20:00:00,36786.19573223412
2024-07-29 21:00:00,35042.888183648276
2024-07-29 22:00:00,32642.331471670255
2024-07-29 23:00:00,31345.33234766146
2024-07-30 00:00:00,30039.405944552997
2024-07-30 01:00:00,28865.467214339144
2024-07-30 02:00:00,29402.903060063552
2024-07-30 03:00:00,30884.771975570937
2024-07-30 04:00:00,34973.10393238629
2024-07-30 05:00:00,42215.05214026972
2024-07-30 06:00:00,43010.10375193407
2024-07-30 07:00:00,40836.14147982255
2024-07-30 08:00:00,37900.42535325795
2024-07-30 09:00:00,35999.27112125429
2024-07-30 10:00:00,33703.6924658869
2024-07-30 11:00:00,32592.817594873846
2024-07-30 12:00:00,31267.981666709977
2024-07-30 13:00:00,29960.223523055018
2024-07-30 14:00:00,30230.6709724938
2024-07-30 15:00:00,31707.378764013305
2024-07-30 16:00:00,35269.51911270881
2024-07-30 17:00:00,42363.270650183906
2024-07-30 18:00:00,42930.17209028268
2024-07-30 19:00:00,40215.31557056927
2024-07-30 20:00:00,37353.37244682255
2024-07-30 21:00:00,35212.574973754876
2024-07-30 22:00:00,32683.836869203664
2024-07-30 23:00:00,31384.018825835043
2024-07-31 00:00:00,29956.590112558188
2024-07-31 01:00:00,28838.46909839015
2024-07-31 02:00:00,29383.191143085798
2024-07-31 03:00:00,30868.464654351195
2024-07-31 04:00:00,34892.36992853299
2024-07-31 05:00:00,42066.53013954294
2024-07-31 06:00:00,43053.47417752926
2024-07-31 07:00:00,40663.02852151167
2024-07-31 08:00:00,37717.94423339103
2024-07-31 09:00:00,35658.40118979436
2024-07-31 10:00:00,33150.54608831056
2024-07-31 11:00:00,31908.62745686839
2024-07-31 12:00:00,30474.736591396653
2024-07-31 13:00:00,29238.4962882083
2024-07-31 14:00:00,29602.62381788126
2024-07-31 15:00:00,31060.378787631063
2024-07-31 16:00:00,34978.46024947514
2024-07-31 17:00:00,42254.56266759711
2024-07-31 18:00:00,42964.30459352667
2024-07-31 19:00:00,40143.277224271944
2024-07-31 20:00:00,37168.89632640509
2024-07-31 21:00:00,35076.02311939901
2024-07-31 22:00:00,32534.664338103266
2024-07-31 23:00:00,31424.917106804198
2024-08-01 00:00:00,30008.95995349964
2024-08-01 01:00:00,28818.193478642323
2024-08-01 02:00:00,29401.73197400348
2024-08-01 03:00:00,30854.824570934376
2024-08-01 04:00:00,34967.899561563616
2024-08-01 05:00:00,42142.8621146082
2024-08-01 06:00:00,42846.48879540033
2024-08-01 07:00:00,40546.01506557477
2024-08-01 08:00:00,37486.34618678176
2024-08-01 09:00:00,35420.14576767692
2024-08-01 10:00:00,32988.015392402136
2024-08-01 11:00:00,31754.185301960406
2024-08-01 12:00:00,30449.560026814986
2024-08-01 13:00:00,29379.168252756193
2024-08-01 14:00:00,29925.820246702562
2024-08-01 15:00:00,31203.175859660823
2024-08-01 16:00:00,35238.92130997308
2024-08-01 17:00:00,42298.366823452896
2024-08-01 18:00:00,42705.70843095693
2024-08-01 19:00:00,40012.03827307099
2024-08-01 20:00:00,37207.40928384
2024-08-01 21:00:00,35052.21279911996
2024-08-01 22:00:00,32643.04698827367
2024-08-01 23:00:00,31283.659598139322
2024-08-02 00:00:00,29847.51351823022
2024-08-02 01:00:00,28734.098290654212
2024-08-02 02:00:00,29302.4354323308
2024-08-02 03:00:00,30865.060058599465
2024-08-02 04:00:00,35005.63175159446
2024-08-02 05:00:00,42298.236716327185
2024-08-02 06:00:00,43239.20807716441
2024-08-02 07:00:00,41010.100324089464
2024-08-02 08:00:00,38106.955298227855
2024-08-02 09:00:00,36378.65388005038
2024-08-02 10:00:00,33915.62207437532
2024-08-02 11:00:00,32707.51066582239
2024-08-02 12:00:00,31348.065157554687
2024-08-02 13:00:00,30177.509361748507
2024-08-02 14:00:00,30543.913882134475
2024-08-02 15:00:00,31736.78390821673
2024-08-02 16:00:00,35304.844408904704
2024-08-02 17:00:00,42239.16608626053
2024-08-02 18:00:00,43004.42223718115
2024-08-02 19:00:00,40437.26380156509
2024-08-02 20:00:00,37058.51867134701
2024-08-02 21:00:00,34974.68816338114
2024-08-02 22:00:00,32605.85692856702
2024-08-02 23:00:00,31161.44177136279
2024-08-03 00:00:00,29811.993128832335
2024-08-03 01:00:00,28675.916827865247
2024-08-03 02:00:00,29244.57929977858
2024-08-03 03:00:00,30828.563808605297
2024-08-03 04:00:00,35152.961093824095
2024-08-03 05:00:00,42657.53888133685
2024-08-03 06:00:00,43600.310151698795
2024-08-03 07:00:00,41343.0333939434
2024-08-03 08:00:00,38721.080550565115
2024-08-03 09:00:00,36773.324768073915
2024-08-03 10:00:00,34211.90712159448
2024-08-03 11:00:00,32943.77106354487
2024-08-03 12:00:00,31452.43609106644
2024-08-03 13:00:00,30278.49739772705
2024-08-03 14:00:00,30744.393667903783
2024-08-03 15:00:00,32245.54070074295
2024-08-03 16:00:00,36132.568942195074
2024-08-03 17:00:00,42859.796902425405
2024-08-03 18:00:00,43386.71080580469
2024-08-03 19:00:00,40934.46229326717
2024-08-03 20:00:00,37640.35461147022
2024-08-03 21:00:00,35444.0646203172
2024-08-03 22:00:00,33171.94938251851
2024-08-03 23:00:00,32172.905134342447
2024-08-04 00:00:00,30708.589919645285
2024-08-04 01:00:00,29541.113406699806
2024-08-04 02:00:00,30026.43962102762
2024-08-04 03:00:00,31500.068116645343
2024-08-04 04:00:00,35273.03210622367
2024-08-04 05:00:00,41989.59104578779
2024-08-04 06:00:00,42571.99733501366
2024-08-04 07:00:00,40533.329268145986
2024-08-04 08:00:00,37512.021537287386
2024-08-04 09:00:00,35698.1068100903
2024-08-04 10:00:00,33204.65065303274
2024-08-04 11:00:00,32020.479756266945
2024-08-04 12:00:00,30771.368636713818
2024-08-04 13:00:00,29655.67642276895
2024-08-04 14:00:00,29912.050123564026
2024-08-04 15:00:00,31127.42942871499
2024-08-04 16:00:00,35114.1229363545
2024-08-04 17:00:00,42151.55790679517
2024-08-04 18:00:00,42312.94586766574
2024-08-04 19:00:00,38332.06323730652
2024-08-04 20:00:00,36410.08752946837
2024-08-04 21:00:00,34957.01466290643
2024-08-04 22:00:00,32579.72627317125
2024-08-04 23:00:00,31276.937234217585
2024-08-05 00:00:00,29905.629862495956
2024-08-05 01:00:00,28800.12965735537
2024-08-05 02:00:00,29365.214149393647
2024-08-05 03:00:00,30874.276274042673
2024-08-05 04:00:00,34946.60466743966
2024-08-05 05:00:00,41910.96044252004
2024-08-05 06:00:00,42745.652555934095
2024-08-05 07:00:00,40997.65303364112
2024-08-05 08:00:00,37970.49026930523
2024-08-05 09:00:00,36320.51582889325
2024-08-05 10:00:00,33898.38230418498
2024-08-05 11:00:00,32688.167460347868
2024-08-05 12:00:00,31404.056381323273
2024-08-05 13:00:00,30166.36315803326
2024-08-05 14:00:00,30429.741232436365
2024-08-05 15:00:00,31619.271733577418
2024-08-05 16:00:00,35166.29755182623
2024-08-05 17:00:00,42195.23195571416
2024-08-05 18:00:00,41960.36606658085
2024-08-05 19:00:00,38642.74732436676
2024-08-05 20:00:00,36418.349456755226
2024-08-05 21:00:00,34985.81268838183
2024-08-05 22:00:00,32626.783078674838
2024-08-05 23:00:00,31465.7719718085
2024-08-06 00:00:00,30104.721796816546
2024-08-06 01:00:00,28960.708764349565
2024-08-06 02:00:00,29397.178133535523
2024-08-06 03:00:00,30863.02164426744
2024-08-06 04:00:00,34807.12536140732
2024-08-06 05:00:00,41874.61600636756
2024-08-06 06:00:00,42713.64516017029
2024-08-06 07:00:00,40612.56698799177
2024-08-06 08:00:00,37737.092313168025
2024-08-06 09:00:00,35713.156352109065
2024-08-06 10:00:00,33233.81729243239
2024-08-06 11:00:00,32262.790302336613
2024-08-06 12:00:00,30884.565408461825
2024-08-06 13:00:00,29415.447637609566
2024-08-06 14:00:00,29623.072956190575
2024-08-06 15:00:00,30874.189580933198
2024-08-06 16:00:00,34793.550398755666
2024-08-06 17:00:00,42192.78151582003
2024-08-06 18:00:00,42846.835832655044
2024-08-06 19:00:00,39961.685274004194
2024-08-06 20:00:00,37003.351485654384
2024-08-06 21:00:00,35079.124089638266
2024-08-06 22:00:00,32581.786262127567
2024-08-06 23:00:00,31384.17050739235
2024-08-07 00:00:00,30026.65503076024
2024-08-07 01:00:00,28830.076931887463
2024-08-07 02:00:00,29319.111367479712
2024-08-07 03:00:00,30833.204476677856
2024-08-07 04:00:00,34940.597820132534
2024-08-07 05:00:00,42119.55051089816
2024-08-07 06:00:00,42762.935737763546
2024-08-07 07:00:00,40525.912829963905
2024-08-07 08:00:00,37446.879073489385
2024-08-07 09:00:00,35510.18281240759
2024-08-07 10:00:00,33086.33620359481
2024-08-07 11:00:00,32023.90598952923
2024-08-07 12:00:00,30796.523431508696
2024-08-07 13:00:00,29723.07403376996
2024-08-07 14:00:00,30093.0132503455
2024-08-07 15:00:00,31331.964370958358
2024-08-07 16:00:00,35192.88364438952
2024-08-07 17:00:00,42265.38356704548
2024-08-07 18:00:00,42543.502932972915
2024-08-07 19:00:00,39184.313806981794
2024-08-07 20:00:00,36991.14270000729
2024-08-07 21:00:00,35252.86613597585
2024-08-07 22:00:00,32730.95892767435
2024-08-07 23:00:00,31356.955591358696
2024-08-08 00:00:00,30258.188088958817
2024-08-08 01:00:00,29718.585212058257
2024-08-08 02:00:00,30401.984153537436
2024-08-08 03:00:00,32083.877434995346
2024-08-08 04:00:00,36427.85647605125
2024-08-08 05:00:00,43703.95888110044
2024-08-08 06:00:00,44512.73718690733
2024-08-08 07:00:00,42032.644835161154
2024-08-08 08:00:00,38704.20945719043
2024-08-08 09:00:00,36758.27522606544
2024-08-08 10:00:00,34235.3705218409
2024-08-08 11:00:00,32945.22397280238
2024-08-08 12:00:00,31454.36607500324
2024-08-08 13:00:00,30256.81218493029
2024-08-08 14:00:00,30746.020058858834
2024-08-08 15:00:00,32261.86966596856
2024-08-08 16:00:00,36454.72445259502
2024-08-08 17:00:00,43653.30223929543
2024-08-08 18:00:00,44375.83842777555
2024-08-08 19:00:00,41905.61285432469
2024-08-08 20:00:00,38729.62452878602
2024-08-08 21:00:00,36482.85133406166
2024-08-08 22:00:00,33752.98297844132
2024-08-08 23:00:00,32620.14094347888
2024-08-09 00:00:00,31077.65056051689
2024-08-09 01:00:00,29988.82632304894
2024-08-09 02:00:00,30590.01663150218
2024-08-09 03:00:00,32116.405254186855
2024-08-09 04:00:00,36356.98920498189
2024-08-09 05:00:00,43724.34298329951
2024-08-09 06:00:00,44525.35797858814
2024-08-09 07:00:00,42134.58702484257
2024-08-09 08:00:00,39172.69679221453
2024-08-09 09:00:00,36952.14103060908
2024-08-09 10:00:00,34442.50767661365
2024-08-09 11:00:00,33308.689828771574
2024-08-09 12:00:00,32111.536427025218
2024-08-09 13:00:00,30892.60094749695
2024-08-09 14:00:00,31224.374176544396
2024-08-09 15:00:00,32394.40968439282
2024-08-09 16:00:00,36494.86378364167
2024-08-09 17:00:00,43723.69243785023
2024-08-09 18:00:00,44459.82528077523
2024-08-09 19:00:00,41684.250230317295
2024-08-09 20:00:00,38530.901208385505
2024-08-09 21:00:00,36119.55899882722
2024-08-09 22:00:00,33549.749161971435
2024-08-09 23:00:00,32195.47944953421
2024-08-10 00:00:00,30727.434373901884
2024-08-10 01:00:00,29530.35755850595
2024-08-10 02:00:00,30010.023964823813
2024-08-10 03:00:00,31527.977041900824
2024-08-10 04:00:00,35753.03437166304
2024-08-10 05:00:00,43122.816867792935
2024-08-10 06:00:00,43656.32309323939
2024-08-10 07:00:00,41927.601657887746
2024-08-10 08:00:00,39175.92788892213
2024-08-10 09:00:00,36984.66884980034
2024-08-10 10:00:00,34487.6779792001
2024-08-10 11:00:00,33463.24034902509
2024-08-10 12:00:00,32422.112046822214
2024-08-10 13:00:00,31054.48104798897
2024-08-10 14:00:00,31252.71673231674
2024-08-10 15:00:00,32342.14832372789
2024-08-10 16:00:00,36472.35453275956
2024-08-10 17:00:00,42488.43763329845
2024-08-10 18:00:00,42700.39552775924
2024-08-10 19:00:00,40157.50285177887
2024-08-10 20:00:00,37134.438623007336
2024-08-10 21:00:00,35123.62218965661
2024-08-10 22:00:00,32670.804166900183
2024-08-10 23:00:00,31245.862287419273
2024-08-11 00:00:00,29920.549299742317
2024-08-11 01:00:00,28863.450506906454
2024-08-11 02:00:00,29342.791580819532
2024-08-11 03:00:00,30823.858154305653
2024-08-11 04:00:00,34642.404437334466
2024-08-11 05:00:00,41425.53687609997
2024-08-11 06:00:00,42295.489165025734
2024-08-11 07:00:00,40512.402985771885
2024-08-11 08:00:00,38044.74041623468
2024-08-11 09:00:00,36254.332583308096
2024-08-11 10:00:00,33985.51350654116
2024-08-11 11:00:00,32781.95600568015
2024-08-11 12:00:00,31338.827261238646
2024-08-11 13:00:00,30020.551785038053
2024-08-11 14:00:00,30293.232824402505
2024-08-11 15:00:00,31474.414538131463
2024-08-11 16:00:00,35051.01888686913
2024-08-11 17:00:00,41927.85317568442
2024-08-11 18:00:00,41450.741859013964
2024-08-11 19:00:00,38738.89948415093
2024-08-11 20:00:00,37099.00492675146
2024-08-11 21:00:00,35173.953616256964
2024-08-11 22:00:00,32625.9807366406
2024-08-11 23:00:00,31336.484743975863
2024-08-12 00:00:00,30032.20643873113
2024-08-12 01:00:00,28928.983287192998
2024-08-12 02:00:00,29653.0202979312
2024-08-12 03:00:00,31170.496295990568
2024-08-12 04:00:00,35102.47798786204
2024-08-12 05:00:00,41904.715092594444
2024-08-12 06:00:00,42897.969468935466
2024-08-12 07:00:00,40655.43869706693
2024-08-12 08:00:00,38075.316579285805
2024-08-12 09:00:00,36008.986053235276
2024-08-12 10:00:00,33483.34905123034
2024-08-12 11:00:00,32248.71662091914
2024-08-12 12:00:00,30798.475152703377
2024-08-12 13:00:00,29469.335339354122
2024-08-12 14:00:00,30125.888041611488
2024-08-12 15:00:00,31241.710526148927
2024-08-12 16:00:00,34796.78147376116
2024-08-12 17:00:00,42000.346826870154
2024-08-12 18:00:00,41718.70591640076
2024-08-12 19:00:00,39256.74247191612
2024-08-12 20:00:00,37117.11215966824
2024-08-12 21:00:00,35099.50824387118
2024-08-12 22:00:00,32547.155042348793
2024-08-12 23:00:00,31525.102815931717
2024-08-13 00:00:00,29994.604353477094
2024-08-13 01:00:00,28842.524354628207
2024-08-13 02:00:00,29283.02714086718
2024-08-13 03:00:00,30747.092448973883
2024-08-13 04:00:00,34762.90918218024
2024-08-13 05:00:00,41815.37198769756
2024-08-13 06:00:00,42573.99247003804
2024-08-13 07:00:00,40420.13243136071
2024-08-13 08:00:00,37415.50063347231
2024-08-13 09:00:00,35559.19134128216
2024-08-13 10:00:00,32995.19319133959
2024-08-13 11:00:00,31765.895371082694
2024-08-13 12:00:00,30231.99231504447
2024-08-13 13:00:00,29034.915499652085
2024-08-13 14:00:00,29421.530584146283
2024-08-13 15:00:00,30734.7969702017
2024-08-13 16:00:00,34787.34845823865
2024-08-13 17:00:00,42110.85471897034
2024-08-13 18:00:00,42172.83773813518
2024-08-13 19:00:00,38834.943376182906
2024-08-13 20:00:00,36769.693317794874
2024-08-13 21:00:00,34954.80286010125
2024-08-13 22:00:00,32465.900480618435
2024-08-13 23:00:00,31159.33823632853
2024-08-14 00:00:00,29677.219479279414
2024-08-14 01:00:00,28539.863824489796
2024-08-14 02:00:00,29211.119033794395
2024-08-14 03:00:00,30707.885679658917
2024-08-14 04:00:00,34733.56915866505
2024-08-14 05:00:00,41976.970236808156
2024-08-14 06:00:00,42831.37426502349
2024-08-14 07:00:00,40517.000240045774
2024-08-14 08:00:00,37701.39853749303
2024-08-14 09:00:00,35947.20490367319
2024-08-14 10:00:00,33922.40952430209
2024-08-14 11:00:00,32785.18709804945
2024-08-14 12:00:00,31451.633738189954
2024-08-14 13:00:00,30244.516669274035
2024-08-14 14:00:00,30675.456378594055
2024-08-14 15:00:00,31721.062128925765
2024-08-14 16:00:00,35245.7304971089
2024-08-14 17:00:00,41974.04278518302
2024-08-14 18:00:00,42478.59923852166
2024-08-14 19:00:00,39783.454635814516
2024-08-14 20:00:00,37210.25004235694
2024-08-14 21:00:00,35100.8744209499
2024-08-14 22:00:00,32731.392525669446
2024-08-14 23:00:00,31628.974904977294
2024-08-15 00:00:00,30268.705365120695
2024-08-15 01:00:00,28903.980173955915
2024-08-15 02:00:00,29472.967978276487
2024-08-15 03:00:00,30841.553231566868
2024-08-15 04:00:00,35006.4125212143
2024-08-15 05:00:00,41836.688588743986
2024-08-15 06:00:00,42601.59770255794
2024-08-15 07:00:00,40357.4404074474
2024-08-15 08:00:00,37542.3374235867
2024-08-15 09:00:00,35671.30391744818
2024-08-15 10:00:00,33276.90579941491
2024-08-15 11:00:00,32124.633831146224
2024-08-15 12:00:00,30643.794492981866
2024-08-15 13:00:00,29474.084405292033
2024-08-15 14:00:00,29863.93063203119
2024-08-15 15:00:00,30923.935465578004
2024-08-15 16:00:00,34816.92712101363
2024-08-15 17:00:00,41731.49360201827
2024-08-15 18:00:00,41054.42288830567
2024-08-15 19:00:00,38443.24336664868
2024-08-15 20:00:00,36395.31977159809
2024-08-15 21:00:00,34726.43589067707
2024-08-15 22:00:00,32365.194348067656
2024-08-15 23:00:00,31211.686372539833
2024-08-16 00:00:00,29683.920268582995
2024-08-16 01:00:00,28575.188988423513
2024-08-16 02:00:00,29096.77294793686
2024-08-16 03:00:00,30472.340909139715
2024-08-16 04:00:00,34702.580902845315
2024-08-16 05:00:00,42188.37935465195
2024-08-16 06:00:00,43102.504411191934
2024-08-16 07:00:00,40703.94850724838
2024-08-16 08:00:00,37816.78547019664
2024-08-16 09:00:00,35779.2312648925
2024-08-16 10:00:00,33368.76439550488
2024-08-16 11:00:00,32187.02216449946
2024-08-16 12:00:00,30794.376614956935
2024-08-16 13:00:00,29607.166612587134
2024-08-16 14:00:00,30104.159417188883
2024-08-16 15:00:00,31309.02144400533
2024-08-16 16:00:00,35065.65640549631
2024-08-16 17:00:00,41978.35812300742
2024-08-16 18:00:00,42510.45469033747
2024-08-16 19:00:00,39963.70211370947
2024-08-16 20:00:00,37121.36237679997
2024-08-16 21:00:00,35015.347937354105
2024-08-16 22:00:00,32532.886135464483
2024-08-16 23:00:00,31135.484502255582
2024-08-17 00:00:00,29626.67125259522
2024-08-17 01:00:00,28526.028647885716
2024-08-17 02:00:00,29025.580357471215
2024-08-17 03:00:00,30566.8449710795
2024-08-17 04:00:00,34797.56224113977
2024-08-17 05:00:00,42304.39524309944
2024-08-17 06:00:00,43244.41245021991
2024-08-17 07:00:00,40950.40087041236
2024-08-17 08:00:00,37843.97881161275
2024-08-17 09:00:00,35736.68488823474
2024-08-17 10:00:00,33071.69868496348
2024-08-17 11:00:00,31876.381491232387
2024-08-17 12:00:00,30907.486693561863
2024-08-17 13:00:00,29957.1442271651
2024-08-17 14:00:00,30136.839048048045
2024-08-17 15:00:00,31555.777432674713
2024-08-17 16:00:00,35162.91466510925
2024-08-17 17:00:00,42556.312323300204
2024-08-17 18:00:00,43089.40659040652
2024-08-17 19:00:00,40567.244841246014
2024-08-17 20:00:00,37398.86811431058
2024-08-17 21:00:00,35101.11292792971
2024-08-17 22:00:00,32635.977589377126
2024-08-17 23:00:00,31368.969283818267
2024-08-18 00:00:00,29993.953690836497
2024-08-18 01:00:00,28808.695344604886
2024-08-18 02:00:00,29371.199289817163
2024-08-18 03:00:00,30894.486909727322
2024-08-18 04:00:00,35072.6174064842
2024-08-18 05:00:00,41827.55906645702
2024-08-18 06:00:00,42320.036973381626
2024-08-18 07:00:00,40280.54472745686
2024-08-18 08:00:00,37354.37001427431
2024-08-18 09:00:00,35335.72524947009
2024-08-18 10:00:00,32793.086982083274
2024-08-18 11:00:00,31579.467527304307
2024-08-18 12:00:00,30175.654175576634
2024-08-18 13:00:00,28946.04954099342
2024-08-18 14:00:00,29462.77590224823
2024-08-18 15:00:00,30901.773108708676
2024-08-18 16:00:00,34866.65129876571
2024-08-18 17:00:00,42070.75878218879
2024-08-18 18:00:00,41548.715502942076
2024-08-18 19:00:00,39079.48756205213
2024-08-18 20:00:00,36908.93398456593
2024-08-18 21:00:00,35272.29600205832
2024-08-18 22:00:00,32850.35770280556
2024-08-18 23:00:00,31442.13517009835
2024-08-19 00:00:00,30333.327271055114
2024-08-19 01:00:00,29586.262034921798
2024-08-19 02:00:00,30087.765400647742
2024-08-19 03:00:00,31647.310763573027
2024-08-19 04:00:00,35875.10038678506
2024-08-19 05:00:00,43042.14785020323
2024-08-19 06:00:00,43492.664722912516
2024-08-19 07:00:00,40626.640669429136
2024-08-19 08:00:00,37521.541378250186
2024-08-19 09:00:00,35923.30782303106
2024-08-19 10:00:00,33486.01628903564
2024-08-19 11:00:00,32413.177266071263
2024-08-19 12:00:00,31156.953366358586
2024-08-19 13:00:00,29918.934893065136
2024-08-19 14:00:00,30381.296475722524
2024-08-19 15:00:00,31696.818076199455
2024-08-19 16:00:00,34971.04394351194
2024-08-19 17:00:00,42004.27184603241
2024-08-19 18:00:00,42783.75349005693
2024-08-19 19:00:00,40029.88542652316
2024-08-19 20:00:00,37234.14719022238
2024-08-19 21:00:00,35230.09666253406
2024-08-19 22:00:00,32712.873401649955
2024-08-19 23:00:00,31531.022835653734
2024-08-20 00:00:00,30215.424779939483
2024-08-20 01:00:00,29236.002501734863
2024-08-20 02:00:00,29915.36795893955
2024-08-20 03:00:00,31679.144640774703
2024-08-20 04:00:00,35885.57438143018
2024-08-20 05:00:00,43200.341503555836
2024-08-20 06:00:00,43973.98975378608
2024-08-20 07:00:00,41116.03253657426
2024-08-20 08:00:00,38421.802907138204
2024-08-20 09:00:00,36901.00730101759
2024-08-20 10:00:00,34325.19067106745
2024-08-20 11:00:00,33066.76959051042
2024-08-20 12:00:00,31516.841173059307
2024-08-20 13:00:00,30298.23094136225
2024-08-20 14:00:00,30830.809236539404
2024-08-20 15:00:00,32466.274486088358
2024-08-20 16:00:00,36463.463595499146
2024-08-20 17:00:00,42901.75780212907
2024-08-20 18:00:00,43716.195933278876
2024-08-20 19:00:00,41432.57165712844
2024-08-20 20:00:00,38227.46004093603
2024-08-20 21:00:00,35644.89134562388
2024-08-20 22:00:00,33216.98954562912
2024-08-20 23:00:00,32621.13847627814
2024-08-21 00:00:00,30899.701710840833
2024-08-21 01:00:00,29822.52242180192
2024-08-21 02:00:00,30412.544841330775
2024-08-21 03:00:00,32002.015756709574
2024-08-21 04:00:00,36316.22099627524
2024-08-21 05:00:00,43571.61404480623
2024-08-21 06:00:00,44478.77813502613
2024-08-21 07:00:00,41874.256053944686
2024-08-21 08:00:00,38935.00517913227
2024-08-21 09:00:00,36776.729346498316
2024-08-21 10:00:00,34245.085497176915
2024-08-21 11:00:00,32950.90549855469
2024-08-21 12:00:00,31493.204291114293
2024-08-21 13:00:00,30268.305347707043
2024-08-21 14:00:00,30814.632069963747
2024-08-21 15:00:00,32263.170778726875
2024-08-21 16:00:00,36182.24977117162
2024-08-21 17:00:00,43046.70175793393
2024-08-21 18:00:00,43846.26386346703
2024-08-21 19:00:00,41300.00994047844
2024-08-21 20:00:00,38205.40621638943
2024-08-21 21:00:00,35987.430947393215
2024-08-21 22:00:00,33328.92860322646
2024-08-21 23:00:00,32538.582855993565
2024-08-22 00:00:00,30805.652953798053
2024-08-22 01:00:00,29709.542482664554
2024-08-22 02:00:00,30469.143259733188
2024-08-22 03:00:00,32109.617789096927
2024-08-22 04:00:00,36385.13660903943
2024-08-22 05:00:00,43671.90813879795
2024-08-22 06:00:00,44375.686648586445
2024-08-22 07:00:00,41937.51181749545
2024-08-22 08:00:00,39110.22169633579
2024-08-22 09:00:00,36903.73963783025
2024-08-22 10:00:00,34246.53840643426
2024-08-22 11:00:00,32946.04801088895
2024-08-22 12:00:00,31464.731606716323
2024-08-22 13:00:00,30278.172119527946
2024-08-22 14:00:00,30778.699674533218
2024-08-22 15:00:00,32328.551695298975
2024-08-22 16:00:00,36496.46848936922
2024-08-22 17:00:00,43613.83515848071
2024-08-22 18:00:00,44616.78284444522
2024-08-22 19:00:00,42137.83980678845
2024-08-22 20:00:00,38876.238254639684
2024-08-22 21:00:00,36470.25222975721
2024-08-22 22:00:00,33458.49774966755
2024-08-22 23:00:00,31417.348987054946
2024-08-23 00:00:00,30169.994233115067
2024-08-23 01:00:00,28977.775015980915
2024-08-23 02:00:00,29570.703247518642
2024-08-23 03:00:00,30995.951972682735
2024-08-23 04:00:00,34832.518793326104
2024-08-23 05:00:00,42298.41010269278
2024-08-23 06:00:00,43181.78554483686
2024-08-23 07:00:00,41144.22331320765
2024-08-23 08:00:00,38933.22699168406
2024-08-23 09:00:00,36904.06491602244
2024-08-23 10:00:00,34355.91862193342
2024-08-23 11:00:00,33144.57613835064
2024-08-23 12:00:00,31603.712131172848
2024-08-23 13:00:00,30375.88569054391
2024-08-23 14:00:00,30895.84320271769
2024-08-23 15:00:00,32393.585650634934
2024-08-23 16:00:00,36512.01678694145
2024-08-23 17:00:00,42814.71339266832
2024-08-23 18:00:00,43325.2982657748
2024-08-23 19:00:00,41081.76992639557
2024-08-23 20:00:00,38060.96104649882
2024-08-23 21:00:00,35865.79859750789
2024-08-23 22:00:00,33445.94205916743
2024-08-23 23:00:00,32938.761779390625
2024-08-24 00:00:00,31452.110812868978
2024-08-24 01:00:00,30249.374156935442
2024-08-24 02:00:00,30760.419040144552
2024-08-24 03:00:00,32276.116850757648
2024-08-24 04:00:00,36502.77888627716
2024-08-24 05:00:00,43915.60656451089
2024-08-24 06:00:00,44784.90829704613
2024-08-24 07:00:00,42377.634894185154
2024-08-24 08:00:00,39198.41545459928
2024-08-24 09:00:00,37001.800172251606
2024-08-24 10:00:00,34408.50526295783
2024-08-24 11:00:00,33195.536388415414
2024-08-24 12:00:00,31775.545768191198
2024-08-24 13:00:00,30564.72053656085
2024-08-24 14:00:00,30908.46399439483
2024-08-24 15:00:00,32342.777197059433
2024-08-24 16:00:00,36479.81424594242
2024-08-24 17:00:00,43230.54898765672
2024-08-24 18:00:00,43200.391494296375
2024-08-24 19:00:00,40444.766800585596
2024-08-24 20:00:00,37469.08484200672
2024-08-24 21:00:00,35290.42480959245
2024-08-24 22:00:00,32748.74069590215
2024-08-24 23:00:00,32627.123584166493
2024-08-25 00:00:00,31338.046591406634
2024-08-25 01:00:00,30199.042778041807
2024-08-25 02:00:00,30721.42902754197
2024-08-25 03:00:00,32242.938475183844
2024-08-25 04:00:00,36464.764708250754
2024-08-25 05:00:00,43516.12156141866
2024-08-25 06:00:00,44330.58139947294
2024-08-25 07:00:00,41876.2294169851
2024-08-25 08:00:00,38690.52609443679
2024-08-25 09:00:00,36498.92008323319
2024-08-25 10:00:00,34028.60201352281
2024-08-25 11:00:00,32864.16464738069
2024-08-25 12:00:00,31370.87800357727
2024-08-25 13:00:00,29980.28234487751
2024-08-25 14:00:00,30349.614377661535
2024-08-25 15:00:00,31658.521981730002
2024-08-25 16:00:00,34896.57686422436
2024-08-25 17:00:00,42068.807058815044
2024-08-25 18:00:00,41775.23941576339
2024-08-25 19:00:00,38748.59297592999
2024-08-25 20:00:00,36870.42102495639
2024-08-25 21:00:00,35109.85213156999
2024-08-25 22:00:00,32520.265324268854
2024-08-25 23:00:00,31352.51014875779
2024-08-26 00:00:00,29997.878710015735
2024-08-26 01:00:00,28863.73242551861
2024-08-26 02:00:00,29364.10818403339
2024-08-26 03:00:00,30870.26456390468
2024-08-26 04:00:00,34939.51355952145
2024-08-26 05:00:00,41880.05901434825
2024-08-26 06:00:00,42552.133604246206
2024-08-26 07:00:00,40580.407780577654
2024-08-26 08:00:00,37817.154081954126
2024-08-26 09:00:00,35733.47538566638
2024-08-26 10:00:00,33786.074602314344
2024-08-26 11:00:00,32879.864741443205
2024-08-26 12:00:00,31432.702547420045
2024-08-26 13:00:00,30206.17721522154
2024-08-26 14:00:00,30370.17195071557
2024-08-26 15:00:00,31527.152992985946
2024-08-26 16:00:00,35060.69053946549
2024-08-26 17:00:00,42036.99489067944
2024-08-26 18:00:00,41144.32969596283
2024-08-26 19:00:00,38944.17178217154
2024-08-26 20:00:00,37225.95024700782
2024-08-26 21:00:00,35201.320343953186
2024-08-26 22:00:00,32748.957626096617
2024-08-26 23:00:00,31481.060153084854
2024-08-27 00:00:00,29974.50212001706
2024-08-27 01:00:00,28828.537366356733
2024-08-27 02:00:00,29301.09095999261
2024-08-27 03:00:00,30785.887327195618
2024-08-27 04:00:00,35011.92051756734
2024-08-27 05:00:00,42071.06240766776
2024-08-27 06:00:00,42707.399808083705
2024-08-27 07:00:00,40419.850512762314
2024-08-27 08:00:00,37470.689528230316
2024-08-27 09:00:00,35486.97960870756
2024-08-27 10:00:00,33132.30875063401
2024-08-27 11:00:00,32376.225646123054
2024-08-27 12:00:00,31283.529977287493
2024-08-27 13:00:00,30111.694738743066
2024-08-27 14:00:00,29868.007462876376
2024-08-27 15:00:00,30990.704188057156
2024-08-27 16:00:00,35011.09646864884
2024-08-27 17:00:00,42125.2754396685
2024-08-27 18:00:00,41609.02220548678
2024-08-27 19:00:00,39159.67943775573
2024-08-27 20:00:00,37156.167117306395
2024-08-27 21:00:00,35095.45311774689
2024-08-27 22:00:00,32632.052570196953
2024-08-27 23:00:00,31431.812987123303
2024-08-28 00:00:00,29931.565424708202
2024-08-28 01:00:00,28791.10866739
2024-08-28 02:00:00,29309.765045110133
2024-08-28 03:00:00,30816.07310653954
2024-08-28 04:00:00,34868.36438285249
2024-08-28 05:00:00,42072.211654553925
2024-08-28 06:00:00,42629.15965574023
2024-08-28 07:00:00,40335.42999453715
2024-08-28 08:00:00,37417.45235684474
2024-08-28 09:00:00,35412.33914313733
2024-08-28 10:00:00,32879.849540156865
2024-08-28 11:00:00,31880.69689194888
2024-08-28 12:00:00,30719.822842529255
2024-08-28 13:00:00,29413.712781546994
2024-08-28 14:00:00,29459.0676831513
2024-08-28 15:00:00,30803.45242762947
2024-08-28 16:00:00,34791.381877444845
2024-08-28 17:00:00,42059.59084337535
2024-08-28 18:00:00,41228.64181414545
2024-08-28 19:00:00,37872.66179390072
2024-08-28 20:00:00,36490.73470788366
2024-08-28 21:00:00,34882.74280907357
2024-08-28 22:00:00,32464.12227798684
2024-08-28 23:00:00,31167.51360275333
2024-08-29 00:00:00,29829.514817639007
2024-08-29 01:00:00,28731.0840157258
2024-08-29 02:00:00,29235.51489819046
2024-08-29 03:00:00,30727.272264239306
2024-08-29 04:00:00,34811.288885432215
2024-08-29 05:00:00,41701.676434394445
2024-08-29 06:00:00,42341.46197447407
2024-08-29 07:00:00,40217.41910338003
2024-08-29 08:00:00,37336.91344400204
2024-08-29 09:00:00,35314.62558079548
2024-08-29 10:00:00,32790.20294419829
2024-08-29 11:00:00,31551.667201603315
2024-08-29 12:00:00,30154.619490975383
2024-08-29 13:00:00,28966.58537245188
2024-08-29 14:00:00,29418.27780222364
2024-08-29 15:00:00,30881.085463407813
2024-08-29 16:00:00,34892.15312852006
2024-08-29 17:00:00,41974.06435978
2024-08-29 18:00:00,42441.10542101332
2024-08-29 19:00:00,40156.91730764787
2024-08-29 20:00:00,37352.917141890866
2024-08-29 21:00:00,35337.43846585946
2024-08-29 22:00:00,32702.70303034291
2024-08-29 23:00:00,31203.229085337123
2024-08-30 00:00:00,29780.289358575512
2024-08-30 01:00:00,28593.079288980123
2024-08-30 02:00:00,29142.31189480593
2024-08-30 03:00:00,30698.430827135086
2024-08-30 04:00:00,34909.7398057282
2024-08-30 05:00:00,42136.07463225443
2024-08-30 06:00:00,42993.406112146804
2024-08-30 07:00:00,40598.753518309764
2024-08-30 08:00:00,37802.38645854828
2024-08-30 09:00:00,35931.00604755328
2024-08-30 10:00:00,33948.43177965715
2024-08-30 11:00:00,32937.13538843091
2024-08-30 12:00:00,31461.32702830731
2024-08-30 13:00:00,30256.812184925566
2024-08-30 14:00:00,30702.996596670004
2024-08-30 15:00:00,31878.214868203057
2024-08-30 16:00:00,35201.68783641763
2024-08-30 17:00:00,42017.521610789925
2024-08-30 18:00:00,42386.22028621784
2024-08-30 19:00:00,40326.86430946776
2024-08-30 20:00:00,37440.54702823918
2024-08-30 21:00:00,35288.538204752396
2024-08-30 22:00:00,32801.82618572946
2024-08-30 23:00:00,31428.148181824134
2024-08-31 00:00:00,30061.04774572607
2024-08-31 01:00:00,28943.859312813292
2024-08-31 02:00:00,29457.181078310314
2024-08-31 03:00:00,30969.799610392587
2024-08-31 04:00:00,35257.462138659524
2024-08-31 05:00:00,42721.07666115609
2024-08-31 06:00:00,43618.67759638552
2024-08-31 07:00:00,41396.769349111375
2024-08-31 08:00:00,38508.37030697274
2024-08-31 09:00:00,36697.686752373695
2024-08-31 10:00:00,34257.85808751345
2024-08-31 11:00:00,32999.588803444756
2024-08-31 12:00:00,31495.78483360469
2024-08-31 13:00:00,30326.530141888135
2024-08-31 14:00:00,30824.954235589168
2024-08-31 15:00:00,31848.289300570115
2024-08-31 16:00:00,35229.791787625356
2024-08-31 17:00:00,42149.931515769524
2024-08-31 18:00:00,42656.09265317517
2024-08-31 19:00:00,40373.856128726205
2024-08-31 20:00:00,37434.995620269416
2024-08-31 21:00:00,35253.38656155483
2024-08-31 22:00:00,32765.048017124125
2024-08-31 23:00:00,31468.916355853682
2024-09-01 00:00:00,29918.85779025938
2024-09-01 01:00:00,28749.42962117698
2024-09-01 02:00:00,29247.875495505286
2024-09-01 03:00:00,30780.22751701668
2024-09-01 04:00:00,34853.878675887565
2024-09-01 05:00:00,42059.02700831307
2024-09-01 06:00:00,42628.27048828784
2024-09-01 07:00:00,40243.332828580045
2024-09-01 08:00:00,37192.20793012213
2024-09-01 09:00:00,35240.28860628409
2024-09-01 10:00:00,32776.04243735723
2024-09-01 11:00:00,31569.535795259977
2024-09-01 12:00:00,30265.170664594716
2024-09-01 13:00:00,29064.53744177514
2024-09-01 14:00:00,29414.634701653726
2024-09-01 15:00:00,30747.22255592362
2024-09-01 16:00:00,34670.13991126495
2024-09-01 17:00:00,41686.193292224205
2024-09-01 18:00:00,40653.6149310831
2024-09-01 19:00:00,38972.753009731816
2024-09-01 20:00:00,37042.40657556293
2024-09-01 21:00:00,35055.72579272879
2024-09-01 22:00:00,32565.45736628002
2024-09-01 23:00:00,31334.099424781256
2024-09-02 00:00:00,29947.569122592606
2024-09-02 01:00:00,28763.915458254727
2024-09-02 02:00:00,29240.502471111053
2024-09-02 03:00:00,30708.96994030514
2024-09-02 04:00:00,34880.00933128179
2024-09-02 05:00:00,41910.786924016385
2024-09-02 06:00:00,42383.98664423603
2024-09-02 07:00:00,40210.91353954298
2024-09-02 08:00:00,37300.026875355805
2024-09-02 09:00:00,35304.25998402507
2024-09-02 10:00:00,32789.075269762885
2024-09-02 11:00:00,31573.157188931636
2024-09-02 12:00:00,30114.328328740037
2024-09-02 13:00:00,28883.11901009462
2024-09-02 14:00:00,29342.40126434402
2024-09-02 15:00:00,30786.451162248522
2024-09-02 16:00:00,34539.70330209865
2024-09-02 17:00:00,40403.51295548735
2024-09-02 18:00:00,39372.97287857471
2024-09-02 19:00:00,36878.19995869099
2024-09-02 20:00:00,35831.07064096156
2024-09-02 21:00:00,34749.16195030937
2024-09-02 22:00:00,32347.49927080713
2024-09-02 23:00:00,31194.967025768336
2024-09-03 00:00:00,29817.652939016964
2024-09-03 01:00:00,28644.19135071431
2024-09-03 02:00:00,29153.457994430133
2024-09-03 03:00:00,30666.423563646986
2024-09-03 04:00:00,34726.78167623316
2024-09-03 05:00:00,41585.09684101379
2024-09-03 06:00:00,41854.26020322927
2024-09-03 07:00:00,39855.75306152389
2024-09-03 08:00:00,37149.20624856783
2024-09-03 09:00:00,35169.33465507956
2024-09-03 10:00:00,32691.188188853717
2024-09-03 11:00:00,31456.534051641003
2024-09-03 12:00:00,29987.990257319783
2024-09-03 13:00:00,28800.93200156264
2024-09-03 14:00:00,29244.384076495015
2024-09-03 15:00:00,30614.16212058168
2024-09-03 16:00:00,34490.60794780606
2024-09-03 17:00:00,41396.15357111006
2024-09-03 18:00:00,39883.33457201631
2024-09-03 19:00:00,39434.21417750683
2024-09-03 20:00:00,37068.79744266749
2024-09-03 21:00:00,35146.99891192656
2024-09-03 22:00:00,32634.242798373823
2024-09-03 23:00:00,31306.4073646735
2024-09-04 00:00:00,29921.35164177522
2024-09-04 01:00:00,28787.83418074191
2024-09-04 02:00:00,29334.963251534165
2024-09-04 03:00:00,30958.26306200728
2024-09-04 04:00:00,35657.966340249644
2024-09-04 05:00:00,42614.25528125189
2024-09-04 06:00:00,43346.85337378494
2024-09-04 07:00:00,41493.03004123044
2024-09-04 08:00:00,38531.074726936684
2024-09-04 09:00:00,35851.052678826774
2024-09-04 10:00:00,34243.307309729236
2024-09-04 11:00:00,32945.87452918672
2024-09-04 12:00:00,31465.05688490765
2024-09-04 13:00:00,30245.492503847097
2024-09-04 14:00:00,30777.24676527465
2024-09-04 15:00:00,32261.86966595642
2024-09-04 16:00:00,35911.488169529024
2024-09-04 17:00:00,43016.92800195969
2024-09-04 18:00:00,43959.677500346836
2024-09-04 19:00:00,41639.123308981296
2024-09-04 20:00:00,38530.09886634134
2024-09-04 21:00:00,36337.517027066264
2024-09-04 22:00:00,33746.65086810923
2024-09-04 23:00:00,32585.72651944916
2024-09-05 00:00:00,31129.49991298294
2024-09-05 01:00:00,29921.90575637291
2024-09-05 02:00:00,30420.655123928424
2024-09-05 03:00:00,31901.7216627223
2024-09-05 04:00:00,36094.74992452762
2024-09-05 05:00:00,43450.935816105135
2024-09-05 06:00:00,44101.17351381876
2024-09-05 07:00:00,41681.60463216631
2024-09-05 08:00:00,38537.168265226224
2024-09-05 09:00:00,36418.2077190488
2024-09-05 10:00:00,33920.37110996565
2024-09-05 11:00:00,32724.555245247586
2024-09-05 12:00:00,31249.874516189066
2024-09-05 13:00:00,30008.776712318966
2024-09-05 14:00:00,30501.38917766534
2024-09-05 15:00:00,32018.06281635032
2024-09-05 16:00:00,35815.01067949568
2024-09-05 17:00:00,42706.69935424089
2024-09-05 18:00:00,43167.47335644987
2024-09-05 19:00:00,40762.30335633809
2024-09-05 20:00:00,37995.645064124794
2024-09-05 21:00:00,36155.6214534801
2024-09-05 22:00:00,33562.80363621429
2024-09-05 23:00:00,31289.384526843616
2024-09-06 00:00:00,29888.498492348583
2024-09-06 01:00:00,28711.003486994206
2024-09-06 02:00:00,29248.916342349254
2024-09-06 03:00:00,30734.18985362702
2024-09-06 04:00:00,34920.73422379606
2024-09-06 05:00:00,42292.446669183795
2024-09-06 06:00:00,43125.33900533501
2024-09-06 07:00:00,40833.127335048346
2024-09-06 08:00:00,37813.619513707985
2024-09-06 09:00:00,36069.92151637223
2024-09-06 10:00:00,34015.786061436804
2024-09-06 11:00:00,32856.0760651773
2024-09-06 12:00:00,31435.28308774211
2024-09-06 13:00:00,30236.753363091237
2024-09-06 14:00:00,30608.145480247764
2024-09-06 15:00:00,31458.801158888797
2024-09-06 16:00:00,34855.20144134539
2024-09-06 17:00:00,41834.34654892742
2024-09-06 18:00:00,42351.068376290015
2024-09-06 19:00:00,40225.35583488556
2024-09-06 20:00:00,37527.02766770134
2024-09-06 21:00:00,35409.71518468445
2024-09-06 22:00:00,32801.04555059634
2024-09-06 23:00:00,31425.112197819977
2024-09-07 00:00:00,30052.720697743254
2024-09-07 01:00:00,28889.77638560102
2024-09-07 02:00:00,29417.34535325167
2024-09-07 03:00:00,30928.51101294197
2024-09-07 04:00:00,35118.93698849368
2024-09-07 05:00:00,42565.89728274561
2024-09-07 06:00:00,43456.73244242537
2024-09-07 07:00:00,41135.852853601435
2024-09-07 08:00:00,38519.27796467178
2024-09-07 09:00:00,36769.44311283402
2024-09-07 10:00:00,34237.972747382155
2024-09-07 11:00:00,32944.09634173766
2024-09-07 12:00:00,31451.633738188404
2024-09-07 13:00:00,30225.08671860829
2024-09-07 14:00:00,30692.95634314611
2024-09-07 15:00:00,31313.14162141954
2024-09-07 16:00:00,34942.701355202335
2024-09-07 17:00:00,41988.5284921243
2024-09-07 18:00:00,42775.79505381556
2024-09-07 19:00:00,40304.29006149833
2024-09-07 20:00:00,37279.42592320454
2024-09-07 21:00:00,35191.56199819466
2024-09-07 22:00:00,32673.363006825482
2024-09-07 23:00:00,31546.484403217957
2024-09-08 00:00:00,30064.040315934373
2024-09-08 01:00:00,28882.988903154077
2024-09-08 02:00:00,29416.84663672789
2024-09-08 03:00:00,30884.49005699346
2024-09-08 04:00:00,35107.76918414048
2024-09-08 05:00:00,41997.766282174
2024-09-08 06:00:00,42509.28386881419
2024-09-08 07:00:00,39795.35979810772
2024-09-08 08:00:00,37077.47152778257
2024-09-08 09:00:00,35109.526801330576
2024-09-08 10:00:00,32614.943039222002
2024-09-08 11:00:00,31407.807441381112
2024-09-08 12:00:00,30008.85142335296
2024-09-08 13:00:00,28915.993734139287
2024-09-08 14:00:00,29385.294678136404
2024-09-08 15:00:00,30988.53566677631
2024-09-08 16:00:00,34994.33384252649
2024-09-08 17:00:00,42083.83489609399
2024-09-08 18:00:00,42930.9744322287
2024-09-08 19:00:00,40951.55024958861
2024-09-08 20:00:00,38123.78304507146
2024-09-08 21:00:00,36353.73759008926
2024-09-08 22:00:00,33697.33871590184
2024-09-08 23:00:00,32913.84546989077
2024-09-09 00:00:00,31404.20817564013
2024-09-09 01:00:00,30209.885384439436
2024-09-09 02:00:00,30733.073986813284
2024-09-09 03:00:00,32261.71786946514
2024-09-09 04:00:00,36495.9914146782
2024-09-09 05:00:00,43885.50748916242
2024-09-09 06:00:00,44419.881120942264
2024-09-09 07:00:00,41283.81108434555
2024-09-09 08:00:00,38301.18976442792
2024-09-09 09:00:00,36290.655314745774
2024-09-09 10:00:00,34091.03374332485
2024-09-09 11:00:00,32944.09634173767
2024-09-09 12:00:00,31452.913165743194
2024-09-09 13:00:00,30246.44665320985
2024-09-09 14:00:00,30744.892427786504
2024-09-09 15:00:00,32258.16149456834
2024-09-09 16:00:00,36165.899103369826
2024-09-09 17:00:00,43498.79509809475
2024-09-09 18:00:00,44298.5306571424
2024-09-09 19:00:00,41810.02446450076
2024-09-09 20:00:00,38666.71570694
2024-09-09 21:00:00,36399.71023470588
2024-09-09 22:00:00,33711.759369398365
2024-09-09 23:00:00,32620.140943478364
2024-09-10 00:00:00,31208.41238499046
2024-09-10 01:00:00,29972.020283138878
2024-09-10 02:00:00,30435.336021663927
2024-09-10 03:00:00,31874.810307140357
2024-09-10 04:00:00,36061.679975018356
2024-09-10 05:00:00,43134.85213491157
2024-09-10 06:00:00,43270.17449387623
2024-09-10 07:00:00,40585.872497575256
2024-09-10 08:00:00,37596.615574103984
2024-09-10 09:00:00,35706.000257923544
2024-09-10 10:00:00,33647.83133822876
2024-09-10 11:00:00,32412.526735709893
2024-09-10 12:00:00,31014.56828517768
2024-09-10 13:00:00,29806.974128567937
2024-09-10 14:00:00,30259.772523708667
2024-09-10 15:00:00,31709.11358751224
2024-09-10 16:00:00,35135.114204948324
2024-09-10 17:00:00,42241.13951427003
2024-09-10 18:00:00,42807.542105592736
2024-09-10 19:00:00,40333.58667338745
2024-09-10 20:00:00,37312.777791323344
2024-09-10 21:00:00,35258.74274405836
2024-09-10 22:00:00,32602.820946720978
2024-09-10 23:00:00,31487.413905253627
2024-09-11 00:00:00,30091.060138782603
2024-09-11 01:00:00,28938.004279337212
2024-09-11 02:00:00,29423.005163431626
2024-09-11 03:00:00,30917.820220383197
2024-09-11 04:00:00,35089.46686020612
2024-09-11 05:00:00,42167.82181631638
2024-09-11 06:00:00,42601.185679196446
2024-09-11 07:00:00,40177.73505988113
2024-09-11 08:00:00,37503.39073371015
2024-09-11 09:00:00,35528.138101389275
2024-09-11 10:00:00,32943.90761104216
2024-09-11 11:00:00,31672.54055602921
2024-09-11 12:00:00,30185.889530958473
2024-09-11 13:00:00,28947.545825011326
2024-09-11 14:00:00,29369.91980371563
2024-09-11 15:00:00,30778.340914348242
2024-09-11 16:00:00,34720.21099170502
2024-09-11 17:00:00,41565.38479176113
2024-09-11 18:00:00,39930.06631184217
2024-09-11 19:00:00,38331.71620014102
2024-09-11 20:00:00,37153.21795872373
2024-09-11 21:00:00,35293.98121484778
2024-09-11 22:00:00,32755.72340164471
2024-09-11 23:00:00,31327.073437521336
2024-09-12 00:00:00,29970.837312549807
2024-09-12 01:00:00,28831.05279249145
2024-09-12 02:00:00,29340.31956848717
2024-09-12 03:00:00,30892.274974656848
2024-09-12 04:00:00,35073.289643754804
2024-09-12 05:00:00,42317.34138455011
2024-09-12 06:00:00,42843.604625307824
2024-09-12 07:00:00,40237.6296067743
2024-09-12 08:00:00,37294.97418391103
2024-09-12 09:00:00,35244.32215778499
2024-09-12 10:00:00,32764.462475175846
2024-09-12 11:00:00,31526.252062816693
2024-09-12 12:00:00,30206.772401721224
2024-09-12 13:00:00,29936.261356400224
2024-09-12 14:00:00,30114.286439751006
2024-09-12 15:00:00,31533.22482654394
2024-09-12 16:00:00,35737.0740203777
2024-09-12 17:00:00,42819.635912108504
2024-09-12 18:00:00,43337.788970021385
2024-09-12 19:00:00,40974.68833477405
2024-09-12 20:00:00,38062.6307168027
2024-09-12 21:00:00,35950.479392497546
2024-09-12 22:00:00,33258.1698102612
2024-09-12 23:00:00,32044.810567190663
2024-09-13 00:00:00,30642.4717275276
2024-09-13 01:00:00,29542.653104523688
2024-09-13 02:00:00,30013.103228181837
2024-09-13 03:00:00,31505.966496713358
2024-09-13 04:00:00,35779.57705046194
2024-09-13 05:00:00,43019.07481633539
2024-09-13 06:00:00,43732.871868409275
2024-09-13 07:00:00,41155.022640261566
2024-09-13 08:00:00,38098.12946652605
2024-09-13 09:00:00,36239.76011815106
2024-09-13 10:00:00,34114.32366620221
2024-09-13 11:00:00,32930.824991508045
2024-09-13 12:00:00,31447.730399885495
2024-09-13 13:00:00,30246.12137501787
2024-09-13 14:00:00,30745.369502467845
2024-09-13 15:00:00,32107.340835252202
2024-09-13 16:00:00,35442.63220323578
2024-09-13 17:00:00,42387.297770431
2024-09-13 18:00:00,42736.30623361014
2024-09-13 19:00:00,40470.31204630786
2024-09-13 20:00:00,37507.61937622837
2024-09-13 21:00:00,35386.42528782906
2024-09-13 22:00:00,32873.40909484549
2024-09-13 23:00:00,31680.73749707252
2024-09-14 00:00:00,30317.88741038977
2024-09-14 01:00:00,29166.132743947303
2024-09-14 02:00:00,29657.59584530794
2024-09-14 03:00:00,31231.561861731734
2024-09-14 04:00:00,35434.26174362332
2024-09-14 05:00:00,42795.305101182224
2024-09-14 06:00:00,43402.45429191721
2024-09-14 07:00:00,41132.101352990714
2024-09-14 08:00:00,38300.95125961532
2024-09-14 09:00:00,36726.875046626265
2024-09-14 10:00:00,34243.95786611334
2024-09-14 11:00:00,32944.746898121484
2024-09-14 12:00:00,31420.06006836096
2024-09-14 13:00:00,30247.097209593558
2024-09-14 14:00:00,30748.600599174057
2024-09-14 15:00:00,31942.923567031376
2024-09-14 16:00:00,35164.9963609532
2024-09-14 17:00:00,42089.42971785843
2024-09-14 18:00:00,42629.918586150605
2024-09-14 19:00:00,40377.34754773608
2024-09-14 20:00:00,37352.505118509
2024-09-14 21:00:00,35170.310515678924
2024-09-14 22:00:00,32746.593879351105
2024-09-14 23:00:00,31439.944941920796
2024-09-15 00:00:00,30025.48407698027
2024-09-15 01:00:00,28831.790148276556
2024-09-15 02:00:00,29369.876392087615
2024-09-15 03:00:00,30896.8939358246
2024-09-15 04:00:00,35066.93589158624
2024-09-15 05:00:00,42167.10616743
2024-09-15 06:00:00,42681.05235478033
2024-09-15 07:00:00,40013.90343552848
2024-09-15 08:00:00,37130.49189908542
2024-09-15 09:00:00,35080.967412946695
2024-09-15 10:00:00,32545.615344528615
2024-09-15 11:00:00,31390.914708322445
2024-09-15 12:00:00,30045.694710483647
2024-09-15 13:00:00,28935.35874626391
2024-09-15 14:00:00,29524.57875870705
2024-09-15 15:00:00,31027.005212586446
2024-09-15 16:00:00,35088.44758581427
2024-09-15 17:00:00,42169.20970029797
2024-09-15 18:00:00,42963.111932767366
2024-09-15 19:00:00,40613.45615547442
2024-09-15 20:00:00,37717.90095407968
2024-09-15 21:00:00,35628.25882427269
2024-09-15 22:00:00,32925.735524158816
2024-09-15 23:00:00,31560.60149843173
2024-09-16 00:00:00,30120.05325744497
2024-09-16 01:00:00,28941.105247418607
2024-09-16 02:00:00,29452.323612330485
2024-09-16 03:00:00,30966.5685353728
2024-09-16 04:00:00,35015.0866063471
2024-09-16 05:00:00,42162.03176908637
2024-09-16 06:00:00,42617.427881894175
2024-09-16 07:00:00,40152.2332279511
2024-09-16 08:00:00,37413.61403081202
2024-09-16 09:00:00,35341.77550841623
2024-09-16 10:00:00,32911.900347553616
2024-09-16 11:00:00,31976.93587716918
2024-09-16 12:00:00,30775.900837509238
2024-09-16 13:00:00,29828.984606542122
2024-09-16 14:00:00,30025.138562484597
2024-09-16 15:00:00,31059.598150302183
2024-09-16 16:00:00,34983.03579895273
2024-09-16 17:00:00,42086.48056144608
2024-09-16 18:00:00,42640.24076695681
2024-09-16 19:00:00,40577.480328899845
2024-09-16 20:00:00,37620.57770821973
2024-09-16 21:00:00,35448.22814429048
2024-09-16 22:00:00,32888.4369321317
2024-09-16 23:00:00,31566.695038889666
2024-09-17 00:00:00,30142.020388847417
2024-09-17 01:00:00,28889.277669077404
2024-09-17 02:00:00,29390.303957954082
2024-09-17 03:00:00,30926.537584848535
2024-09-17 04:00:00,35040.913636234174
2024-09-17 05:00:00,42214.22809146013
2024-09-17 06:00:00,42488.20564030764
2024-09-17 07:00:00,40224.141467304165
2024-09-17 08:00:00,37518.24518254077
2024-09-17 09:00:00,35625.201133369956
2024-09-17 10:00:00,33349.898232186606
2024-09-17 11:00:00,32855.90257913793
2024-09-17 12:00:00,31416.35189697325
2024-09-17 13:00:00,30227.19018424907
2024-09-17 14:00:00,30727.41414627474
2024-09-17 15:00:00,31613.63363244697
2024-09-17 16:00:00,35079.75179379871
2024-09-17 17:00:00,42071.51771040541
2024-09-17 18:00:00,42682.396827132885
2024-09-17 19:00:00,40626.59739009014
2024-09-17 20:00:00,37666.96240874432
2024-09-17 21:00:00,35448.510062899375
2024-09-17 22:00:00,32958.78376677089
2024-09-17 23:00:00,31708.58136884946
2024-09-18 00:00:00,30197.339388368895
2024-09-18 01:00:00,28981.33129112834
2024-09-18 02:00:00,29492.701467709434
2024-09-18 03:00:00,30979.276037542044
2024-09-18 04:00:00,35039.937775636274
2024-09-18 05:00:00,42078.82561844048
2024-09-18 06:00:00,42467.10596946154
2024-09-18 07:00:00,40369.19388820786
2024-09-18 08:00:00,37596.09501840276
2024-09-18 09:00:00,35693.14094408544
2024-09-18 10:00:00,33429.43957753358
2024-09-18 11:00:00,32864.33812474609
2024-09-18 12:00:00,31336.420200447825
2024-09-18 13:00:00,30178.65867801717
2024-09-18 14:00:00,30567.724234926238
2024-09-18 15:00:00,31314.377695896434
2024-09-18 16:00:00,35022.784830867975
2024-09-18 17:00:00,42061.69437840252
2024-09-18 18:00:00,42611.74636698668
2024-09-18 19:00:00,40541.02749269942
2024-09-18 20:00:00,37701.91896309336
2024-09-18 21:00:00,35464.03661670943
2024-09-18 22:00:00,32968.954138076595
2024-09-18 23:00:00,31770.18899984576
2024-09-19 00:00:00,30254.089551216148
2024-09-19 01:00:00,29056.18868906199
2024-09-19 02:00:00,29560.61957152691
2024-09-19 03:00:00,31056.258542959047
2024-09-19 04:00:00,35066.15525645377
2024-09-19 05:00:00,42166.78083502552
2024-09-19 06:00:00,42496.59780681628
2024-09-19 07:00:00,40620.72064971467
2024-09-19 08:00:00,37737.52604346625
2024-09-19 09:00:00,35899.844407612894
2024-09-19 10:00:00,33845.68726312737
2024-09-19 11:00:00,32811.44789291123
2024-09-19 12:00:00,31450.80970010213
2024-09-19 13:00:00,30242.738481821998
2024-09-19 14:00:00,30621.958958628366
2024-09-19 15:00:00,31555.126904476278
2024-09-19 16:00:00,35135.24431188727
2024-09-19 17:00:00,42199.93760996109
2024-09-19 18:00:00,42427.530456114924
2024-09-19 19:00:00,40616.83904433297
2024-09-19 20:00:00,37702.74300985356
2024-09-19 21:00:00,35483.29309651266
2024-09-19 22:00:00,32836.43570077492
2024-09-19 23:00:00,31516.55883558514
2024-09-20 00:00:00,30071.955470648638
2024-09-20 01:00:00,28917.42503191299
2024-09-20 02:00:00,29414.72152707631
2024-09-20 03:00:00,30864.43123515997
2024-09-20 04:00:00,35048.546874508094
2024-09-20 05:00:00,42302.20501494337
2024-09-20 06:00:00,43203.38406449553
2024-09-20 07:00:00,40997.65303367123
2024-09-20 08:00:00,38189.337467198806
2024-09-20 09:00:00,36547.71181202084
2024-09-20 10:00:00,34194.12524711393
2024-09-20 11:00:00,32944.59510163194
2024-09-20 12:00:00,31451.308459996373
2024-09-20 13:00:00,30250.82706619397
2024-09-20 14:00:00,30726.611793401335
2024-09-20 15:00:00,31497.2273581268
2024-09-20 16:00:00,34923.83519404846
2024-09-20 17:00:00,41852.34524952142
2024-09-20 18:00:00,42487.90201480228
2024-09-20 19:00:00,40557.66001404709
2024-09-20 20:00:00,37624.155688095256
2024-09-20 21:00:00,35389.50455118069
2024-09-20 22:00:00,32816.72391607533
2024-09-20 23:00:00,31363.938299270296
2024-09-21 00:00:00,29995.189765315088
2024-09-21 01:00:00,28788.246204122384
2024-09-21 02:00:00,29296.55869196988
2024-09-21 03:00:00,30793.802481911862
2024-09-21 04:00:00,35029.70241808502
2024-09-21 05:00:00,42380.0766899832
2024-09-21 06:00:00,43210.73538199189
2024-09-21 07:00:00,40978.635060849454
2024-09-21 08:00:00,38160.279295066655
2024-09-21 09:00:00,36480.270787221896
2024-09-21 10:00:00,34065.054867072504
2024-09-21 11:00:00,32788.179668257886
2024-09-21 12:00:00,31418.95412250845
2024-09-21 13:00:00,30243.714316397687
2024-09-21 14:00:00,30587.978232349426
2024-09-21 15:00:00,31265.325688175886
2024-09-21 16:00:00,34777.047982143544
2024-09-21 17:00:00,41775.948288220214
2024-09-21 18:00:00,42242.31697991567
2024-09-21 19:00:00,40337.62022271838
2024-09-21 20:00:00,37404.07248513906
2024-09-21 21:00:00,35306.75383771069
2024-09-21 22:00:00,32756.959476121952
2024-09-21 23:00:00,31476.029168537018
2024-09-22 00:00:00,30091.754080771734
2024-09-22 01:00:00,28865.727426063193
2024-09-22 02:00:00,29334.551228154553
2024-09-22 03:00:00,30855.6053383734
2024-09-22 04:00:00,34922.12197766445
2024-09-22 05:00:00,41757.01713865184
2024-09-22 06:00:00,41489.36308635372
2024-09-22 07:00:00,39929.6778782089
2024-09-22 08:00:00,37396.807990897236
2024-09-22 09:00:00,35372.438299554415
2024-09-22 10:00:00,32948.46158379573
2024-09-22 11:00:00,31667.856476336103
2024-09-22 12:00:00,30213.55988416813
2024-09-22 13:00:00,29002.084054951585
2024-09-22 14:00:00,29434.368325530442
2024-09-22 15:00:00,30607.78666368239
2024-09-22 16:00:00,34295.98316298209
2024-09-22 17:00:00,40028.51045354497
2024-09-22 18:00:00,39472.941919896366
2024-09-22 19:00:00,39487.928492965206
2024-09-22 20:00:00,37288.10000832123
2024-09-22 21:00:00,35271.01664822886
2024-09-22 22:00:00,32764.39748676195
2024-09-22 23:00:00,31518.18522654465
2024-09-23 00:00:00,30117.25591270212
2024-09-23 01:00:00,28890.253397395627
2024-09-23 02:00:00,29369.117461684466
2024-09-23 03:00:00,30915.044448090368
2024-09-23 04:00:00,35067.97673843037
2024-09-23 05:00:00,42123.51894176032
2024-09-23 06:00:00,42488.661209763966
2024-09-23 07:00:00,40316.889165792694
2024-09-23 08:00:00,37461.14798039076
2024-09-23 09:00:00,35405.70347452976
2024-09-23 10:00:00,32888.54533000465
2024-09-23 11:00:00,31719.554082185914
2024-09-23 12:00:00,30335.92952478228
2024-09-23 13:00:00,29247.690796736144
2024-09-23 14:00:00,29532.14687628666
2024-09-23 15:00:00,30914.892636421526
2024-09-23 16:00:00,34813.21890190339
2024-09-23 17:00:00,41989.26571562728
2024-09-23 18:00:00,42777.052700740926
2024-09-23 19:00:00,40732.57301416922
2024-09-23 20:00:00,37874.88023985099
2024-09-23 21:00:00,35698.93085686834
2024-09-23 22:00:00,33265.260850990795
2024-09-23 23:00:00,32586.398756708677
2024-09-24 00:00:00,31174.30155394045
2024-09-24 01:00:00,29977.203048996715
2024-09-24 02:00:00,30465.933859084354
2024-09-24 03:00:00,31916.792879109053
2024-09-24 04:00:00,36138.2938361559
2024-09-24 05:00:00,43435.49595544187
2024-09-24 06:00:00,44057.23931824039
2024-09-24 07:00:00,41691.189459357556
2024-09-24 08:00:00,38502.406873456275
2024-09-24 09:00:00,36522.44855212759
2024-09-24 10:00:00,33861.01869122426
2024-09-24 11:00:00,32635.88442748311
2024-09-24 12:00:00,31148.105829897086
2024-09-24 13:00:00,29936.781812349738
2024-09-24 14:00:00,30288.54881192802
2024-09-24 15:00:00,31037.435795602873
2024-09-24 16:00:00,34751.97988265968
2024-09-24 17:00:00,41388.93222610149
2024-09-24 18:00:00,41624.65715933277
2024-09-24 19:00:00,40245.52305459156
2024-09-24 20:00:00,37613.66011883283
2024-09-24 21:00:00,35421.685465516275
2024-09-24 22:00:00,32915.5217412255
2024-09-24 23:00:00,31877.11884484917
2024-09-25 00:00:00,30501.235925760906
2024-09-25 01:00:00,29397.448871950975
2024-09-25 02:00:00,29937.768820622558
2024-09-25 03:00:00,31525.43984165599
2024-09-25 04:00:00,35692.120550401545
2024-09-25 05:00:00,42749.98295440031
2024-09-25 06:00:00,43406.96485304391
2024-09-25 07:00:00,41028.79296888357
2024-09-25 08:00:00,38087.11334156248
2024-09-25 09:00:00,36160.3488797441
2024-09-25 10:00:00,33733.74817300209
2024-09-25 11:00:00,32669.84346204367
2024-09-25 12:00:00,31256.445133496793
2024-09-25 13:00:00,30038.810745048784
2024-09-25 14:00:00,30131.352691376695
2024-09-25 15:00:00,31501.67286795128
2024-09-25 16:00:00,35466.20401869903
2024-09-25 17:00:00,42621.0860430512
2024-09-25 18:00:00,43345.50890143785
2024-09-25 19:00:00,41101.069819989716
2024-09-25 20:00:00,38159.71545784926
2024-09-25 21:00:00,36057.99464933671
2024-09-25 22:00:00,33658.06676083617
2024-09-25 23:00:00,32945.72273269721
2024-09-26 00:00:00,31451.13497829394
2024-09-26 01:00:00,30244.017909376656
2024-09-26 02:00:00,30753.783365031395
2024-09-26 03:00:00,32264.94896617192
2024-09-26 04:00:00,36496.46848936088
2024-09-26 05:00:00,43914.804211648516
2024-09-26 06:00:00,44365.603037658686
2024-09-26 07:00:00,41731.91428681531
2024-09-26 08:00:00,39048.1803003694
2024-09-26 09:00:00,36768.55402127861
2024-09-26 10:00:00,34069.955714321266
2024-09-26 11:00:00,32788.85190551744
2024-09-26 12:00:00,31372.222491106928
2024-09-26 13:00:00,30178.20328637993
2024-09-26 14:00:00,30667.432852024816
2024-09-26 15:00:00,32180.70191230086
2024-09-26 16:00:00,35884.229909090005
2024-09-26 17:00:00,42903.27579519992
2024-09-26 18:00:00,43806.861803619846
2024-09-26 19:00:00,41414.16086592091
2024-09-26 20:00:00,38640.82358888617
2024-09-26 21:00:00,36482.63450143896
2024-09-26 22:00:00,33840.80809024901
2024-09-26 23:00:00,32916.122417234066
2024-09-27 00:00:00,31402.798638977198
2024-09-27 01:00:00,30190.672283736094
2024-09-27 02:00:00,30693.151512229255
2024-09-27 03:00:00,32208.849322843635
2024-09-27 04:00:00,36428.8973641278
2024-09-27 05:00:00,43721.415483956
2024-09-27 06:00:00,44424.50004958364
2024-09-27 07:00:00,41953.667294527026
2024-09-27 08:00:00,38870.166388547455
2024-09-27 09:00:00,36745.936350840544
2024-09-27 10:00:00,34183.9548801453
2024-09-27 11:00:00,32934.22956991664
2024-09-27 12:00:00,31451.78553467781
2024-09-27 13:00:00,30243.866112887208
2024-09-27 14:00:00,30743.266036826688
2024-09-27 15:00:00,32102.938739223307
2024-09-27 16:00:00,35790.354603390166
2024-09-27 17:00:00,43219.98829985839
2024-09-27 18:00:00,44027.378736854094
2024-09-27 19:00:00,41794.88816211627
2024-09-27 20:00:00,38601.0962963966
2024-09-27 21:00:00,36333.114933205405
2024-09-27 22:00:00,33569.200800010236
2024-09-27 23:00:00,32351.678035116885
2024-09-28 00:00:00,30814.088466879213
2024-09-28 01:00:00,29531.3117143791
2024-09-28 02:00:00,30043.33242132176
2024-09-28 03:00:00,31328.147751806893
2024-09-28 04:00:00,35305.494939213524
2024-09-28 05:00:00,42669.81278558994
2024-09-28 06:00:00,43200.23968261857
2024-09-28 07:00:00,40811.073378223715
2024-09-28 08:00:00,38295.87692632759
2024-09-28 09:00:00,36882.076110252674
2024-09-28 10:00:00,34245.08549717875
2024-09-28 11:00:00,32944.89869461105
2024-09-28 12:00:00,31459.70063734744
2024-09-28 13:00:00,30251.152344385828
2024-09-28 14:00:00,30744.241871402388
2024-09-28 15:00:00,31562.586622014143
2024-09-28 16:00:00,34975.96639789631
2024-09-28 17:00:00,41447.634244592795
2024-09-28 18:00:00,42079.417672253105
2024-09-28 19:00:00,40605.2373752529
2024-09-28 20:00:00,37880.34482456551
2024-09-28 21:00:00,35863.93369956421
2024-09-28 22:00:00,33640.545137089764
2024-09-28 23:00:00,32637.532492812825
2024-09-29 00:00:00,31266.658866553957
2024-09-29 01:00:00,30108.05162299281
2024-09-29 02:00:00,30654.833739054608
2024-09-29 03:00:00,32171.008620013406
2024-09-29 04:00:00,36221.45662505065
2024-09-29 05:00:00,43232.00192726185
2024-09-29 06:00:00,43489.65058026833
2024-09-29 07:00:00,41082.37717740389
2024-09-29 08:00:00,38205.81824193318
2024-09-29 09:00:00,36312.14536929874
2024-09-29 10:00:00,33906.991335840976
2024-09-29 11:00:00,32794.706906466134
2024-09-29 12:00:00,31418.47704782696
2024-09-29 13:00:00,30120.49893947342
2024-09-29 14:00:00,30389.16818627877
2024-09-29 15:00:00,31870.60336935357
2024-09-29 16:00:00,35966.95894818973
2024-09-29 17:00:00,43332.90322022232
2024-09-29 18:00:00,44192.489979591686
2024-09-29 19:00:00,41790.55111955753
2024-09-29 20:00:00,38821.352985392135
2024-09-29 21:00:00,36580.04447297035
2024-09-29 22:00:00,34085.98108440726
2024-09-29 23:00:00,32892.854183906624
2024-09-30 00:00:00,31450.657903612497
2024-09-30 01:00:00,30243.063760013763
2024-09-30 02:00:00,30743.916593210375
2024-09-30 03:00:00,32260.264960208566
2024-09-30 04:00:00,36386.047383647885
2024-09-30 05:00:00,43373.49794073957
2024-09-30 06:00:00,44147.40640267673
2024-09-30 07:00:00,41709.40509014874
2024-09-30 08:00:00,38504.77055297676
2024-09-30 09:00:00,36278.68503608237
2024-09-30 10:00:00,33679.36165497894
2024-09-30 11:00:00,32379.50013277166
2024-09-30 12:00:00,30886.061692477982
2024-09-30 13:00:00,29678.619347537355
2024-09-30 14:00:00,30102.186119202768
2024-09-30 15:00:00,31557.425530526663
2024-09-30 16:00:00,35643.76255189481
2024-09-30 17:00:00,43035.25196773329
2024-09-30 18:00:00,43870.919939559935
2024-09-30 19:00:00,41582.00446498715
2024-09-30 20:00:00,38426.85559858955
2024-09-30 21:00:00,36206.082984851746
2024-09-30 22:00:00,33572.9740075196
2024-09-30 23:00:00,32006.145860970584
2024-10-01 00:00:00,30655.179229696867
2024-10-01 01:00:00,29433.836654681483
2024-10-01 02:00:00,29951.9943158781
2024-10-01 03:00:00,31475.13012195284
2024-10-01 04:00:00,35707.798983105145
2024-10-01 05:00:00,42621.411375455275
2024-10-01 06:00:00,43282.253172583376
2024-10-01 07:00:00,40395.82326012596
2024-10-01 08:00:00,37655.317460316335
2024-10-01 09:00:00,35852.11523256932
2024-10-01 10:00:00,33389.77730598617
2024-10-01 11:00:00,32010.027466353145
2024-10-01 12:00:00,30156.939826092057
2024-10-01 13:00:00,28976.018520251637
2024-10-01 14:00:00,29427.385617618187
2024-10-01 15:00:00,30943.582261856624
2024-10-01 16:00:00,34877.21198654205
2024-10-01 17:00:00,42022.57416994996
2024-10-01 18:00:00,42681.33427339059
2024-10-01 19:00:00,40527.951246497476
2024-10-01 20:00:00,37614.72267474292
2024-10-01 21:00:00,35394.77404270972
2024-10-01 22:00:00,32870.50321778091
2024-10-01 23:00:00,31855.65043213908
2024-10-02 00:00:00,30386.47774929834
2024-10-02 01:00:00,29190.203275935222
2024-10-02 02:00:00,29706.10565548462
2024-10-02 03:00:00,31226.81279579326
2024-10-02 04:00:00,35454.298858560105
2024-10-02 05:00:00,42856.4357203855
2024-10-02 06:00:00,43597.968111914466
2024-10-02 07:00:00,41137.30572599498
2024-10-02 08:00:00,37996.729324763204
2024-10-02 09:00:00,35782.96105644299
2024-10-02 10:00:00,33225.38171213558
2024-10-02 11:00:00,32183.053798749297
2024-10-02 12:00:00,30902.152116033725
2024-10-02 13:00:00,29610.766299358274
2024-10-02 14:00:00,29913.459716597845
2024-10-02 15:00:00,31193.482634572385
2024-10-02 16:00:00,35045.055453328554
2024-10-02 17:00:00,42134.36154815805
2024-10-02 18:00:00,42919.39447004509
2024-10-02 19:00:00,40626.0118459739
2024-10-02 20:00:00,37578.44335494127
2024-10-02 21:00:00,35432.26786020204
2024-10-02 22:00:00,32927.42690136389
2024-10-02 23:00:00,31749.371249777014
2024-10-03 00:00:00,30278.72392259033
2024-10-03 01:00:00,29077.613687976154
2024-10-03 02:00:00,29579.59413272134
2024-10-03 03:00:00,31091.73552073013
2024-10-03 04:00:00,35248.85317423957
2024-10-03 05:00:00,42248.72933874528
2024-10-03 06:00:00,42737.91091767019
2024-10-03 07:00:00,40089.93165279771
2024-10-03 08:00:00,37295.19111627481
2024-10-03 09:00:00,35284.569906224584
2024-10-03 10:00:00,32870.15631292623
2024-10-03 11:00:00,31730.440100210173
2024-10-03 12:00:00,30263.04555494255
2024-10-03 13:00:00,29017.437222474215
2024-10-03 14:00:00,29465.248046863122
2024-10-03 15:00:00,30809.15551715502
2024-10-03 16:00:00,34763.581417290974
2024-10-03 17:00:00,41780.11181221119
2024-10-03 18:00:00,42374.27171227889
2024-10-03 19:00:00,40376.566780322966
2024-10-03 20:00:00,37559.989217168775
2024-10-03 21:00:00,35287.64916957652
2024-10-03 22:00:00,32789.29206984694
2024-10-03 23:00:00,31439.055774466528
2024-10-04 00:00:00,30082.92818398515
2024-10-04 01:00:00,28927.40017775358
2024-10-04 02:00:00,29522.54034219865
2024-10-04 03:00:00,31037.11059547751
2024-10-04 04:00:00,35205.07072310392
2024-10-04 05:00:00,42520.70524073671
2024-10-04 06:00:00,43161.01107412517
2024-10-04 07:00:00,40588.45304223565
2024-10-04 08:00:00,37510.13493464152
2024-10-04 09:00:00,35570.61949180229
2024-10-04 10:00:00,33140.96119391008
2024-10-04 11:00:00,32112.81536198328
2024-10-04 12:00:00,30822.979417135724
2024-10-04 13:00:00,29540.506222918408
2024-10-04 14:00:00,29835.978427432878
2024-10-04 15:00:00,31081.435044653343
2024-10-04 16:00:00,34999.19130850553
2024-10-04 17:00:00,41681.83454276258
2024-10-04 18:00:00,42553.39151790879
2024-10-04 19:00:00,40643.273323064976
2024-10-04 20:00:00,37646.4698566319
2024-10-04 21:00:00,35529.37417369871
2024-10-04 22:00:00,33161.49709476264
2024-10-04 23:00:00,31892.103270507938
2024-10-05 00:00:00,30471.397051271833
2024-10-05 01:00:00,29288.524089291102
2024-10-05 02:00:00,29804.57821545406
2024-10-05 03:00:00,31341.462504989984
2024-10-05 04:00:00,35556.32775873137
2024-10-05 05:00:00,42978.37169577724
2024-10-05 06:00:00,43646.43464057478
2024-10-05 07:00:00,41312.71744264104
2024-10-05 08:00:00,38205.080886148186
2024-10-05 09:00:00,36333.28845177247
2024-10-05 10:00:00,33975.45156997829
2024-10-05 11:00:00,32771.93743303294
2024-10-05 12:00:00,31360.94618045428
2024-10-05 13:00:00,30208.627642097726
2024-10-05 14:00:00,30715.31379753581
2024-10-05 15:00:00,31403.373761493327
2024-10-05 16:00:00,35157.861973650804
2024-10-05 17:00:00,42196.489602576105
2024-10-05 18:00:00,43213.20739649916
2024-10-05 19:00:00,41197.7858148356
2024-10-05 20:00:00,38216.22711588349
2024-10-05 21:00:00,35954.88148852573
2024-10-05 22:00:00,33409.20730435669
2024-10-05 23:00:00,32385.767191796807
2024-10-06 00:00:00,30880.531989237854
2024-10-06 01:00:00,29706.39810078875
2024-10-06 02:00:00,30256.866713868054
2024-10-06 03:00:00,31696.75302272485
2024-10-06 04:00:00,35862.97835935004
2024-10-06 05:00:00,43187.54724103533
2024-10-06 06:00:00,43964.40492660871
2024-10-06 07:00:00,41479.520129808065
2024-10-06 08:00:00,38343.75784798497
2024-10-06 09:00:00,36095.98711829705
2024-10-06 10:00:00,33472.419684470085
2024-10-06 11:00:00,32205.541353573564
2024-10-06 12:00:00,30753.47833615476
2024-10-06 13:00:00,29466.668099378745
2024-10-06 14:00:00,29750.90731379018
2024-10-06 15:00:00,30826.43870114412
2024-10-06 16:00:00,34601.48445165942
2024-10-06 17:00:00,40867.901574940886
2024-10-06 18:00:00,41737.203467943844
2024-10-06 19:00:00,40405.71171065446
2024-10-06 20:00:00,37560.5747612846
2024-10-06 21:00:00,35417.89055327731
2024-10-06 22:00:00,32966.13495415579
2024-10-06 23:00:00,31775.176572766006
2024-10-07 00:00:00,30367.264683291112
2024-10-07 01:00:00,29209.156197455715
2024-10-07 02:00:00,29779.380009030614
2024-10-07 03:00:00,31296.53074191331
2024-10-07 04:00:00,35405.658941443966
2024-10-07 05:00:00,42524.67367154284
2024-10-07 06:00:00,43000.08519455688
2024-10-07 07:00:00,40659.580514176145
2024-10-07 08:00:00,37801.47571647791
2024-10-07 09:00:00,35604.665301910376
2024-10-07 10:00:00,33057.88521525933
2024-10-07 11:00:00,31869.29045050289
2024-10-07 12:00:00,30304.20404762273
2024-10-07 13:00:00,29018.34796454667
2024-10-07 14:00:00,29490.57636022628
2024-10-07 15:00:00,30755.80994789599
2024-10-07 16:00:00,34652.61822029138
2024-10-07 17:00:00,41586.33278104756
2024-10-07 18:00:00,42309.302634762185
2024-10-07 19:00:00,40527.47423470308
2024-10-07 20:00:00,37641.39545828812
2024-10-07 21:00:00,35503.26522520278
2024-10-07 22:00:00,33151.99896071647
2024-10-07 23:00:00,31943.193692568053
2024-10-08 00:00:00,30481.459022535844
2024-10-08 01:00:00,29314.286067876772
2024-10-08 02:00:00,29865.773888125892
2024-10-08 03:00:00,31334.718369114875
2024-10-08 04:00:00,35463.05970187693
2024-10-08 05:00:00,42512.65997908293
2024-10-08 06:00:00,42992.86398183179
2024-10-08 07:00:00,40582.68483418268
2024-10-08 08:00:00,37768.94789728763
2024-10-08 09:00:00,35737.72573508357
2024-10-08 10:00:00,33276.363669098355
2024-10-08 11:00:00,31977.6514610006
2024-10-08 12:00:00,30483.86604862813
2024-10-08 13:00:00,29150.129046063284
2024-10-08 14:00:00,29496.23616823757
2024-10-08 15:00:00,30725.34224994335
2024-10-08 16:00:00,34596.561999433165
2024-10-08 17:00:00,41933.209492600065
2024-10-08 18:00:00,42728.9332092147
2024-10-08 19:00:00,40581.557159747135
2024-10-08 20:00:00,37626.6278348813
2024-10-08 21:00:00,35365.60753775996
2024-10-08 22:00:00,32913.4616199878
2024-10-08 23:00:00,31955.03379923662
2024-10-09 00:00:00,30693.366924122594
2024-10-09 01:00:00,29633.29726580999
2024-10-09 02:00:00,30226.659227626344
2024-10-09 03:00:00,31782.3228550599
2024-10-09 04:00:00,35855.49700213822
2024-10-09 05:00:00,42910.38854065851
2024-10-09 06:00:00,43411.56210731384
2024-10-09 07:00:00,41076.11011837885
2024-10-09 08:00:00,38084.16418515052
2024-10-09 09:00:00,36062.37503846711
2024-10-09 10:00:00,33615.41198413609
2024-10-09 11:00:00,32590.692420167703
2024-10-09 12:00:00,31193.97004194421
2024-10-09 13:00:00,29920.21431194397
2024-10-09 14:00:00,30142.889239762437
2024-10-09 15:00:00,31660.365237825947
2024-10-09 16:00:00,35877.659224557734
2024-10-09 17:00:00,43276.23974835003
2024-10-09 18:00:00,44159.788641834035
2024-10-09 19:00:00,41781.94208790988
2024-10-09 20:00:00,38603.67677600033
2024-10-09 21:00:00,36418.3595307189
2024-10-09 22:00:00,33732.6856192605
2024-10-09 23:00:00,32383.338391582383
2024-10-10 00:00:00,30890.2252836936
2024-10-10 01:00:00,29676.320721486758
2024-10-10 02:00:00,30163.92392436288
2024-10-10 03:00:00,31680.901138678375
2024-10-10 04:00:00,35901.42626548672
2024-10-10 05:00:00,43246.48763422853
2024-10-10 06:00:00,43832.27687518189
2024-10-10 07:00:00,41089.554976333086
2024-10-10 08:00:00,38307.066439747585
2024-10-10 09:00:00,36105.87563604951
2024-10-10 10:00:00,33540.3811348594
2024-10-10 11:00:00,32258.47496667662
2024-10-10 12:00:00,30779.1102078007
2024-10-10 13:00:00,29594.80601310153
2024-10-10 14:00:00,30097.762318444697
2024-10-10 15:00:00,31613.63363244669
2024-10-10 16:00:00,35418.97362740304
2024-10-10 17:00:00,41877.84708145108
2024-10-10 18:00:00,42165.05255588927
2024-10-10 19:00:00,40436.613138885186
2024-10-10 20:00:00,37561.91923363517
2024-10-10 21:00:00,35311.91492919801
2024-10-10 22:00:00,32824.53054063638
2024-10-10 23:00:00,31487.08857501719
2024-10-11 00:00:00,30166.763158094807
2024-10-11 01:00:00,29020.971923002122
2024-10-11 02:00:00,29530.41208528532
2024-10-11 03:00:00,31098.045991382805
2024-10-11 04:00:00,35397.375174977235
2024-10-11 05:00:00,42755.81628097925
2024-10-11 06:00:00,43917.022723643815
2024-10-11 07:00:00,41557.00141897306
2024-10-11 08:00:00,38501.712929298876
2024-10-11 09:00:00,36332.42098904772
2024-10-11 10:00:00,33690.44280088496
2024-10-11 11:00:00,32543.635514911337
2024-10-11 12:00:00,31219.92724382657
2024-10-11 13:00:00,29866.218145099243
2024-10-11 14:00:00,30172.923274661098
2024-10-11 15:00:00,31786.833383658068
2024-10-11 16:00:00,35576.97212251292
2024-10-11 17:00:00,43129.90790856563
2024-10-11 18:00:00,44136.26023799756
2024-10-11 19:00:00,41750.021452509296
2024-10-11 20:00:00,38550.72152322343
2024-10-11 21:00:00,36339.38199006196
2024-10-11 22:00:00,33834.60611939001
2024-10-11 23:00:00,32944.746898121506
2024-10-12 00:00:00,31451.937331167323
2024-10-12 01:00:00,30244.993743952415
2024-10-12 02:00:00,30750.226990133324
2024-10-12 03:00:00,32269.97993554012
2024-10-12 04:00:00,36497.44432393684
2024-10-12 05:00:00,43914.956008138484
2024-10-12 06:00:00,44756.9343725511
2024-10-12 07:00:00,42086.901246267575
2024-10-12 08:00:00,39016.56326445363
2024-10-12 09:00:00,36824.15490471276
2024-10-12 10:00:00,34144.61790196937
2024-10-12 11:00:00,32841.52528956141
2024-10-12 12:00:00,31336.918960342016
2024-10-12 13:00:00,30115.728190490296
2024-10-12 14:00:00,30539.078070994383
2024-10-12 15:00:00,32005.268538632703
2024-10-12 16:00:00,36135.995207937274
2024-10-12 17:00:00,43335.093446230894
2024-10-12 18:00:00,43910.256948095026
2024-10-12 19:00:00,41738.22469024406
2024-10-12 20:00:00,38554.14775865402
2024-10-12 21:00:00,36254.310876419266
2024-10-12 22:00:00,33649.52278048989
2024-10-12 23:00:00,32344.478527121268
2024-10-13 00:00:00,30881.464438208328
2024-10-13 01:00:00,29674.824435298444
2024-10-13 02:00:00,30188.31978875559
2024-10-13 03:00:00,31625.365274017848
2024-10-13 04:00:00,35489.62408754902
2024-10-13 05:00:00,42317.23285223043
2024-10-13 06:00:00,42672.83357456028
2024-10-13 07:00:00,39900.05606836313
2024-10-13 08:00:00,37267.715856250536
2024-10-13 09:00:00,35270.25758771414
2024-10-13 10:00:00,32736.662147306397
2024-10-13 11:00:00,31549.41185490054
2024-10-13 12:00:00,30115.347603133727
2024-10-13 13:00:00,29043.979903416763
2024-10-13 14:00:00,29335.33186328743
2024-10-13 15:00:00,30550.082342797974
2024-10-13 16:00:00,33931.367964712255
2024-10-13 17:00:00,39869.90477681329
2024-10-13 18:00:00,40525.151752175705
2024-10-13 19:00:00,39821.1001348523
2024-10-13 20:00:00,37329.518712712124
2024-10-13 21:00:00,35291.11875157894
2024-10-13 22:00:00,32711.268715417747
2024-10-13 23:00:00,31468.67784887219
2024-10-14 00:00:00,30052.395367507026
2024-10-14 01:00:00,28814.39856641441
2024-10-14 02:00:00,29384.49233610523
2024-10-14 03:00:00,30954.40316352378
2024-10-14 04:00:00,35047.74453030931
2024-10-14 05:00:00,42061.737659917606
2024-10-14 06:00:00,41785.19285469829
2024-10-14 07:00:00,39519.97930036076
2024-10-14 08:00:00,37387.418256893
2024-10-14 09:00:00,35402.927702236695
2024-10-14 10:00:00,32901.361234384116
2024-10-14 11:00:00,31675.121102857225
2024-10-14 12:00:00,30290.889294439687
2024-10-14 13:00:00,29015.832538412684
2024-10-14 14:00:00,29395.50832878943
2024-10-14 15:00:00,30821.234195860612
2024-10-14 16:00:00,34543.25970952179
2024-10-14 17:00:00,41701.58974125804
2024-10-14 18:00:00,43210.30165171446
2024-10-14 19:00:00,41143.616196647774
2024-10-14 20:00:00,38097.543922410805
2024-10-14 21:00:00,35938.46576509285
2024-10-14 22:00:00,33585.269551364254
2024-10-14 23:00:00,32566.968790866034
2024-10-15 00:00:00,31244.691752499708
2024-10-15 01:00:00,30158.122779333073
2024-10-15 02:00:00,30685.843593349382
2024-10-15 03:00:00,32210.584137698686
2024-10-15 04:00:00,36363.32128280896
2024-10-15 05:00:00,43261.97090652244
2024-10-15 06:00:00,44017.70715146448
2024-10-15 07:00:00,41496.54303486215
2024-10-15 08:00:00,38406.62325818819
2024-10-15 09:00:00,36471.921999813276
2024-10-15 10:00:00,34015.98121967825
2024-10-15 11:00:00,32878.58531388849
2024-10-15 12:00:00,31418.780640806053
2024-10-15 13:00:00,30179.157437911323
2024-10-15 14:00:00,30514.812313541388
2024-10-15 15:00:00,31727.806230097067
2024-10-15 16:00:00,35925.67031821035
2024-10-15 17:00:00,43313.10461009894
2024-10-15 18:00:00,44193.89950541191
2024-10-15 19:00:00,41797.46870894409
2024-10-15 20:00:00,38617.27344779227
2024-10-15 21:00:00,36378.74063827106
2024-10-15 22:00:00,33815.69660949701
2024-10-15 23:00:00,32669.06279438312
2024-10-16 00:00:00,31255.20907636752
2024-10-16 01:00:00,30074.309429717618
2024-10-16 02:00:00,30653.46756848014
2024-10-16 03:00:00,32099.772700323832
2024-10-16 04:00:00,36027.28722752918
2024-10-16 05:00:00,43347.23711335055
2024-10-16 06:00:00,44137.10592660001
2024-10-16 07:00:00,41712.20243489176
2024-10-16 08:00:00,38521.31638118091
2024-10-16 09:00:00,36281.35234110978
2024-10-16 10:00:00,33622.52473176384
2024-10-16 11:00:00,32314.422789661636
2024-10-16 12:00:00,30789.736014114027
2024-10-16 13:00:00,29543.477086228497
2024-10-16 14:00:00,29716.059159482815
2024-10-16 15:00:00,30762.25052331979
2024-10-16 16:00:00,34559.371805279196
2024-10-16 17:00:00,41112.445762983654
2024-10-16 18:00:00,42018.13523921315
2024-10-16 19:00:00,40476.44886611277
2024-10-16 20:00:00,37593.449485329445
2024-10-16 21:00:00,35462.84395602783
2024-10-16 22:00:00,32915.00131780359
2024-10-16 23:00:00,31635.111857062417
2024-10-17 00:00:00,30138.74590003045
2024-10-17 01:00:00,28905.433046351158
2024-10-17 02:00:00,29468.739335763534
2024-10-17 03:00:00,30948.179518294655
2024-10-17 04:00:00,35131.492813443794
2024-10-17 05:00:00,42314.912519281905
2024-10-17 06:00:00,42361.54250321145
2024-10-17 07:00:00,39849.76792110961
2024-10-17 08:00:00,37380.110351024196
2024-10-17 09:00:00,35354.33119891651
2024-10-17 10:00:00,32865.060207684466
2024-10-17 11:00:00,31602.584037872144
2024-10-17 12:00:00,30154.272453840545
2024-10-17 13:00:00,28930.327761716024
2024-10-17 14:00:00,29379.743270166437
2024-10-17 15:00:00,30590.6554236421
2024-10-17 16:00:00,34333.41186194851
2024-10-17 17:00:00,40981.966006749724
2024-10-17 18:00:00,42478.03540345119
2024-10-17 19:00:00,40707.04947534056
2024-10-17 20:00:00,37609.36649006996
2024-10-17 21:00:00,35394.795747439166
2024-10-17 22:00:00,32861.178602301916
2024-10-17 23:00:00,31536.791043706547
2024-10-18 00:00:00,30109.015425583075
2024-10-18 01:00:00,28951.557537333392
2024-10-18 02:00:00,29527.11588957029
2024-10-18 03:00:00,31034.746848732982
2024-10-18 04:00:00,35254.44786372548
2024-10-18 05:00:00,42621.021056804886
2024-10-18 06:00:00,43298.3652705095
2024-10-18 07:00:00,40927.479717599614
2024-10-18 08:00:00,37807.764480232574
2024-10-18 09:00:00,35629.21297797231
2024-10-18 10:00:00,33059.33808765164
2024-10-18 11:00:00,31874.79851190061
2024-10-18 12:00:00,30465.932401501617
2024-10-18 13:00:00,29210.63077674605
2024-10-18 14:00:00,29465.508258574013
2024-10-18 15:00:00,30675.401139824215
2024-10-18 16:00:00,34730.96690495688
2024-10-18 17:00:00,41718.30895574946
2024-10-18 18:00:00,42861.40823272028
2024-10-18 19:00:00,40812.02753409241
2024-10-18 20:00:00,37717.532210046826
2024-10-18 21:00:00,35547.87172309866
2024-10-18 22:00:00,33059.18627598245
2024-10-18 23:00:00,32070.70271560314
2024-10-19 00:00:00,30563.841124253202
2024-10-19 01:00:00,29361.10449867953
2024-10-19 02:00:00,29839.96849791276
2024-10-19 03:00:00,31297.918560835784
2024-10-19 04:00:00,35971.46947678755
2024-10-19 05:00:00,43393.51338347419
2024-10-19 06:00:00,44153.00122444254
2024-10-19 07:00:00,41596.92383717588
2024-10-19 08:00:00,38435.963348929305
2024-10-19 09:00:00,36800.56139969899
2024-10-19 10:00:00,34243.78438441116
2024-10-19 11:00:00,32944.7468981215
2024-10-19 12:00:00,31467.637425229837
2024-10-19 13:00:00,30276.372246864645
2024-10-19 14:00:00,30744.24187140234
2024-10-19 15:00:00,32179.227317830784
2024-10-19 16:00:00,35599.15605399873
2024-10-19 17:00:00,43224.672314495474
2024-10-19 18:00:00,44201.53267646147
2024-10-19 19:00:00,41829.02070006421
2024-10-19 20:00:00,38837.07476466733
2024-10-19 21:00:00,36707.07643650357
2024-10-19 22:00:00,34213.88047596892
2024-10-19 23:00:00,32946.37328908102
2024-10-20 00:00:00,31453.411925637287
2024-10-20 01:00:00,30246.12137501768
2024-10-20 02:00:00,30745.542984169937
2024-10-20 03:00:00,32262.368425849614
2024-10-20 04:00:00,36443.42645886823
2024-10-20 05:00:00,43844.1321031549
2024-10-20 06:00:00,44131.66291867217
2024-10-20 07:00:00,41744.12307246086
2024-10-20 08:00:00,38655.13580981301
2024-10-20 09:00:00,36436.48837078276
2024-10-20 10:00:00,33792.536787053876
2024-10-20 11:00:00,32536.024016063424
2024-10-20 12:00:00,30996.98157543348
2024-10-20 13:00:00,29878.01487266813
2024-10-20 14:00:00,29801.780870711216
2024-10-20 15:00:00,30808.179788836802
2024-10-20 16:00:00,34392.74257379225
2024-10-20 17:00:00,40483.5097380058
2024-10-20 18:00:00,41738.395994176804
2024-10-20 19:00:00,40300.10483060753
2024-10-20 20:00:00,37548.842987433534
2024-10-20 21:00:00,35321.781674996775
2024-10-20 22:00:00,32741.389508515753
2024-10-20 23:00:00,31498.495016463276
2024-10-21 00:00:00,30036.261562683092
2024-10-21 01:00:00,28857.942510568646
2024-10-21 02:00:00,29392.125439930664
2024-10-21 03:00:00,30918.99117416712
2024-10-21 04:00:00,35105.05853254294
2024-10-21 05:00:00,42327.5333283074
2024-10-21 06:00:00,42358.70161239276
2024-10-21 07:00:00,39742.1441991728
2024-10-21 08:00:00,37341.18536803759
2024-10-21 09:00:00,35305.799681842014
2024-10-21 10:00:00,32859.16189486027
2024-10-21 11:00:00,32409.729325911387
2024-10-21 12:00:00,30947.495904659027
2024-10-21 13:00:00,29754.777838721882
2024-10-21 14:00:00,30245.93738179981
2024-10-21 15:00:00,31691.11485438747
2024-10-21 16:00:00,34849.84525883909
2024-10-21 17:00:00,41651.7788703584
2024-10-21 18:00:00,42233.36097618878
2024-10-21 19:00:00,40533.37254969574
2024-10-21 20:00:00,37662.88558006471
2024-10-21 21:00:00,35355.43716645422
2024-10-21 22:00:00,32816.13837412788
2024-10-21 23:00:00,31637.584003848697
2024-10-22 00:00:00,30105.806057460064
2024-10-22 01:00:00,28917.446738811097
2024-10-22 02:00:00,29398.587724421028
2024-10-22 03:00:00,30874.16787618779
2024-10-22 04:00:00,35030.17942987983
2024-10-22 05:00:00,42221.297492517195
2024-10-22 06:00:00,42561.306672622726
2024-10-22 07:00:00,39762.83197891867
2024-10-22 08:00:00,37099.156740577
2024-10-22 09:00:00,35220.09967968015
2024-10-22 10:00:00,32740.7822596704
2024-10-22 11:00:00,31641.61742090047
2024-10-22 12:00:00,30205.427929370515
2024-10-22 13:00:00,29024.18129329367
2024-10-22 14:00:00,29317.723481341698
2024-10-22 15:00:00,30751.92834251338
2024-10-22 16:00:00,34306.50057142182
2024-10-22 17:00:00,40816.29092896274
2024-10-22 18:00:00,41938.52890762048
2024-10-22 19:00:00,40570.931353433756
2024-10-22 20:00:00,37539.01965326223
2024-10-22 21:00:00,35239.03095935828
2024-10-22 22:00:00,32738.527045247356
2024-10-22 23:00:00,31541.58352344138
2024-10-23 00:00:00,30156.18076340897
2024-10-23 01:00:00,28980.767586190417
2024-10-23 02:00:00,29520.436939444833
2024-10-23 03:00:00,31107.630818572696
2024-10-23 04:00:00,35199.41091509274
2024-10-23 05:00:00,42291.86125951962
2024-10-23 06:00:00,42490.48269390939
2024-10-23 07:00:00,39702.65551341667
2024-10-23 08:00:00,37278.862088154245
2024-10-23 09:00:00,35255.403268995105
2024-10-23 10:00:00,32740.19684783435
2024-10-23 11:00:00,31586.88396549485
2024-10-23 12:00:00,30171.707449498856
2024-10-23 13:00:00,28925.621975124886
2024-10-23 14:00:00,29196.503222061234
2024-10-23 15:00:00,30505.497551800054
2024-10-23 16:00:00,34497.35215090275
2024-10-23 17:00:00,41671.62062754937
2024-10-23 18:00:00,42937.9787125886
2024-10-23 19:00:00,40815.020102131995
2024-10-23 20:00:00,37661.4976939181
2024-10-23 21:00:00,35449.63773733481
2024-10-23 22:00:00,32892.88237256342
2024-10-23 23:00:00,31610.108743824378
2024-10-24 00:00:00,30124.108381394828
2024-10-24 01:00:00,28954.701919210704
2024-10-24 02:00:00,29407.99903304369
2024-10-24 03:00:00,30895.224133237967
2024-10-24 04:00:00,34965.77432186083
2024-10-24 05:00:00,42152.44694189778
2024-10-24 06:00:00,42782.79933634371
2024-10-24 07:00:00,39941.34453353474
2024-10-24 08:00:00,37195.330605103205
2024-10-24 09:00:00,35154.003192287426
2024-10-24 10:00:00,32726.03634099307
2024-10-24 11:00:00,31633.09514962079
2024-10-24 12:00:00,30187.038912292042
2024-10-24 13:00:00,28909.726809562177
2024-10-24 14:00:00,29137.34589650489
2024-10-24 15:00:00,30352.31317609885
2024-10-24 16:00:00,33928.158594420674
2024-10-24 17:00:00,40237.360865901384
2024-10-24 18:00:00,41794.365656339614
2024-10-24 19:00:00,40373.74772868197
2024-10-24 20:00:00,37294.67056057328
2024-10-24 21:00:00,35060.01942365879
2024-10-24 22:00:00,32507.64451524212
2024-10-24 23:00:00,31079.493267642818
2024-10-25 00:00:00,29677.935128168265
2024-10-25 01:00:00,28513.537943633877
2024-10-25 02:00:00,29000.317032525614
2024-10-25 03:00:00,30551.62204061375
2024-10-25 04:00:00,34767.76664818029
2024-10-25 05:00:00,42071.56112420024
2024-10-25 06:00:00,42750.92204534648
2024-10-25 07:00:00,40338.94298817061
2024-10-25 08:00:00,37273.78782209029
2024-10-25 09:00:00,35263.20989355627
2024-10-25 10:00:00,32926.8413594165
2024-10-25 11:00:00,31838.93115259197
2024-10-25 12:00:00,30427.658013932192
2024-10-25 13:00:00,29199.527958638366
2024-10-25 14:00:00,29426.648394112894
2024-10-25 15:00:00,30634.13424927084
2024-10-25 16:00:00,34461.831761504356
2024-10-25 17:00:00,41473.41799513173
2024-10-25 18:00:00,42863.6851518728
2024-10-25 19:00:00,40816.55979994779
2024-10-25 20:00:00,37739.88979021116
2024-10-25 21:00:00,35487.93376457808
2024-10-25 22:00:00,33005.29857423508
2024-10-25 23:00:00,31452.54404621677
2024-10-26 00:00:00,30092.599704318734
2024-10-26 01:00:00,28942.449719769338
2024-10-26 02:00:00,29413.702254850992
2024-10-26 03:00:00,30976.803892924567
2024-10-26 04:00:00,35221.11770250447
2024-10-26 05:00:00,42537.16437579726
2024-10-26 06:00:00,43341.25868430222
2024-10-26 07:00:00,40952.76461716679
2024-10-26 08:00:00,37811.23406223504
2024-10-26 09:00:00,35827.8928867439
2024-10-26 10:00:00,33359.67828484182
2024-10-26 11:00:00,32257.065440856168
2024-10-26 12:00:00,30804.72043760427
2024-10-26 13:00:00,29596.6275644706
2024-10-26 14:00:00,29703.32995041562
2024-10-26 15:00:00,30628.58284130126
2024-10-26 16:00:00,34589.90462392581
2024-10-26 17:00:00,41515.183736657236
2024-10-26 18:00:00,42427.053446488404
2024-10-26 19:00:00,40266.38421845606
2024-10-26 20:00:00,37264.81011146597
2024-10-26 21:00:00,35101.199753348264
2024-10-26 22:00:00,32465.835494368905
2024-10-26 23:00:00,31532.80104045078
2024-10-27 00:00:00,29904.892506715114
2024-10-27 01:00:00,28797.63593812693
2024-10-27 02:00:00,29382.800826620234
2024-10-27 03:00:00,30976.95570459377
2024-10-27 04:00:00,35203.31422737332
2024-10-27 05:00:00,42391.87345008072
2024-10-27 06:00:00,43184.322677878365
2024-10-27 07:00:00,40273.82223126457
2024-10-27 08:00:00,37114.81353143808
2024-10-27 09:00:00,35023.69669222965
2024-10-27 10:00:00,32665.686356923856
2024-10-27 11:00:00,31354.006432777478
2024-10-27 12:00:00,29915.735113111878
2024-10-27 13:00:00,28604.268800232225
2024-10-27 14:00:00,28900.760279140675
2024-10-27 15:00:00,30298.01345097135
2024-10-27 16:00:00,34486.33602593877
2024-10-27 17:00:00,41631.52469077936
2024-10-27 18:00:00,42377.04721784381
2024-10-27 19:00:00,40013.14424056628
2024-10-27 20:00:00,37166.44601876241
2024-10-27 21:00:00,35033.25994480132
2024-10-27 22:00:00,32465.835494368905
2024-10-27 23:00:00,31287.67131046056
2024-10-28 00:00:00,29812.77376613869
2024-10-28 01:00:00,28625.867319882032
2024-10-28 02:00:00,29145.82488843687
2024-10-28 03:00:00,30673.9699743299
2024-10-28 04:00:00,34878.31795407952
2024-10-28 05:00:00,42085.59139399054
2024-10-28 06:00:00,42724.57459203764
2024-10-28 07:00:00,39826.43461262713
2024-10-28 08:00:00,36728.5565320026
2024-10-28 09:00:00,34806.04222009522
2024-10-28 10:00:00,32292.93933396811
2024-10-28 11:00:00,31117.637613328163
2024-10-28 12:00:00,29746.286962263854
2024-10-28 13:00:00,28339.774322676843
2024-10-28 14:00:00,28545.621505850857
2024-10-28 15:00:00,29475.666742023004
2024-10-28 16:00:00,33055.56728646313
2024-10-28 17:00:00,39292.42745386438
2024-10-28 18:00:00,40621.06540499094
2024-10-28 19:00:00,39081.00542285008
2024-10-28 20:00:00,36901.92970202922
2024-10-28 21:00:00,34918.284903199674
2024-10-28 22:00:00,32366.061808620732
2024-10-28 23:00:00,31277.414246011132
2024-10-29 00:00:00,29838.817726220394
2024-10-29 01:00:00,28649.00540506785
2024-10-29 02:00:00,29343.463818084983
2024-10-29 03:00:00,31176.15610401134
2024-10-29 04:00:00,35459.43824314971
2024-10-29 05:00:00,42842.18852040078
2024-10-29 06:00:00,43607.66146925752
2024-10-29 07:00:00,40765.31763344261
2024-10-29 08:00:00,37499.07539588161
2024-10-29 09:00:00,35323.60328925298
2024-10-29 10:00:00,33227.76709855402
2024-10-29 11:00:00,31987.756776667946
2024-10-29 12:00:00,30551.56728513799
2024-10-29 13:00:00,29401.395595859114
2024-10-29 14:00:00,29371.936513325483
2024-10-29 15:00:00,30633.874037559915
2024-10-29 16:00:00,34193.5422394303
2024-10-29 17:00:00,40951.82350892219
2024-10-29 18:00:00,41665.05672160927
2024-10-29 19:00:00,39798.785966315416
2024-10-29 20:00:00,37405.09175953279
2024-10-29 21:00:00,35226.2366317656
2024-10-29 22:00:00,32487.67251883162
2024-10-29 23:00:00,31330.000887035403
2024-10-30 00:00:00,29750.385365561327
2024-10-30 01:00:00,28650.046386359834
2024-10-30 02:00:00,29181.648771062384
2024-10-30 03:00:00,30727.77098293357
2024-10-30 04:00:00,35068.99601282473
2024-10-30 05:00:00,42535.516277939765
2024-10-30 06:00:00,43362.44504612359
2024-10-30 07:00:00,40774.598967405356
2024-10-30 08:00:00,37774.32578669005
2024-10-30 09:00:00,36251.405066579
2024-10-30 10:00:00,33908.72615937005
2024-10-30 11:00:00,32706.426405183734
2024-10-30 12:00:00,31251.002158096708
2024-10-30 13:00:00,29986.289157494313
2024-10-30 14:00:00,30487.467258040244
2024-10-30 15:00:00,32010.6247883612
2024-10-30 16:00:00,36243.74901946557
2024-10-30 17:00:00,43605.2911781213
2024-10-30 18:00:00,44514.23347096619
2024-10-30 19:00:00,42141.41786906202
2024-10-30 20:00:00,38973.843386576365
2024-10-30 21:00:00,36761.05093114662
2024-10-30 22:00:00,34130.695999692995
2024-10-30 23:00:00,32854.471355093585
