2023-11-01 00:00:00,28044.119164723154
2023-11-01 01:00:00,26468.130984919073
2023-11-01 02:00:00,25350.809462619407
2023-11-01 03:00:00,23309.68453527551
2023-11-01 04:00:00,21128.13442839574
2023-11-01 05:00:00,24931.208582661868
2023-11-01 06:00:00,29931.985422893365
2023-11-01 07:00:00,32807.83727156544
2023-11-01 08:00:00,32927.26263108764
2023-11-01 09:00:00,33363.987430560854
2023-11-01 10:00:00,33375.6122043377
2023-11-01 11:00:00,33693.151937231465
2023-11-01 12:00:00,33715.053056678466
2023-11-01 13:00:00,33722.311428049
2023-11-01 14:00:00,34886.167500583215
2023-11-01 15:00:00,38591.61802836577
2023-11-01 16:00:00,48502.39262569539
2023-11-01 17:00:00,58488.53873901235
2023-11-01 18:00:00,54266.14309411704
2023-11-01 19:00:00,47250.04114176632
2023-11-01 20:00:00,42305.92336400291
2023-11-01 21:00:00,38267.762167525696
2023-11-01 22:00:00,33429.454926220606
2023-11-01 23:00:00,29969.991328146887
2023-11-02 00:00:00,28115.761682140215
2023-11-02 01:00:00,26532.04092705521
2023-11-02 02:00:00,25414.024127947738
2023-11-02 03:00:00,23404.03513001602
2023-11-02 04:00:00,21189.42590020775
2023-11-02 05:00:00,24928.70306368893
2023-11-02 06:00:00,30028.537602067925
2023-11-02 07:00:00,32965.76227835341
2023-11-02 08:00:00,33096.08891294304
2023-11-02 09:00:00,33439.90124484433
2023-11-02 10:00:00,33349.968392978866
2023-11-02 11:00:00,33677.43853247283
2023-11-02 12:00:00,33708.44742060219
2023-11-02 13:00:00,33745.31274142376
2023-11-02 14:00:00,34926.251157379986
2023-11-02 15:00:00,38628.4991028648
2023-11-02 16:00:00,48517.33998048047
2023-11-02 17:00:00,58510.18504146031
2023-11-02 18:00:00,54230.41980272603
2023-11-02 19:00:00,47234.62307872261
2023-11-02 20:00:00,42301.70338596886
2023-11-02 21:00:00,38313.02146910079
2023-11-02 22:00:00,33552.818714736204
2023-11-02 23:00:00,30341.841106567535
2023-11-03 00:00:00,27774.739271715727
2023-11-03 01:00:00,26303.22570093447
2023-11-03 02:00:00,25192.496195806267
2023-11-03 03:00:00,23225.849716533536
2023-11-03 04:00:00,21091.173784819002
2023-11-03 05:00:00,25030.316527569532
2023-11-03 06:00:00,30545.356970128054
2023-11-03 07:00:00,33376.208496350766
2023-11-03 08:00:00,33515.54291609154
2023-11-03 09:00:00,33918.36050792053
2023-11-03 10:00:00,33893.280351900736
2023-11-03 11:00:00,34193.32245465853
2023-11-03 12:00:00,34152.8730606249
2023-11-03 13:00:00,34146.882496099555
2023-11-03 14:00:00,35233.35251816758
2023-11-03 15:00:00,38794.62864362753
2023-11-03 16:00:00,48741.11184255111
2023-11-03 17:00:00,58630.36857416457
2023-11-03 18:00:00,54457.70241119972
2023-11-03 19:00:00,47569.61606984578
2023-11-03 20:00:00,42802.60695277515
2023-11-03 21:00:00,38791.15097480557
2023-11-03 22:00:00,33932.07354207019
2023-11-03 23:00:00,30495.29364077997
2023-11-04 00:00:00,28191.707244010748
2023-11-04 01:00:00,26591.182540402835
2023-11-04 02:00:00,25473.80361321814
2023-11-04 03:00:00,23443.818560170374
2023-11-04 04:00:00,21266.773724659888
2023-11-04 05:00:00,25123.054615621233
2023-11-04 06:00:00,30548.150366335594
2023-11-04 07:00:00,33163.30421802831
2023-11-04 08:00:00,33262.486553645176
2023-11-04 09:00:00,33618.74245746017
2023-11-04 10:00:00,33517.27282897447
2023-11-04 11:00:00,33819.14336622923
2023-11-04 12:00:00,33878.80224197283
2023-11-04 13:00:00,33874.47123759747
2023-11-04 14:00:00,35147.98198625572
2023-11-04 15:00:00,38627.67088315928
2023-11-04 16:00:00,48474.25872586454
2023-11-04 17:00:00,58327.024053818684
2023-11-04 18:00:00,54084.41690541381
2023-11-04 19:00:00,47234.011744742456
2023-11-04 20:00:00,42381.8171213419
2023-11-04 21:00:00,38328.17769002573
2023-11-04 22:00:00,33501.63566844032
2023-11-04 23:00:00,30060.651724818956
2023-11-05 00:00:00,27761.171393219924
2023-11-05 01:00:00,26309.535909435253
2023-11-05 02:00:00,25345.04633574556
2023-11-05 03:00:00,23294.583286429468
2023-11-05 04:00:00,21132.16089573433
2023-11-05 05:00:00,25031.66782202663
2023-11-05 06:00:00,29925.847741944446
2023-11-05 07:00:00,32593.61448252923
2023-11-05 08:00:00,32734.549960577333
2023-11-05 09:00:00,33304.85656777577
2023-11-05 10:00:00,33375.13177892901
2023-11-05 11:00:00,33728.09720907792
2023-11-05 12:00:00,33722.61278016158
2023-11-05 13:00:00,33628.295304028616
2023-11-05 14:00:00,34672.409639418176
2023-11-05 15:00:00,38196.58600689624
2023-11-05 16:00:00,47915.79855189286
2023-11-05 17:00:00,57613.83232684611
2023-11-05 18:00:00,53199.54874096199
2023-11-05 19:00:00,46328.6120460045
2023-11-05 20:00:00,41694.70425282266
2023-11-05 21:00:00,37719.70765650885
2023-11-05 22:00:00,32952.15980646249
2023-11-05 23:00:00,29592.228182258255
2023-11-06 00:00:00,27408.134095801488
2023-11-06 01:00:00,25813.8963164478
2023-11-06 02:00:00,24743.683566629745
2023-11-06 03:00:00,22723.55599584367
2023-11-06 04:00:00,20542.348921542532
2023-11-06 05:00:00,24297.233093117084
2023-11-06 06:00:00,29611.118677686452
2023-11-06 07:00:00,32183.687202229168
2023-11-06 08:00:00,32287.749610299594
2023-11-06 09:00:00,32891.25041574652
2023-11-06 10:00:00,32937.019427843945
2023-11-06 11:00:00,33365.37504883533
2023-11-06 12:00:00,33407.336198088524
2023-11-06 13:00:00,33387.74324223532
2023-11-06 14:00:00,34477.129857423235
2023-11-06 15:00:00,38116.829608717286
2023-11-06 16:00:00,47900.45547614343
2023-11-06 17:00:00,57614.28757925594
2023-11-06 18:00:00,53214.4898196096
2023-11-06 19:00:00,46755.45353203777
2023-11-06 20:00:00,41959.460581336425
2023-11-06 21:00:00,37969.971450431876
2023-11-06 22:00:00,33161.68264503471
2023-11-06 23:00:00,29745.919387018344
2023-11-07 00:00:00,27502.98395300672
2023-11-07 01:00:00,25839.463815318086
2023-11-07 02:00:00,24792.217187045317
2023-11-07 03:00:00,22795.689060837463
2023-11-07 04:00:00,20589.396195486155
2023-11-07 05:00:00,24409.24331408094
2023-11-07 06:00:00,29885.877842161837
2023-11-07 07:00:00,32681.5009693724
2023-11-07 08:00:00,32639.60565106085
2023-11-07 09:00:00,33100.46558649168
2023-11-07 10:00:00,33099.47903778789
2023-11-07 11:00:00,33475.49798847242
2023-11-07 12:00:00,33521.53229635176
2023-11-07 13:00:00,33522.331836684316
2023-11-07 14:00:00,34637.086402359964
2023-11-07 15:00:00,38353.43277213948
2023-11-07 16:00:00,48202.73676466694
2023-11-07 17:00:00,58157.83075131064
2023-11-07 18:00:00,53990.76362304194
2023-11-07 19:00:00,47071.422784292125
2023-11-07 20:00:00,42182.003305628554
2023-11-07 21:00:00,38185.32746121177
2023-11-07 22:00:00,33438.91778855629
2023-11-07 23:00:00,29889.79298328628
2023-11-08 00:00:00,27573.297737410692
2023-11-08 01:00:00,25931.419586069056
2023-11-08 02:00:00,24782.237520054186
2023-11-08 03:00:00,22681.475114839308
2023-11-08 04:00:00,20511.101900426052
2023-11-08 05:00:00,24313.270098507357
2023-11-08 06:00:00,29531.391605360324
2023-11-08 07:00:00,32331.494034663057
2023-11-08 08:00:00,32459.26211578273
2023-11-08 09:00:00,32919.56673752448
2023-11-08 10:00:00,32927.66119066287
2023-11-08 11:00:00,33293.318447051344
2023-11-08 12:00:00,33357.768715108214
2023-11-08 13:00:00,33338.038933115706
2023-11-08 14:00:00,34436.54796976711
2023-11-08 15:00:00,37943.83885137742
2023-11-08 16:00:00,47726.49497520126
2023-11-08 17:00:00,57651.746411932785
2023-11-08 18:00:00,53430.69800341281
2023-11-08 19:00:00,46764.42182665038
2023-11-08 20:00:00,42000.00186012852
2023-11-08 21:00:00,38005.3392209751
2023-11-08 22:00:00,33179.44475137628
2023-11-08 23:00:00,29745.963244021776
2023-11-09 00:00:00,27579.506181634963
2023-11-09 01:00:00,26006.265566307313
2023-11-09 02:00:00,24943.50676350307
2023-11-09 03:00:00,22957.281584639582
2023-11-09 04:00:00,20792.999006183174
2023-11-09 05:00:00,24511.774311667104
2023-11-09 06:00:00,29908.328071478063
2023-11-09 07:00:00,32742.6482768315
2023-11-09 08:00:00,32878.39169798374
2023-11-09 09:00:00,33225.117283681546
2023-11-09 10:00:00,33136.80085974026
2023-11-09 11:00:00,33456.42183748867
2023-11-09 12:00:00,33501.71878271563
2023-11-09 13:00:00,33495.55659049195
2023-11-09 14:00:00,34631.641788619745
2023-11-09 15:00:00,38150.89053865333
2023-11-09 16:00:00,47785.297065339946
2023-11-09 17:00:00,57604.66571440616
2023-11-09 18:00:00,53350.83215101794
2023-11-09 19:00:00,46492.13640597893
2023-11-09 20:00:00,41664.77687668185
2023-11-09 21:00:00,37721.36267299432
2023-11-09 22:00:00,32897.917184919475
2023-11-09 23:00:00,29535.803643145257
2023-11-10 00:00:00,27320.98272905191
2023-11-10 01:00:00,25715.246745919285
2023-11-10 02:00:00,24586.09179103712
2023-11-10 03:00:00,22571.085366232954
2023-11-10 04:00:00,20434.19434649417
2023-11-10 05:00:00,24312.22204973146
2023-11-10 06:00:00,29806.49291133224
2023-11-10 07:00:00,32699.116714614873
2023-11-10 08:00:00,32792.18726687969
2023-11-10 09:00:00,33088.34130534916
2023-11-10 10:00:00,33026.48641960655
2023-11-10 11:00:00,33344.93265648784
2023-11-10 12:00:00,33379.375261778005
2023-11-10 13:00:00,33384.5260252639
2023-11-10 14:00:00,34533.18628458564
2023-11-10 15:00:00,38089.18479225017
2023-11-10 16:00:00,47837.59389970952
2023-11-10 17:00:00,57675.681316784554
2023-11-10 18:00:00,53336.81844078088
2023-11-10 19:00:00,46478.31495235246
2023-11-10 20:00:00,41655.862880191424
2023-11-10 21:00:00,37748.4220754279
2023-11-10 22:00:00,33027.98602630747
2023-11-10 23:00:00,29601.905349369023
2023-11-11 00:00:00,27297.36214910932
2023-11-11 01:00:00,25723.144573878602
2023-11-11 02:00:00,24595.771584638554
2023-11-11 03:00:00,22573.75202371028
2023-11-11 04:00:00,20425.899386619283
2023-11-11 05:00:00,24305.413327829523
2023-11-11 06:00:00,29813.73947443431
2023-11-11 07:00:00,32718.4844376762
2023-11-11 08:00:00,32843.63124626048
2023-11-11 09:00:00,33147.07967577582
2023-11-11 10:00:00,33056.21225660404
2023-11-11 11:00:00,33383.4518027812
2023-11-11 12:00:00,33375.77014972309
2023-11-11 13:00:00,33368.45039461651
2023-11-11 14:00:00,34504.910431978926
2023-11-11 15:00:00,38009.90689222883
2023-11-11 16:00:00,47738.759982699485
2023-11-11 17:00:00,57550.42046065496
2023-11-11 18:00:00,53375.87801253453
2023-11-11 19:00:00,46463.45851010111
2023-11-11 20:00:00,41616.11600036378
2023-11-11 21:00:00,37693.562838321144
2023-11-11 22:00:00,32940.74078491096
2023-11-11 23:00:00,29595.91915923946
2023-11-12 00:00:00,27279.7841451744
2023-11-12 01:00:00,25708.94141220118
2023-11-12 02:00:00,24578.97520871967
2023-11-12 03:00:00,22534.4566680802
2023-11-12 04:00:00,20397.51481401067
2023-11-12 05:00:00,24243.41004224563
2023-11-12 06:00:00,29653.00910739099
2023-11-12 07:00:00,32188.738890621087
2023-11-12 08:00:00,32202.78027548979
2023-11-12 09:00:00,32743.060582954757
2023-11-12 10:00:00,32717.007555446882
2023-11-12 11:00:00,33225.96030131797
2023-11-12 12:00:00,33321.80253825818
2023-11-12 13:00:00,33327.374700025364
2023-11-12 14:00:00,34612.31660437066
2023-11-12 15:00:00,38335.04195886755
2023-11-12 16:00:00,48237.10465182958
2023-11-12 17:00:00,58191.03393673423
2023-11-12 18:00:00,53948.1617398029
2023-11-12 19:00:00,47043.11756182866
2023-11-12 20:00:00,42198.335662418904
2023-11-12 21:00:00,38207.70516145823
2023-11-12 22:00:00,33490.97548453784
2023-11-12 23:00:00,30247.467587175506
2023-11-13 00:00:00,27892.017983001588
2023-11-13 01:00:00,26282.845967597073
2023-11-13 02:00:00,25165.740879429864
2023-11-13 03:00:00,23131.030297391757
2023-11-13 04:00:00,21000.742571650055
2023-11-13 05:00:00,24888.818774564592
2023-11-13 06:00:00,30271.779653823185
2023-11-13 07:00:00,32835.17868941785
2023-11-13 08:00:00,32931.99211280282
2023-11-13 09:00:00,33298.139798472475
2023-11-13 10:00:00,33235.43843303138
2023-11-13 11:00:00,33536.548056807434
2023-11-13 12:00:00,33518.37491778171
2023-11-13 13:00:00,33520.22678356421
2023-11-13 14:00:00,34655.93578342762
2023-11-13 15:00:00,38264.68412524009
2023-11-13 16:00:00,48117.60803899026
2023-11-13 17:00:00,58014.20264755088
2023-11-13 18:00:00,53792.240017795346
2023-11-13 19:00:00,46870.936434461284
2023-11-13 20:00:00,41944.04363100966
2023-11-13 21:00:00,37890.04078833814
2023-11-13 22:00:00,33068.355212414455
2023-11-13 23:00:00,29626.205181150293
2023-11-14 00:00:00,27397.053394824572
2023-11-14 01:00:00,25829.817547295937
2023-11-14 02:00:00,24742.651720080805
2023-11-14 03:00:00,22728.94832638267
2023-11-14 04:00:00,20557.86610235552
2023-11-14 05:00:00,24385.53129595087
2023-11-14 06:00:00,29645.172899713994
2023-11-14 07:00:00,32320.17682398897
2023-11-14 08:00:00,32391.789841996262
2023-11-14 09:00:00,32797.31626004755
2023-11-14 10:00:00,32785.08853891373
2023-11-14 11:00:00,33232.47778977759
2023-11-14 12:00:00,33266.593907558134
2023-11-14 13:00:00,33226.50982783088
2023-11-14 14:00:00,34355.95800672555
2023-11-14 15:00:00,37865.40347542996
2023-11-14 16:00:00,47724.69526147188
2023-11-14 17:00:00,57638.659507449134
2023-11-14 18:00:00,53374.91375190974
2023-11-14 19:00:00,46499.90489663211
2023-11-14 20:00:00,41685.69402825155
2023-11-14 21:00:00,37799.68893602238
2023-11-14 22:00:00,33035.72795370489
2023-11-14 23:00:00,29641.7456646489
2023-11-15 00:00:00,27349.93105202844
2023-11-15 01:00:00,25755.445248217347
2023-11-15 02:00:00,24720.61872994017
2023-11-15 03:00:00,22695.64404411002
2023-11-15 04:00:00,20491.16198755999
2023-11-15 05:00:00,24341.853081236157
2023-11-15 06:00:00,29688.244768809833
2023-11-15 07:00:00,32282.662560659108
2023-11-15 08:00:00,32378.747854562127
2023-11-15 09:00:00,32716.868270889463
2023-11-15 10:00:00,32703.082839142608
2023-11-15 11:00:00,33043.32682073504
2023-11-15 12:00:00,32981.589106261184
2023-11-15 13:00:00,32881.82932967157
2023-11-15 14:00:00,33901.854926723165
2023-11-15 15:00:00,37442.91297684082
2023-11-15 16:00:00,47321.35340532044
2023-11-15 17:00:00,57017.513863297296
2023-11-15 18:00:00,53229.62862267501
2023-11-15 19:00:00,46449.47230711977
2023-11-15 20:00:00,41556.71197878113
2023-11-15 21:00:00,37602.17647173263
2023-11-15 22:00:00,32831.69974982267
2023-11-15 23:00:00,29485.208151817584
2023-11-16 00:00:00,27121.334195977426
2023-11-16 01:00:00,25569.806334415563
2023-11-16 02:00:00,24493.251990862078
2023-11-16 03:00:00,22490.395117316217
2023-11-16 04:00:00,20335.272694371324
2023-11-16 05:00:00,24170.066174883104
2023-11-16 06:00:00,29476.384021341288
2023-11-16 07:00:00,32240.380249449874
2023-11-16 08:00:00,32247.568459441205
2023-11-16 09:00:00,32649.16828809266
2023-11-16 10:00:00,32615.544692081672
2023-11-16 11:00:00,32946.303791188795
2023-11-16 12:00:00,33015.01708586156
2023-11-16 13:00:00,33099.94200835436
2023-11-16 14:00:00,34152.61520689245
2023-11-16 15:00:00,37758.210807938915
2023-11-16 16:00:00,47544.46133880394
2023-11-16 17:00:00,57412.51087354456
2023-11-16 18:00:00,53140.588974588856
2023-11-16 19:00:00,46268.668623474536
2023-11-16 20:00:00,41473.11855071396
2023-11-16 21:00:00,37541.11202270507
2023-11-16 22:00:00,32738.876929197235
2023-11-16 23:00:00,29333.67633479678
2023-11-17 00:00:00,27071.864650393603
2023-11-17 01:00:00,25601.31502821149
2023-11-17 02:00:00,24552.548966296887
2023-11-17 03:00:00,22571.042344856927
2023-11-17 04:00:00,20491.301223699174
2023-11-17 05:00:00,24411.900018185395
2023-11-17 06:00:00,29854.973622526337
2023-11-17 07:00:00,32681.103027800076
2023-11-17 08:00:00,32717.80161268047
2023-11-17 09:00:00,33069.73664695471
2023-11-17 10:00:00,32972.436994726595
2023-11-17 11:00:00,33281.38413238526
2023-11-17 12:00:00,33291.3628839985
2023-11-17 13:00:00,33288.58952175728
2023-11-17 14:00:00,34450.853884794284
2023-11-17 15:00:00,38119.09375837518
2023-11-17 16:00:00,48003.89047302488
2023-11-17 17:00:00,57865.51393676145
2023-11-17 18:00:00,53607.65484450158
2023-11-17 19:00:00,46847.19635927867
2023-11-17 20:00:00,41978.61269907852
2023-11-17 21:00:00,38014.63668990528
2023-11-17 22:00:00,33236.49323545825
2023-11-17 23:00:00,29937.66966562475
2023-11-18 00:00:00,28098.952533288848
2023-11-18 01:00:00,26631.024504491845
2023-11-18 02:00:00,25525.48100756854
2023-11-18 03:00:00,23537.947107833475
2023-11-18 04:00:00,21423.23691796745
2023-11-18 05:00:00,25345.315237151848
2023-11-18 06:00:00,30802.139343916588
2023-11-18 07:00:00,33654.9837631552
2023-11-18 08:00:00,33619.82016722797
2023-11-18 09:00:00,33759.68068236985
2023-11-18 10:00:00,33405.71620032765
2023-11-18 11:00:00,33675.48786371409
2023-11-18 12:00:00,33665.549872966774
2023-11-18 13:00:00,33656.03582742738
2023-11-18 14:00:00,34825.16535841652
2023-11-18 15:00:00,38452.572539973014
2023-11-18 16:00:00,48164.72183629013
2023-11-18 17:00:00,57969.22602712175
2023-11-18 18:00:00,53632.74469827309
2023-11-18 19:00:00,46678.1384209638
2023-11-18 20:00:00,41914.29564869698
2023-11-18 21:00:00,37941.99767003188
2023-11-18 22:00:00,33076.73972445658
2023-11-18 23:00:00,29693.137320987284
2023-11-19 00:00:00,27549.545599748024
2023-11-19 01:00:00,25995.10329837218
2023-11-19 02:00:00,24902.76453041138
2023-11-19 03:00:00,22870.9864128856
2023-11-19 04:00:00,20705.97074442672
2023-11-19 05:00:00,24454.35328061962
2023-11-19 06:00:00,29683.36562966839
2023-11-19 07:00:00,32285.958090986875
2023-11-19 08:00:00,32426.901395461533
2023-11-19 09:00:00,32836.67304049296
2023-11-19 10:00:00,32792.51965397342
2023-11-19 11:00:00,33158.736771877804
2023-11-19 12:00:00,33195.45221065911
2023-11-19 13:00:00,33072.17180874702
2023-11-19 14:00:00,34184.72413284034
2023-11-19 15:00:00,37759.51295719151
2023-11-19 16:00:00,47496.200676487424
2023-11-19 17:00:00,57377.11715755173
2023-11-19 18:00:00,53228.87780243865
2023-11-19 19:00:00,46379.94217032979
2023-11-19 20:00:00,41561.480472437936
2023-11-19 21:00:00,37690.71222418985
2023-11-19 22:00:00,32855.031807006395
2023-11-19 23:00:00,29499.057951093844
2023-11-20 00:00:00,27165.01392398749
2023-11-20 01:00:00,25599.030762298717
2023-11-20 02:00:00,24499.615731986105
2023-11-20 03:00:00,22526.2886096938
2023-11-20 04:00:00,20364.53121957648
2023-11-20 05:00:00,24231.94093847061
2023-11-20 06:00:00,29495.52870243998
2023-11-20 07:00:00,32200.23407570194
2023-11-20 08:00:00,32250.85519653341
2023-11-20 09:00:00,32627.69697993489
2023-11-20 10:00:00,32536.602461396564
2023-11-20 11:00:00,32833.60767186444
2023-11-20 12:00:00,32781.2363222081
2023-11-20 13:00:00,32780.35645187222
2023-11-20 14:00:00,33979.78492974276
2023-11-20 15:00:00,37625.03827543019
2023-11-20 16:00:00,47443.53027039511
2023-11-20 17:00:00,57367.80050612572
2023-11-20 18:00:00,53198.4252247815
2023-11-20 19:00:00,46350.26751779175
2023-11-20 20:00:00,41503.976590545535
2023-11-20 21:00:00,37646.218110335394
2023-11-20 22:00:00,32820.374845363556
2023-11-20 23:00:00,29493.50231652906
2023-11-21 00:00:00,27219.980592393706
2023-11-21 01:00:00,25636.984063401622
2023-11-21 02:00:00,24514.90227240395
2023-11-21 03:00:00,22521.428403100446
2023-11-21 04:00:00,20410.689745511376
2023-11-21 05:00:00,24311.41782861652
2023-11-21 06:00:00,29750.389481324084
2023-11-21 07:00:00,32518.121344557363
2023-11-21 08:00:00,32773.565680711
2023-11-21 09:00:00,32959.62285126634
2023-11-21 10:00:00,33166.93029232525
2023-11-21 11:00:00,33575.76175024046
2023-11-21 12:00:00,33584.61239721538
2023-11-21 13:00:00,33529.36522944385
2023-11-21 14:00:00,34723.88854500663
2023-11-21 15:00:00,38599.89832736648
2023-11-21 16:00:00,48367.1468574688
2023-11-21 17:00:00,58204.86445944541
2023-11-21 18:00:00,54133.61520532509
2023-11-21 19:00:00,47262.43530740991
2023-11-21 20:00:00,42356.05168489218
2023-11-21 21:00:00,38343.91543734548
2023-11-21 22:00:00,33506.184837893656
2023-11-21 23:00:00,30144.278610691264
2023-11-22 00:00:00,27826.853678952015
2023-11-22 01:00:00,26266.48780768823
2023-11-22 02:00:00,25202.320293233264
2023-11-22 03:00:00,23221.983649742022
2023-11-22 04:00:00,21229.042285622934
2023-11-22 05:00:00,25023.784133465702
2023-11-22 06:00:00,30473.475543125733
2023-11-22 07:00:00,33386.83137524481
2023-11-22 08:00:00,33456.47525669356
2023-11-22 09:00:00,33765.399617243536
2023-11-22 10:00:00,33640.15441974248
2023-11-22 11:00:00,33921.14322852416
2023-11-22 12:00:00,33939.33438474047
2023-11-22 13:00:00,33810.44691666065
2023-11-22 14:00:00,34983.03211274057
2023-11-22 15:00:00,38640.42259504628
2023-11-22 16:00:00,48483.10478512448
2023-11-22 17:00:00,58227.02429905567
2023-11-22 18:00:00,54021.762003739845
2023-11-22 19:00:00,47226.75165484523
2023-11-22 20:00:00,42327.26533417665
2023-11-22 21:00:00,38566.619237317216
2023-11-22 22:00:00,33851.11745315143
2023-11-22 23:00:00,30484.770784418008
2023-11-23 00:00:00,28305.291743304853
2023-11-23 01:00:00,26705.135682594708
2023-11-23 02:00:00,25584.14380226162
2023-11-23 03:00:00,23557.680071864663
2023-11-23 04:00:00,21445.600680561984
2023-11-23 05:00:00,25039.491803892823
2023-11-23 06:00:00,30121.051698933745
2023-11-23 07:00:00,32902.177619501934
2023-11-23 08:00:00,32958.62544211203
2023-11-23 09:00:00,33288.84895374616
2023-11-23 10:00:00,33179.4311649518
2023-11-23 11:00:00,33504.97092754761
2023-11-23 12:00:00,33538.21588608792
2023-11-23 13:00:00,33539.89304210125
2023-11-23 14:00:00,34712.3696537174
2023-11-23 15:00:00,38384.09106098856
2023-11-23 16:00:00,48194.25083975148
2023-11-23 17:00:00,58129.44498658555
2023-11-23 18:00:00,53900.90735331856
2023-11-23 19:00:00,46966.11889861859
2023-11-23 20:00:00,42010.01099718352
2023-11-23 21:00:00,38043.374638003515
2023-11-23 22:00:00,33194.26995171958
2023-11-23 23:00:00,29779.22265144928
2023-11-24 00:00:00,27448.453021110075
2023-11-24 01:00:00,25878.594324737285
2023-11-24 02:00:00,24780.42698334279
2023-11-24 03:00:00,22763.189858555626
2023-11-24 04:00:00,20686.21779776216
2023-11-24 05:00:00,24571.64562934828
2023-11-24 06:00:00,29974.166746814517
2023-11-24 07:00:00,32765.404617130705
2023-11-24 08:00:00,32809.76974164945
2023-11-24 09:00:00,33142.48587810523
2023-11-24 10:00:00,33050.33943809321
2023-11-24 11:00:00,33365.632469043034
2023-11-24 12:00:00,33390.61404323972
2023-11-24 13:00:00,33407.41118710971
2023-11-24 14:00:00,34509.75196416012
2023-11-24 15:00:00,38108.23306669125
2023-11-24 16:00:00,47737.57844454413
2023-11-24 17:00:00,57586.22288296549
2023-11-24 18:00:00,53339.33942041193
2023-11-24 19:00:00,46392.09286568708
2023-11-24 20:00:00,41534.79759538517
2023-11-24 21:00:00,37592.593837120396
2023-11-24 22:00:00,32771.15360794617
2023-11-24 23:00:00,29442.138392106768
2023-11-25 00:00:00,27079.957540047268
2023-11-25 01:00:00,25525.001357902594
2023-11-25 02:00:00,24449.56800990152
2023-11-25 03:00:00,22451.41880730984
2023-11-25 04:00:00,20390.368928678305
2023-11-25 05:00:00,24316.507909707634
2023-11-25 06:00:00,29756.528727765573
2023-11-25 07:00:00,32567.982993950445
2023-11-25 08:00:00,32598.822850013188
2023-11-25 09:00:00,32857.34465644088
2023-11-25 10:00:00,32757.604275628433
2023-11-25 11:00:00,33054.80355282716
2023-11-25 12:00:00,33068.93623541616
2023-11-25 13:00:00,33103.214040930456
2023-11-25 14:00:00,34226.644603628396
2023-11-25 15:00:00,37794.49225724215
2023-11-25 16:00:00,47514.19064054743
2023-11-25 17:00:00,57355.87540360944
2023-11-25 18:00:00,53079.654744299485
2023-11-25 19:00:00,46202.319008768325
2023-11-25 20:00:00,41366.636728618054
2023-11-25 21:00:00,37506.33941816279
2023-11-25 22:00:00,32729.83676715225
2023-11-25 23:00:00,29449.508839663555
2023-11-26 00:00:00,27214.35827988553
2023-11-26 01:00:00,25658.06763980239
2023-11-26 02:00:00,24586.19977091858
2023-11-26 03:00:00,22579.11457061832
2023-11-26 04:00:00,20500.925569741234
2023-11-26 05:00:00,24367.55909392755
2023-11-26 06:00:00,29514.652357760195
2023-11-26 07:00:00,32192.30275322461
2023-11-26 08:00:00,32239.325123610222
2023-11-26 09:00:00,32610.839585703066
2023-11-26 10:00:00,32503.04006014724
2023-11-26 11:00:00,32804.45635339272
2023-11-26 12:00:00,32882.84970887161
2023-11-26 13:00:00,32893.25013141608
2023-11-26 14:00:00,34106.26512203801
2023-11-26 15:00:00,37855.216913931275
2023-11-26 16:00:00,47742.589243980736
2023-11-26 17:00:00,57596.03235013516
2023-11-26 18:00:00,53461.76874382905
2023-11-26 19:00:00,46664.414867250875
2023-11-26 20:00:00,41826.35072708854
2023-11-26 21:00:00,37851.15109032436
2023-11-26 22:00:00,33128.42517875587
2023-11-26 23:00:00,29693.812199519984
2023-11-27 00:00:00,27457.392623132935
2023-11-27 01:00:00,25924.843800889146
2023-11-27 02:00:00,24840.514961157274
2023-11-27 03:00:00,22856.21413920698
2023-11-27 04:00:00,20728.711747053323
2023-11-27 05:00:00,24534.395622846132
2023-11-27 06:00:00,29887.716453107703
2023-11-27 07:00:00,32448.643059072092
2023-11-27 08:00:00,32443.369610729318
2023-11-27 09:00:00,32627.275803867626
2023-11-27 10:00:00,32488.671667581206
2023-11-27 11:00:00,32786.11202086224
2023-11-27 12:00:00,32816.56874331382
2023-11-27 13:00:00,32788.614719437486
2023-11-27 14:00:00,33896.87180443537
2023-11-27 15:00:00,37486.186647918264
2023-11-27 16:00:00,47164.18588364677
2023-11-27 17:00:00,56819.69637559834
2023-11-27 18:00:00,52760.09678781376
2023-11-27 19:00:00,46010.56579479191
2023-11-27 20:00:00,41325.7645042251
2023-11-27 21:00:00,37469.78385563863
2023-11-27 22:00:00,32754.093587429983
2023-11-27 23:00:00,29373.65417939942
2023-11-28 00:00:00,27227.085417895378
2023-11-28 01:00:00,25650.295162505565
2023-11-28 02:00:00,24567.95248779047
2023-11-28 03:00:00,22620.897781315813
2023-11-28 04:00:00,20550.098694766195
2023-11-28 05:00:00,24368.467789710343
2023-11-28 06:00:00,29743.026312103895
2023-11-28 07:00:00,32271.239805951154
2023-11-28 08:00:00,32195.811036484858
2023-11-28 09:00:00,32578.343970322458
2023-11-28 10:00:00,32551.065978949628
2023-11-28 11:00:00,32880.17635576044
2023-11-28 12:00:00,32897.54524171426
2023-11-28 13:00:00,32848.4205144997
2023-11-28 14:00:00,33868.02161492281
2023-11-28 15:00:00,37279.87002196732
2023-11-28 16:00:00,46752.858190131345
2023-11-28 17:00:00,56137.29724922198
2023-11-28 18:00:00,51934.95567436156
2023-11-28 19:00:00,45560.32237446473
2023-11-28 20:00:00,41077.82342442235
2023-11-28 21:00:00,37316.33029709373
2023-11-28 22:00:00,32623.265286817565
2023-11-28 23:00:00,29320.12082138144
2023-11-29 00:00:00,27157.44392418304
2023-11-29 01:00:00,25547.582115509962
2023-11-29 02:00:00,24456.70159680959
2023-11-29 03:00:00,22466.972142163977
2023-11-29 04:00:00,20370.39882658674
2023-11-29 05:00:00,24259.046784348375
2023-11-29 06:00:00,29451.872610254104
2023-11-29 07:00:00,31877.19649656629
2023-11-29 08:00:00,31414.309019658725
2023-11-29 09:00:00,31519.42289814985
2023-11-29 10:00:00,31555.844503028733
2023-11-29 11:00:00,31832.781728390168
2023-11-29 12:00:00,32144.775915404047
2023-11-29 13:00:00,32200.20877203753
2023-11-29 14:00:00,33319.81374860545
2023-11-29 15:00:00,36972.72397509362
2023-11-29 16:00:00,46453.55186667777
2023-11-29 17:00:00,56004.40545524192
2023-11-29 18:00:00,51935.492155678454
2023-11-29 19:00:00,45618.01457755761
2023-11-29 20:00:00,41154.4343850712
2023-11-29 21:00:00,37385.55894069115
2023-11-29 22:00:00,32668.362954028184
2023-11-29 23:00:00,29329.067514132043
2023-11-30 00:00:00,27139.187139945076
2023-11-30 01:00:00,25572.369873496384
2023-11-30 02:00:00,24494.44952081835
2023-11-30 03:00:00,22517.744785947918
2023-11-30 04:00:00,20440.677361683593
2023-11-30 05:00:00,24313.65468132966
2023-11-30 06:00:00,29563.997943385326
2023-11-30 07:00:00,32060.600903574334
2023-11-30 08:00:00,31594.49049757619
2023-11-30 09:00:00,31683.74477431317
2023-11-30 10:00:00,31636.21922727579
2023-11-30 11:00:00,31942.25694202623
2023-11-30 12:00:00,32122.411705826453
2023-11-30 13:00:00,32362.30731537616
2023-11-30 14:00:00,33549.20306015854
2023-11-30 15:00:00,37087.53533693342
2023-11-30 16:00:00,46737.097062611596
2023-11-30 17:00:00,56335.192836792696
2023-11-30 18:00:00,52491.65294035256
2023-11-30 19:00:00,45905.05017502461
2023-11-30 20:00:00,41281.77076544314
2023-11-30 21:00:00,37469.461284331606
2023-11-30 22:00:00,32736.657832180506
2023-11-30 23:00:00,29391.218402598202
2023-12-01 00:00:00,27156.138724640787
2023-12-01 01:00:00,25572.51592947481
2023-12-01 02:00:00,24473.06773935323
2023-12-01 03:00:00,22488.324485094145
2023-12-01 04:00:00,20427.167853990424
2023-12-01 05:00:00,24373.00799391631
2023-12-01 06:00:00,29807.09440649639
2023-12-01 07:00:00,32593.79556024904
2023-12-01 08:00:00,32528.467268675584
2023-12-01 09:00:00,32745.616316711938
2023-12-01 10:00:00,32584.467664362124
2023-12-01 11:00:00,32908.27079742608
2023-12-01 12:00:00,32966.884734950036
2023-12-01 13:00:00,33039.33113930889
2023-12-01 14:00:00,34171.66864724928
2023-12-01 15:00:00,37765.56194176395
2023-12-01 16:00:00,47516.6582834883
2023-12-01 17:00:00,57296.73030589502
2023-12-01 18:00:00,53092.25782841233
2023-12-01 19:00:00,46338.06676641194
2023-12-01 20:00:00,41501.596994685126
2023-12-01 21:00:00,37583.477115617774
2023-12-01 22:00:00,32832.043725620744
2023-12-01 23:00:00,29415.934393848445
2023-12-02 00:00:00,27123.282227678363
2023-12-02 01:00:00,25574.735451171888
2023-12-02 02:00:00,24491.17831554139
2023-12-02 03:00:00,22495.704523714383
2023-12-02 04:00:00,20472.30100989655
2023-12-02 05:00:00,24450.892733314424
2023-12-02 06:00:00,29926.65392680771
2023-12-02 07:00:00,32740.61822768653
2023-12-02 08:00:00,32792.33925616524
2023-12-02 09:00:00,33058.937000484075
2023-12-02 10:00:00,32873.49714572812
2023-12-02 11:00:00,33155.44211236562
2023-12-02 12:00:00,33174.40497628066
2023-12-02 13:00:00,33200.56020709502
2023-12-02 14:00:00,34312.752239974216
2023-12-02 15:00:00,37856.39926123454
2023-12-02 16:00:00,47593.947883148954
2023-12-02 17:00:00,57468.15446782888
2023-12-02 18:00:00,53263.81546378719
2023-12-02 19:00:00,46373.18481110321
2023-12-02 20:00:00,41613.226041182636
2023-12-02 21:00:00,37748.32320317059
2023-12-02 22:00:00,32952.94200870167
2023-12-02 23:00:00,29607.600594766285
2023-12-03 00:00:00,27286.8117779818
2023-12-03 01:00:00,25721.14340092413
2023-12-03 02:00:00,24626.897131521906
2023-12-03 03:00:00,22648.489461051384
2023-12-03 04:00:00,20578.57240916557
2023-12-03 05:00:00,24456.729910055463
2023-12-03 06:00:00,29762.551123023703
2023-12-03 07:00:00,32453.937751648613
2023-12-03 08:00:00,32501.896963988464
2023-12-03 09:00:00,32769.17439025203
2023-12-03 10:00:00,32615.039200849405
2023-12-03 11:00:00,32867.1236666637
2023-12-03 12:00:00,32908.87122454611
2023-12-03 13:00:00,32846.264841577286
2023-12-03 14:00:00,34071.331359247495
2023-12-03 15:00:00,37741.726408240545
2023-12-03 16:00:00,47585.41360235062
2023-12-03 17:00:00,57460.41062526923
2023-12-03 18:00:00,53306.64217627858
2023-12-03 19:00:00,46426.405890980444
2023-12-03 20:00:00,41586.59031343932
2023-12-03 21:00:00,37684.80593049871
2023-12-03 22:00:00,32942.73021039756
2023-12-03 23:00:00,29577.72760875905
2023-12-04 00:00:00,27322.19200614533
2023-12-04 01:00:00,25743.400642875615
2023-12-04 02:00:00,24655.302705174476
2023-12-04 03:00:00,22672.567127278566
2023-12-04 04:00:00,20598.815838725877
2023-12-04 05:00:00,24477.53550491078
2023-12-04 06:00:00,29725.49546182979
2023-12-04 07:00:00,32499.758519748935
2023-12-04 08:00:00,32514.234868311705
2023-12-04 09:00:00,32806.742955517504
2023-12-04 10:00:00,32698.706332454254
2023-12-04 11:00:00,32971.700116752836
2023-12-04 12:00:00,32998.01681617403
2023-12-04 13:00:00,32988.538673209194
2023-12-04 14:00:00,34065.23674216502
2023-12-04 15:00:00,37762.51091429044
2023-12-04 16:00:00,47499.504542416
2023-12-04 17:00:00,57247.47510630209
2023-12-04 18:00:00,53043.864676589284
2023-12-04 19:00:00,46191.59567644636
2023-12-04 20:00:00,41425.38798410977
2023-12-04 21:00:00,37545.78939773335
2023-12-04 22:00:00,32813.224816812646
2023-12-04 23:00:00,29449.607721567034
2023-12-05 00:00:00,27277.72647340804
2023-12-05 01:00:00,25688.51803390099
2023-12-05 02:00:00,24581.446570900032
2023-12-05 03:00:00,22594.682878791522
2023-12-05 04:00:00,20540.653376604427
2023-12-05 05:00:00,24454.812789322845
2023-12-05 06:00:00,29744.09142181755
2023-12-05 07:00:00,32284.709881389997
2023-12-05 08:00:00,32015.540987854743
2023-12-05 09:00:00,32318.727486792526
2023-12-05 10:00:00,32368.642274635222
2023-12-05 11:00:00,32690.2381937223
2023-12-05 12:00:00,32685.21856630691
2023-12-05 13:00:00,32734.23591931257
2023-12-05 14:00:00,33914.082165977896
2023-12-05 15:00:00,37518.29631749004
2023-12-05 16:00:00,47102.188897119515
2023-12-05 17:00:00,56877.51658198376
2023-12-05 18:00:00,52837.57311814847
2023-12-05 19:00:00,46093.86634976741
2023-12-05 20:00:00,41408.5421630213
2023-12-05 21:00:00,37568.582867107405
2023-12-05 22:00:00,32860.547477230655
2023-12-05 23:00:00,29482.514801226487
2023-12-06 00:00:00,27232.02720242105
2023-12-06 01:00:00,25637.437729660225
2023-12-06 02:00:00,24536.183170167653
2023-12-06 03:00:00,22589.574950423754
2023-12-06 04:00:00,20555.926928245983
2023-12-06 05:00:00,24457.08604687884
2023-12-06 06:00:00,29642.788611930613
2023-12-06 07:00:00,32318.288712830497
2023-12-06 08:00:00,32208.672855397162
2023-12-06 09:00:00,32643.35075481381
2023-12-06 10:00:00,32543.98574461597
2023-12-06 11:00:00,32780.24821508431
2023-12-06 12:00:00,32774.47131211004
2023-12-06 13:00:00,32762.16467188311
2023-12-06 14:00:00,33938.46423067544
2023-12-06 15:00:00,37580.864876146086
2023-12-06 16:00:00,47432.21481265031
2023-12-06 17:00:00,57422.748452137705
2023-12-06 18:00:00,53334.5083824676
2023-12-06 19:00:00,46603.190845301346
2023-12-06 20:00:00,41737.25060987675
2023-12-06 21:00:00,37776.66928468795
2023-12-06 22:00:00,32982.85895322372
2023-12-06 23:00:00,29633.331704520584
2023-12-07 00:00:00,27369.51440677534
2023-12-07 01:00:00,25803.17434728266
2023-12-07 02:00:00,24711.96083101475
2023-12-07 03:00:00,22731.7510649872
2023-12-07 04:00:00,20674.88448990526
2023-12-07 05:00:00,24550.50418846004
2023-12-07 06:00:00,29838.86655270655
2023-12-07 07:00:00,32590.527478393862
2023-12-07 08:00:00,32629.91203564145
2023-12-07 09:00:00,32859.72952018268
2023-12-07 10:00:00,32719.04365661127
2023-12-07 11:00:00,33005.127282949856
2023-12-07 12:00:00,33011.94370550799
2023-12-07 13:00:00,33057.92248337481
2023-12-07 14:00:00,34218.31812807502
2023-12-07 15:00:00,37826.18720016494
2023-12-07 16:00:00,47654.587761413015
2023-12-07 17:00:00,57536.27384768323
2023-12-07 18:00:00,53347.5230409773
2023-12-07 19:00:00,46585.20553302317
2023-12-07 20:00:00,41690.084321713846
2023-12-07 21:00:00,37729.25618062016
2023-12-07 22:00:00,32927.22989173333
2023-12-07 23:00:00,29595.21773984953
2023-12-08 00:00:00,27282.500260974484
2023-12-08 01:00:00,25784.63993640196
2023-12-08 02:00:00,24736.451356393674
2023-12-08 03:00:00,22808.377193946402
2023-12-08 04:00:00,20788.365446450272
2023-12-08 05:00:00,24717.116804368827
2023-12-08 06:00:00,30110.575881528635
2023-12-08 07:00:00,32873.377998314296
2023-12-08 08:00:00,32943.07137811142
2023-12-08 09:00:00,33164.05552076507
2023-12-08 10:00:00,33034.71314231739
2023-12-08 11:00:00,33310.88908884436
2023-12-08 12:00:00,33294.65383175832
2023-12-08 13:00:00,33314.51836033018
2023-12-08 14:00:00,34520.784370031026
2023-12-08 15:00:00,38183.21351592921
2023-12-08 16:00:00,48019.69637158274
2023-12-08 17:00:00,57959.32121834573
2023-12-08 18:00:00,53802.190703867345
2023-12-08 19:00:00,46984.140890492454
2023-12-08 20:00:00,42134.58621859241
2023-12-08 21:00:00,38184.154657428335
2023-12-08 22:00:00,33426.48497323851
2023-12-08 23:00:00,30093.856467643465
2023-12-09 00:00:00,27971.321646056454
2023-12-09 01:00:00,26499.485244850144
2023-12-09 02:00:00,25482.083654907045
2023-12-09 03:00:00,23564.575649885315
2023-12-09 04:00:00,21474.826809577527
2023-12-09 05:00:00,25342.045822007083
2023-12-09 06:00:00,30700.848621079298
2023-12-09 07:00:00,33331.791462157176
2023-12-09 08:00:00,33215.352271735
2023-12-09 09:00:00,33453.39203450686
2023-12-09 10:00:00,33295.04296217504
2023-12-09 11:00:00,33544.72954247123
2023-12-09 12:00:00,33562.8272084194
2023-12-09 13:00:00,33554.32271112219
2023-12-09 14:00:00,34696.847697739344
2023-12-09 15:00:00,38264.65693258437
2023-12-09 16:00:00,48009.47445882453
2023-12-09 17:00:00,57935.763609380854
2023-12-09 18:00:00,53705.916952074025
2023-12-09 19:00:00,46853.39115964692
2023-12-09 20:00:00,41979.70526647227
2023-12-09 21:00:00,37995.2896668354
2023-12-09 22:00:00,33189.05166682969
2023-12-09 23:00:00,29837.314606741984
2023-12-10 00:00:00,27964.601358643493
2023-12-10 01:00:00,26299.084026368808
2023-12-10 02:00:00,25115.661046285095
2023-12-10 03:00:00,23140.32932955479
2023-12-10 04:00:00,21086.9955099393
2023-12-10 05:00:00,25127.82556438545
2023-12-10 06:00:00,30140.156678105162
2023-12-10 07:00:00,32780.78541280404
2023-12-10 08:00:00,32801.81791283604
2023-12-10 09:00:00,33089.868226557744
2023-12-10 10:00:00,33003.51054816205
2023-12-10 11:00:00,33308.2969585609
2023-12-10 12:00:00,33313.32624685211
2023-12-10 13:00:00,33317.600506519695
2023-12-10 14:00:00,34438.07365064814
2023-12-10 15:00:00,38035.23297181195
2023-12-10 16:00:00,47719.206431528895
2023-12-10 17:00:00,57503.92217609927
2023-12-10 18:00:00,53282.04445591389
2023-12-10 19:00:00,46394.49993675575
2023-12-10 20:00:00,41573.895911253516
2023-12-10 21:00:00,37746.2599512221
2023-12-10 22:00:00,32982.13704522857
2023-12-10 23:00:00,29640.41142807517
2023-12-11 00:00:00,27365.33622253907
2023-12-11 01:00:00,25768.974402173837
2023-12-11 02:00:00,24675.976971018332
2023-12-11 03:00:00,22694.17627616343
2023-12-11 04:00:00,20627.0124645554
2023-12-11 05:00:00,24565.626649231097
2023-12-11 06:00:00,29778.899900880937
2023-12-11 07:00:00,32451.406116671293
2023-12-11 08:00:00,32262.298452514104
2023-12-11 09:00:00,32714.376659821133
2023-12-11 10:00:00,32594.42851290094
2023-12-11 11:00:00,32946.03168283843
2023-12-11 12:00:00,32916.34418394245
2023-12-11 13:00:00,32876.569594254244
2023-12-11 14:00:00,34085.610342786116
2023-12-11 15:00:00,37759.311810232364
2023-12-11 16:00:00,47577.477100506534
2023-12-11 17:00:00,57574.15628503262
2023-12-11 18:00:00,53473.014751988805
2023-12-11 19:00:00,46694.5944464121
2023-12-11 20:00:00,41816.54274432028
2023-12-11 21:00:00,37869.30362989685
2023-12-11 22:00:00,33129.01387312597
2023-12-11 23:00:00,29745.868203610116
2023-12-12 00:00:00,27509.162912531236
2023-12-12 01:00:00,25929.052252731668
2023-12-12 02:00:00,24812.25285558841
2023-12-12 03:00:00,22844.03738102727
2023-12-12 04:00:00,20791.425639801924
2023-12-12 05:00:00,24727.121566200378
2023-12-12 06:00:00,30057.960758061843
2023-12-12 07:00:00,32667.061408257672
2023-12-12 08:00:00,32797.802659290704
2023-12-12 09:00:00,33034.21462245355
2023-12-12 10:00:00,32925.52263437729
2023-12-12 11:00:00,33201.537729822514
2023-12-12 12:00:00,33216.16663046428
2023-12-12 13:00:00,33148.685225217436
2023-12-12 14:00:00,34299.368136245306
2023-12-12 15:00:00,37875.17510780671
2023-12-12 16:00:00,47697.521467251456
2023-12-12 17:00:00,57572.80444615885
2023-12-12 18:00:00,53456.2211843876
2023-12-12 19:00:00,46598.714863977126
2023-12-12 20:00:00,41764.22699028079
2023-12-12 21:00:00,37837.13858255447
2023-12-12 22:00:00,33028.22310036179
2023-12-12 23:00:00,29671.128864157698
2023-12-13 00:00:00,27488.728964981008
2023-12-13 01:00:00,25893.8242917658
2023-12-13 02:00:00,24776.449869306114
2023-12-13 03:00:00,22783.918458595923
2023-12-13 04:00:00,20730.61247730878
2023-12-13 05:00:00,24656.77435968757
2023-12-13 06:00:00,29892.331755653704
2023-12-13 07:00:00,32475.16209117885
2023-12-13 08:00:00,32443.076411657108
2023-12-13 09:00:00,32795.2138853316
2023-12-13 10:00:00,32635.884401379037
2023-12-13 11:00:00,32895.59044320181
2023-12-13 12:00:00,32969.10389960029
2023-12-13 13:00:00,32910.718843023
2023-12-13 14:00:00,34075.22177161872
2023-12-13 15:00:00,37631.731934492964
2023-12-13 16:00:00,47437.40931446734
2023-12-13 17:00:00,57364.24651182673
2023-12-13 18:00:00,53222.44790468167
2023-12-13 19:00:00,46461.9453370336
2023-12-13 20:00:00,41691.97776970227
2023-12-13 21:00:00,37776.304727432165
2023-12-13 22:00:00,33004.67631127562
2023-12-13 23:00:00,29657.486400479156
2023-12-14 00:00:00,27391.9671279327
2023-12-14 01:00:00,25821.732024307534
2023-12-14 02:00:00,24746.237862356873
2023-12-14 03:00:00,22795.523480389376
2023-12-14 04:00:00,20782.999880212363
2023-12-14 05:00:00,24690.455980155355
2023-12-14 06:00:00,29927.235528191533
2023-12-14 07:00:00,32621.792705449592
2023-12-14 08:00:00,32548.29412559431
2023-12-14 09:00:00,32880.943318271326
2023-12-14 10:00:00,32817.36177911642
2023-12-14 11:00:00,33168.83758563303
2023-12-14 12:00:00,33252.586463289816
2023-12-14 13:00:00,33306.05428666757
2023-12-14 14:00:00,34496.14911975448
2023-12-14 15:00:00,38109.93071815345
2023-12-14 16:00:00,47797.59790670674
2023-12-14 17:00:00,57750.44769537014
2023-12-14 18:00:00,53678.26572484707
2023-12-14 19:00:00,46846.74721522286
2023-12-14 20:00:00,41978.753165258495
2023-12-14 21:00:00,38004.85812898424
2023-12-14 22:00:00,33253.70812485151
2023-12-14 23:00:00,29839.072898800237
2023-12-15 00:00:00,27657.29454675989
2023-12-15 01:00:00,26060.16269485903
2023-12-15 02:00:00,24993.71438773594
2023-12-15 03:00:00,23046.269344163782
2023-12-15 04:00:00,21062.619376460767
2023-12-15 05:00:00,25010.97805855471
2023-12-15 06:00:00,30388.420083895875
2023-12-15 07:00:00,33174.39491131755
2023-12-15 08:00:00,33235.78622205484
2023-12-15 09:00:00,33519.932513417945
2023-12-15 10:00:00,33335.34163631618
2023-12-15 11:00:00,33663.007609290995
2023-12-15 12:00:00,33627.53591258826
2023-12-15 13:00:00,33618.79499540396
2023-12-15 14:00:00,34866.413963674335
2023-12-15 15:00:00,38486.00712406295
2023-12-15 16:00:00,48186.03944153754
2023-12-15 17:00:00,58093.281520066455
2023-12-15 18:00:00,53943.53330458207
2023-12-15 19:00:00,47061.39828713155
2023-12-15 20:00:00,42236.61993518203
2023-12-15 21:00:00,38241.861285560284
2023-12-15 22:00:00,33526.989443170554
2023-12-15 23:00:00,30023.394932278723
2023-12-16 00:00:00,27852.563255713903
2023-12-16 01:00:00,26275.81585657796
2023-12-16 02:00:00,25168.094814137283
2023-12-16 03:00:00,23340.701093927582
2023-12-16 04:00:00,21345.25637377082
2023-12-16 05:00:00,25275.674186617078
2023-12-16 06:00:00,30588.67355245452
2023-12-16 07:00:00,33364.498893747186
2023-12-16 08:00:00,33470.111740002525
2023-12-16 09:00:00,33739.26626114269
2023-12-16 10:00:00,33601.21897860039
2023-12-16 11:00:00,33883.457037845765
2023-12-16 12:00:00,33912.68915139832
2023-12-16 13:00:00,33924.90697572033
2023-12-16 14:00:00,35092.641126530085
2023-12-16 15:00:00,38692.158466132794
2023-12-16 16:00:00,48385.96088749708
2023-12-16 17:00:00,58210.14698812377
2023-12-16 18:00:00,54056.37653901497
2023-12-16 19:00:00,47181.35336893537
2023-12-16 20:00:00,42295.54525909486
2023-12-16 21:00:00,38352.656007537524
2023-12-16 22:00:00,33561.75890482899
2023-12-16 23:00:00,30083.972775090413
2023-12-17 00:00:00,27769.509527111313
2023-12-17 01:00:00,26184.2512318046
2023-12-17 02:00:00,25094.084572635424
2023-12-17 03:00:00,23117.094254953976
2023-12-17 04:00:00,21060.406574203666
2023-12-17 05:00:00,24958.901116698864
2023-12-17 06:00:00,30323.430337636197
2023-12-17 07:00:00,33086.4468104958
2023-12-17 08:00:00,33134.157102730715
2023-12-17 09:00:00,33446.48647435675
2023-12-17 10:00:00,33248.63404358819
2023-12-17 11:00:00,33564.56799375616
2023-12-17 12:00:00,33519.756927074304
2023-12-17 13:00:00,33489.50596112406
2023-12-17 14:00:00,34702.09140718307
2023-12-17 15:00:00,38329.732268433094
2023-12-17 16:00:00,48103.811462641774
2023-12-17 17:00:00,57999.17467168167
2023-12-17 18:00:00,53942.798846238344
2023-12-17 19:00:00,47053.58300610636
2023-12-17 20:00:00,42272.85330476561
2023-12-17 21:00:00,38344.173014750166
2023-12-17 22:00:00,33647.92907984506
2023-12-17 23:00:00,30116.737465036484
2023-12-18 00:00:00,27980.441604229116
2023-12-18 01:00:00,26322.011658914667
2023-12-18 02:00:00,25216.354571803146
2023-12-18 03:00:00,23183.442724115495
2023-12-18 04:00:00,21180.06803714801
2023-12-18 05:00:00,25016.465403005906
2023-12-18 06:00:00,30353.989316333682
2023-12-18 07:00:00,33060.028979120965
2023-12-18 08:00:00,32893.29005363109
2023-12-18 09:00:00,33345.40249048533
2023-12-18 10:00:00,33194.98207677204
2023-12-18 11:00:00,33423.018688335476
2023-12-18 12:00:00,33446.27971359053
2023-12-18 13:00:00,33449.75171358633
2023-12-18 14:00:00,34551.19778501791
2023-12-18 15:00:00,38223.5453897599
2023-12-18 16:00:00,47977.37188844686
2023-12-18 17:00:00,57800.340000848904
2023-12-18 18:00:00,53613.86516092367
2023-12-18 19:00:00,47162.327281304715
2023-12-18 20:00:00,42161.207502032965
2023-12-18 21:00:00,38140.371058238394
2023-12-18 22:00:00,33380.44311126146
2023-12-18 23:00:00,30003.04184970738
2023-12-19 00:00:00,27892.003865077542
2023-12-19 01:00:00,26214.373499655998
2023-12-19 02:00:00,25139.184045548274
2023-12-19 03:00:00,23227.11767919335
2023-12-19 04:00:00,21310.579627008192
2023-12-19 05:00:00,25189.875248829416
2023-12-19 06:00:00,30512.46745497227
2023-12-19 07:00:00,33182.44393336983
2023-12-19 08:00:00,33218.596111656225
2023-12-19 09:00:00,33507.334816119575
2023-12-19 10:00:00,33306.7475226327
2023-12-19 11:00:00,33616.22861295013
2023-12-19 12:00:00,33604.219372660235
2023-12-19 13:00:00,33605.91975843755
2023-12-19 14:00:00,34701.20798548092
2023-12-19 15:00:00,38305.38924530785
2023-12-19 16:00:00,48034.259323992555
2023-12-19 17:00:00,57870.55619479739
2023-12-19 18:00:00,53756.48665247921
2023-12-19 19:00:00,46951.09346436048
2023-12-19 20:00:00,42085.088051119325
2023-12-19 21:00:00,38110.94736794463
2023-12-19 22:00:00,33374.98200128847
2023-12-19 23:00:00,30074.983553778973
2023-12-20 00:00:00,27869.3682697078
2023-12-20 01:00:00,26347.335729054706
2023-12-20 02:00:00,25426.342145634684
2023-12-20 03:00:00,23577.856395027135
2023-12-20 04:00:00,21670.698770316056
2023-12-20 05:00:00,25644.14206952621
2023-12-20 06:00:00,30775.50222124251
2023-12-20 07:00:00,33338.276970818406
2023-12-20 08:00:00,33376.39369966391
2023-12-20 09:00:00,33787.6879661133
2023-12-20 10:00:00,33665.60915986396
2023-12-20 11:00:00,34022.2280796642
2023-12-20 12:00:00,34034.03200753171
2023-12-20 13:00:00,34153.4349591376
2023-12-20 14:00:00,35329.25090024534
2023-12-20 15:00:00,38878.49637932476
2023-12-20 16:00:00,48634.98531028614
2023-12-20 17:00:00,58339.58043409615
2023-12-20 18:00:00,54149.049575835525
2023-12-20 19:00:00,47171.85933657629
2023-12-20 20:00:00,42367.55726466903
2023-12-20 21:00:00,38473.87768288897
2023-12-20 22:00:00,33740.99213079859
2023-12-20 23:00:00,30471.74588278145
2023-12-21 00:00:00,28367.849838818223
2023-12-21 01:00:00,26767.247708886945
2023-12-21 02:00:00,25664.172621880378
2023-12-21 03:00:00,23685.991553766624
2023-12-21 04:00:00,21681.502242772433
2023-12-21 05:00:00,25658.077395371853
2023-12-21 06:00:00,31040.412480637224
2023-12-21 07:00:00,33492.85994169949
2023-12-21 08:00:00,33482.36821398141
2023-12-21 09:00:00,33806.93265256678
2023-12-21 10:00:00,33753.485780263974
2023-12-21 11:00:00,34019.172335207986
2023-12-21 12:00:00,33996.2630260911
2023-12-21 13:00:00,33997.29234356113
2023-12-21 14:00:00,35121.00779953059
2023-12-21 15:00:00,38679.43776489631
2023-12-21 16:00:00,48341.9235967876
2023-12-21 17:00:00,58242.01447217547
2023-12-21 18:00:00,54018.87447276426
2023-12-21 19:00:00,47257.62348317163
2023-12-21 20:00:00,42547.87296163046
2023-12-21 21:00:00,38557.97603064147
2023-12-21 22:00:00,33722.61696026604
2023-12-21 23:00:00,30490.511705093286
2023-12-22 00:00:00,28258.782809645167
2023-12-22 01:00:00,26719.71123115412
2023-12-22 02:00:00,25664.692339111338
2023-12-22 03:00:00,23687.985337967555
2023-12-22 04:00:00,21686.69376916199
2023-12-22 05:00:00,25665.948815602213
2023-12-22 06:00:00,31054.795033635444
2023-12-22 07:00:00,33768.598471200436
2023-12-22 08:00:00,33706.07130482155
2023-12-22 09:00:00,33736.07874641305
2023-12-22 10:00:00,33583.24637272964
2023-12-22 11:00:00,33797.675440782776
2023-12-22 12:00:00,33763.38575833303
2023-12-22 13:00:00,33720.459236949784
2023-12-22 14:00:00,34855.547464587966
2023-12-22 15:00:00,38455.440425754794
2023-12-22 16:00:00,48159.004161990866
2023-12-22 17:00:00,57950.60740348426
2023-12-22 18:00:00,53831.935357292954
2023-12-22 19:00:00,47017.68164432461
2023-12-22 20:00:00,42219.88079568996
2023-12-22 21:00:00,38248.11326593494
2023-12-22 22:00:00,33489.60361213193
2023-12-22 23:00:00,30137.12919638024
2023-12-23 00:00:00,27784.858537007778
2023-12-23 01:00:00,26442.72705731768
2023-12-23 02:00:00,25342.283565530222
2023-12-23 03:00:00,23371.740281158436
2023-12-23 04:00:00,21372.20133504565
2023-12-23 05:00:00,25337.10199983933
2023-12-23 06:00:00,30714.615690864233
2023-12-23 07:00:00,33539.93432370141
2023-12-23 08:00:00,33650.9553476689
2023-12-23 09:00:00,34073.76876531243
2023-12-23 10:00:00,34026.56812277604
2023-12-23 11:00:00,34310.44704484214
2023-12-23 12:00:00,34292.00365535408
2023-12-23 13:00:00,34275.97601391223
2023-12-23 14:00:00,35438.67391350652
2023-12-23 15:00:00,39052.33849370758
2023-12-23 16:00:00,48790.803012320735
2023-12-23 17:00:00,58526.26746080006
2023-12-23 18:00:00,54535.710046213884
2023-12-23 19:00:00,47689.2138181076
2023-12-23 20:00:00,42818.60616988364
2023-12-23 21:00:00,38841.54466068681
2023-12-23 22:00:00,34063.59193402996
2023-12-23 23:00:00,30628.227114367386
2023-12-24 00:00:00,28402.2248840651
2023-12-24 01:00:00,26808.348242184762
2023-12-24 02:00:00,25746.20326607299
2023-12-24 03:00:00,23792.707340078938
2023-12-24 04:00:00,21777.76553410063
2023-12-24 05:00:00,25720.237673454456
2023-12-24 06:00:00,31099.665180080658
2023-12-24 07:00:00,33876.510403315355
2023-12-24 08:00:00,33934.355015612695
2023-12-24 09:00:00,34209.23783717523
2023-12-24 10:00:00,34048.86711937354
2023-12-24 11:00:00,34309.302355336
2023-12-24 12:00:00,34290.10824486675
2023-12-24 13:00:00,34274.53522317529
2023-12-24 14:00:00,35435.4670295865
2023-12-24 15:00:00,38993.417666614536
2023-12-24 16:00:00,48402.16908267454
2023-12-24 17:00:00,58260.8343560732
2023-12-24 18:00:00,54137.32740842554
2023-12-24 19:00:00,47306.56014009914
2023-12-24 20:00:00,42441.72677698283
2023-12-24 21:00:00,38457.79204391017
2023-12-24 22:00:00,33674.42206155421
2023-12-24 23:00:00,30251.976946754214
2023-12-25 00:00:00,28111.68151066519
2023-12-25 01:00:00,26579.890918954952
2023-12-25 02:00:00,25496.19435229802
2023-12-25 03:00:00,23579.589563965008
2023-12-25 04:00:00,21686.98308593554
2023-12-25 05:00:00,25693.335066164123
2023-12-25 06:00:00,31058.65182487702
2023-12-25 07:00:00,33715.64448510642
2023-12-25 08:00:00,33500.172909380824
2023-12-25 09:00:00,33641.48316494473
2023-12-25 10:00:00,33502.10509691353
2023-12-25 11:00:00,34028.37843664866
2023-12-25 12:00:00,34177.12871586961
2023-12-25 13:00:00,34094.76418796843
2023-12-25 14:00:00,35131.07368991469
2023-12-25 15:00:00,38762.00096711019
2023-12-25 16:00:00,48256.09551393282
2023-12-25 17:00:00,58092.23952788185
2023-12-25 18:00:00,53955.390769281345
2023-12-25 19:00:00,47101.232806076805
2023-12-25 20:00:00,42261.44636088563
2023-12-25 21:00:00,38346.30306322492
2023-12-25 22:00:00,33540.81250434084
2023-12-25 23:00:00,30031.972956091533
2023-12-26 00:00:00,27913.941134888093
2023-12-26 01:00:00,26193.065887382927
2023-12-26 02:00:00,25031.21495974418
2023-12-26 03:00:00,23126.709626416927
2023-12-26 04:00:00,21159.52332218076
2023-12-26 05:00:00,25076.303783735017
2023-12-26 06:00:00,30353.409479275193
2023-12-26 07:00:00,32999.501384966265
2023-12-26 08:00:00,33012.965050092425
2023-12-26 09:00:00,33309.984538069584
2023-12-26 10:00:00,33207.20508116377
2023-12-26 11:00:00,33470.591832885744
2023-12-26 12:00:00,33460.4511756323
2023-12-26 13:00:00,33464.61050664519
2023-12-26 14:00:00,34605.32364946889
2023-12-26 15:00:00,38144.652901934154
2023-12-26 16:00:00,47884.9545633178
2023-12-26 17:00:00,57776.588893516964
2023-12-26 18:00:00,53716.85537030565
2023-12-26 19:00:00,46965.06335114422
2023-12-26 20:00:00,42198.311080162144
2023-12-26 21:00:00,38560.31251763322
2023-12-26 22:00:00,33873.04160069762
2023-12-26 23:00:00,30629.88455097536
2023-12-27 00:00:00,28379.207272553715
2023-12-27 01:00:00,26787.558721145433
2023-12-27 02:00:00,25695.952157893735
2023-12-27 03:00:00,23725.54976646279
2023-12-27 04:00:00,21728.041435629828
2023-12-27 05:00:00,25714.307456594073
2023-12-27 06:00:00,31089.052002608252
2023-12-27 07:00:00,33691.42577658608
2023-12-27 08:00:00,33514.66688512624
2023-12-27 09:00:00,33780.01458232212
2023-12-27 10:00:00,33721.982651416954
2023-12-27 11:00:00,34126.98410859645
2023-12-27 12:00:00,34182.00209715426
2023-12-27 13:00:00,34203.63512827657
2023-12-27 14:00:00,35254.72547240764
2023-12-27 15:00:00,38805.845469539134
2023-12-27 16:00:00,48319.37634253081
2023-12-27 17:00:00,58142.77333122941
2023-12-27 18:00:00,54029.22393497234
2023-12-27 19:00:00,47245.393689343226
2023-12-27 20:00:00,42398.089015711026
2023-12-27 21:00:00,38511.546204987855
2023-12-27 22:00:00,33769.40951057734
2023-12-27 23:00:00,30608.83723741117
2023-12-28 00:00:00,28380.768643133826
2023-12-28 01:00:00,26781.83922447354
2023-12-28 02:00:00,25685.818584937646
2023-12-28 03:00:00,23724.717553579907
2023-12-28 04:00:00,21743.29478520507
2023-12-28 05:00:00,25725.28941025561
2023-12-28 06:00:00,31096.67694668734
2023-12-28 07:00:00,33874.18179334324
2023-12-28 08:00:00,33806.53999985525
2023-12-28 09:00:00,34067.65324004469
2023-12-28 10:00:00,33880.90920038722
2023-12-28 11:00:00,34171.349210907036
2023-12-28 12:00:00,34172.60856476282
2023-12-28 13:00:00,34151.880840528305
2023-12-28 14:00:00,35280.11917324599
2023-12-28 15:00:00,38863.942816919676
2023-12-28 16:00:00,48315.56586732775
2023-12-28 17:00:00,58256.319306616286
2023-12-28 18:00:00,54154.635344164584
2023-12-28 19:00:00,47339.45694823539
2023-12-28 20:00:00,42470.35132141287
2023-12-28 21:00:00,38519.77390950292
2023-12-28 22:00:00,33779.493431339244
2023-12-28 23:00:00,30415.441358284686
2023-12-29 00:00:00,28018.41986944818
2023-12-29 01:00:00,26559.300453087075
2023-12-29 02:00:00,25482.964633552994
2023-12-29 03:00:00,23515.604054522686
2023-12-29 04:00:00,21537.81695356175
2023-12-29 05:00:00,25544.900329431588
2023-12-29 06:00:00,30816.805993480084
2023-12-29 07:00:00,33430.941413282235
2023-12-29 08:00:00,33624.98093402227
2023-12-29 09:00:00,33816.56847269036
2023-12-29 10:00:00,33610.70976071256
2023-12-29 11:00:00,33860.76584215012
2023-12-29 12:00:00,33874.95707701401
2023-12-29 13:00:00,33891.442983217305
2023-12-29 14:00:00,34951.48247878108
2023-12-29 15:00:00,38397.61704155087
2023-12-29 16:00:00,47972.04004179999
2023-12-29 17:00:00,57751.12269881625
2023-12-29 18:00:00,53634.19659320976
2023-12-29 19:00:00,46883.79490786554
2023-12-29 20:00:00,42109.50506837948
2023-12-29 21:00:00,38187.92180441641
2023-12-29 22:00:00,33399.74978445391
2023-12-29 23:00:00,30148.98041412755
2023-12-30 00:00:00,27881.216999272114
2023-12-30 01:00:00,26329.138357401593
2023-12-30 02:00:00,25230.46735853583
2023-12-30 03:00:00,23275.097409760958
2023-12-30 04:00:00,21332.891082859343
2023-12-30 05:00:00,25313.616456806714
2023-12-30 06:00:00,30867.931412747563
2023-12-30 07:00:00,33467.308513298936
2023-12-30 08:00:00,33627.94587434983
2023-12-30 09:00:00,33820.336642834984
2023-12-30 10:00:00,33712.67306488057
2023-12-30 11:00:00,34002.71680395882
2023-12-30 12:00:00,34059.32157393004
2023-12-30 13:00:00,34081.87123872039
2023-12-30 14:00:00,35251.51749748504
2023-12-30 15:00:00,38855.28874483961
2023-12-30 16:00:00,48433.98662450344
2023-12-30 17:00:00,58079.347414214964
2023-12-30 18:00:00,54019.46039710591
2023-12-30 19:00:00,47232.114834478234
2023-12-30 20:00:00,42410.7356243562
2023-12-30 21:00:00,38500.67649295814
2023-12-30 22:00:00,33742.14178058132
2023-12-30 23:00:00,30333.218490203228
2023-12-31 00:00:00,28195.344168001782
2023-12-31 01:00:00,26471.88949837752
2023-12-31 02:00:00,25392.135897541986
2023-12-31 03:00:00,23680.863211961794
2023-12-31 04:00:00,21755.849318634017
2023-12-31 05:00:00,25750.461376649404
2023-12-31 06:00:00,31116.282074245577
2023-12-31 07:00:00,33887.216812716084
2023-12-31 08:00:00,33952.76891456831
2023-12-31 09:00:00,34218.59215706564
2023-12-31 10:00:00,33586.70829877128
2023-12-31 11:00:00,33815.18665063557
2023-12-31 12:00:00,33797.09168310571
2023-12-31 13:00:00,33763.375035709
2023-12-31 14:00:00,34898.76961954043
2023-12-31 15:00:00,38451.989721435464
2023-12-31 16:00:00,48074.47334842062
2023-12-31 17:00:00,57902.07940992117
2023-12-31 18:00:00,53825.23339427009
2023-12-31 19:00:00,46985.81847420001
2023-12-31 20:00:00,42127.16615617726
2023-12-31 21:00:00,38215.5961229332
2023-12-31 22:00:00,33529.42414090555
2023-12-31 23:00:00,30236.96956965818
2024-01-01 00:00:00,28044.59393654709
2024-01-01 01:00:00,26564.44147236729
2024-01-01 02:00:00,25345.89986308006
2024-01-01 03:00:00,23525.473352193865
2024-01-01 04:00:00,21638.953019509616
2024-01-01 05:00:00,25605.070394509377
2024-01-01 06:00:00,30588.521912638695
2024-01-01 07:00:00,33239.73511538777
2024-01-01 08:00:00,33219.28321581463
2024-01-01 09:00:00,33495.33730059848
2024-01-01 10:00:00,33276.939780188404
2024-01-01 11:00:00,33477.604298992126
2024-01-01 12:00:00,33401.602818222134
2024-01-01 13:00:00,33373.70981579048
2024-01-01 14:00:00,34526.17863155574
2024-01-01 15:00:00,38118.75083862195
2024-01-01 16:00:00,47820.4116956334
2024-01-01 17:00:00,57714.262947080584
2024-01-01 18:00:00,53670.5942994093
2024-01-01 19:00:00,46960.521796841116
2024-01-01 20:00:00,42156.72297249431
2024-01-01 21:00:00,38304.30296944783
2024-01-01 22:00:00,33615.15835467459
2024-01-01 23:00:00,30391.99568795038
2024-01-02 00:00:00,28377.43635796273
2024-01-02 01:00:00,26791.590236933363
2024-01-02 02:00:00,25696.40540265959
2024-01-02 03:00:00,23735.98974196258
2024-01-02 04:00:00,21770.742244338442
2024-01-02 05:00:00,25768.559519106137
2024-01-02 06:00:00,31116.705090255196
2024-01-02 07:00:00,33439.84421701967
2024-01-02 08:00:00,33289.65565086901
2024-01-02 09:00:00,33542.79161092203
2024-01-02 10:00:00,33411.18071716712
2024-01-02 11:00:00,33685.555530150734
2024-01-02 12:00:00,33605.664428444026
2024-01-02 13:00:00,33595.83302959678
2024-01-02 14:00:00,34729.40032559702
2024-01-02 15:00:00,38257.63724284132
2024-01-02 16:00:00,47900.96263173556
2024-01-02 17:00:00,57689.704209044714
2024-01-02 18:00:00,53574.06467383365
2024-01-02 19:00:00,46778.950499048005
2024-01-02 20:00:00,41973.5222247786
2024-01-02 21:00:00,38072.985102756385
2024-01-02 22:00:00,33334.93879561854
2024-01-02 23:00:00,29986.0634408591
2024-01-03 00:00:00,27748.30737887538
2024-01-03 01:00:00,26227.837412780398
2024-01-03 02:00:00,25250.671976287915
2024-01-03 03:00:00,23454.521196306232
2024-01-03 04:00:00,21385.93429227174
2024-01-03 05:00:00,25130.78467979343
2024-01-03 06:00:00,30320.974281131374
2024-01-03 07:00:00,32945.41768877138
2024-01-03 08:00:00,32934.689226259936
2024-01-03 09:00:00,33167.22291408119
2024-01-03 10:00:00,33022.90541811373
2024-01-03 11:00:00,33290.304501206854
2024-01-03 12:00:00,33306.6495819903
2024-01-03 13:00:00,33289.65311603528
2024-01-03 14:00:00,34376.04068582265
2024-01-03 15:00:00,37900.54452527645
2024-01-03 16:00:00,47532.712508946715
2024-01-03 17:00:00,57108.86842331453
2024-01-03 18:00:00,52875.583672720284
2024-01-03 19:00:00,46259.33043108822
2024-01-03 20:00:00,41630.34780311317
2024-01-03 21:00:00,37705.89734067779
2024-01-03 22:00:00,32999.87572039241
2024-01-03 23:00:00,29642.53615461283
2024-01-04 00:00:00,27427.14569426834
2024-01-04 01:00:00,25892.898492294258
2024-01-04 02:00:00,24838.327202521567
2024-01-04 03:00:00,22923.563614391755
2024-01-04 04:00:00,20955.584480893252
2024-01-04 05:00:00,24934.74407518943
2024-01-04 06:00:00,30233.814844490767
2024-01-04 07:00:00,32926.96043882136
2024-01-04 08:00:00,32958.34864063666
2024-01-04 09:00:00,33160.19317152995
2024-01-04 10:00:00,32970.396000390014
2024-01-04 11:00:00,33197.29444413185
2024-01-04 12:00:00,33238.23971495703
2024-01-04 13:00:00,33224.84271540178
2024-01-04 14:00:00,34324.938026778414
2024-01-04 15:00:00,37880.046917367086
2024-01-04 16:00:00,47555.88787529817
2024-01-04 17:00:00,57389.266556511495
2024-01-04 18:00:00,53274.69729843247
2024-01-04 19:00:00,46491.19419181251
2024-01-04 20:00:00,41666.929618328286
2024-01-04 21:00:00,37769.710302180545
2024-01-04 22:00:00,32999.04509384652
2024-01-04 23:00:00,29666.194796325242
2024-01-05 00:00:00,27471.771543376177
2024-01-05 01:00:00,25898.489971777068
2024-01-05 02:00:00,24850.95744474377
2024-01-05 03:00:00,22930.123605069522
2024-01-05 04:00:00,20974.86261894409
2024-01-05 05:00:00,24960.17668941161
2024-01-05 06:00:00,30306.581623184607
2024-01-05 07:00:00,32993.772908678664
2024-01-05 08:00:00,32973.9787198844
2024-01-05 09:00:00,33191.79968984893
2024-01-05 10:00:00,32958.989148569235
2024-01-05 11:00:00,33171.516269365864
2024-01-05 12:00:00,33159.021540088455
2024-01-05 13:00:00,33181.50187298681
2024-01-05 14:00:00,34365.513255756334
2024-01-05 15:00:00,37931.39853347731
2024-01-05 16:00:00,47583.30699161695
2024-01-05 17:00:00,57410.2008737343
2024-01-05 18:00:00,53319.82765570798
2024-01-05 19:00:00,46539.481912141506
2024-01-05 20:00:00,41752.61342197362
2024-01-05 21:00:00,37837.85375210545
2024-01-05 22:00:00,33090.68765092033
2024-01-05 23:00:00,29743.162896142614
2024-01-06 00:00:00,27429.69621787494
2024-01-06 01:00:00,25875.24536307148
2024-01-06 02:00:00,24844.824028184063
2024-01-06 03:00:00,22908.973806744543
2024-01-06 04:00:00,20978.862036900664
2024-01-06 05:00:00,24978.493193701084
2024-01-06 06:00:00,30312.714773682488
2024-01-06 07:00:00,33035.206056391165
2024-01-06 08:00:00,33050.58456525736
2024-01-06 09:00:00,33273.8139021373
2024-01-06 10:00:00,33072.7990441833
2024-01-06 11:00:00,33295.05481335044
2024-01-06 12:00:00,33243.25219530084
2024-01-06 13:00:00,33265.72442808557
2024-01-06 14:00:00,34447.08734827624
2024-01-06 15:00:00,38006.475933508074
2024-01-06 16:00:00,47647.80390023984
2024-01-06 17:00:00,57433.68104430972
2024-01-06 18:00:00,53301.909881374566
2024-01-06 19:00:00,46488.05231731489
2024-01-06 20:00:00,41657.38132522412
2024-01-06 21:00:00,37776.992533114164
2024-01-06 22:00:00,33041.11724445825
2024-01-06 23:00:00,29701.242759965924
2024-01-07 00:00:00,27421.596495424477
2024-01-07 01:00:00,25856.494673563597
2024-01-07 02:00:00,24792.625257835134
2024-01-07 03:00:00,22870.322163899753
2024-01-07 04:00:00,20928.705331208133
2024-01-07 05:00:00,24894.454053171543
2024-01-07 06:00:00,30104.446601049065
2024-01-07 07:00:00,32668.363029146236
2024-01-07 08:00:00,32612.159597474118
2024-01-07 09:00:00,32907.32272900114
2024-01-07 10:00:00,32809.84592000263
2024-01-07 11:00:00,33140.61824362261
2024-01-07 12:00:00,33196.734407748416
2024-01-07 13:00:00,33190.619441006085
2024-01-07 14:00:00,34250.37145296851
2024-01-07 15:00:00,37778.24798242857
2024-01-07 16:00:00,47299.22016708634
2024-01-07 17:00:00,57117.41672711832
2024-01-07 18:00:00,53013.206162009774
2024-01-07 19:00:00,46275.94319349074
2024-01-07 20:00:00,41501.1583235841
2024-01-07 21:00:00,37668.95584008904
2024-01-07 22:00:00,32942.32614586694
2024-01-07 23:00:00,29616.716090952646
2024-01-08 00:00:00,27410.248478292495
2024-01-08 01:00:00,25827.865553307736
2024-01-08 02:00:00,24759.472890717232
2024-01-08 03:00:00,22818.00238446607
2024-01-08 04:00:00,20854.88099746562
2024-01-08 05:00:00,24822.947868121537
2024-01-08 06:00:00,29951.408946924206
2024-01-08 07:00:00,32526.604464033717
2024-01-08 08:00:00,32478.288837106782
2024-01-08 09:00:00,32873.77033621204
2024-01-08 10:00:00,32780.51865363212
2024-01-08 11:00:00,33108.13678023249
2024-01-08 12:00:00,33141.88884070038
2024-01-08 13:00:00,33112.133026057854
2024-01-08 14:00:00,34151.362120731945
2024-01-08 15:00:00,37645.57755955849
2024-01-08 16:00:00,47246.23612184995
2024-01-08 17:00:00,57010.383588475685
2024-01-08 18:00:00,52918.92381875806
2024-01-08 19:00:00,46178.544456493364
2024-01-08 20:00:00,41430.74992330704
2024-01-08 21:00:00,37568.13610348076
2024-01-08 22:00:00,32872.52015982197
2024-01-08 23:00:00,29554.69454936366
2024-01-09 00:00:00,27399.59111648027
2024-01-09 01:00:00,25833.452287667762
2024-01-09 02:00:00,24743.156903212337
2024-01-09 03:00:00,22800.76911795689
2024-01-09 04:00:00,20856.311889934263
2024-01-09 05:00:00,24835.129937763646
2024-01-09 06:00:00,29954.26864061316
2024-01-09 07:00:00,32505.971302428585
2024-01-09 08:00:00,32391.171978882077
2024-01-09 09:00:00,32769.25745657741
2024-01-09 10:00:00,32720.777951415654
2024-01-09 11:00:00,33069.973062242665
2024-01-09 12:00:00,33118.32962855398
2024-01-09 13:00:00,33056.7397555137
2024-01-09 14:00:00,34126.42601015607
2024-01-09 15:00:00,37592.438623291746
2024-01-09 16:00:00,47163.05341558344
2024-01-09 17:00:00,56935.00188297702
2024-01-09 18:00:00,52888.23850519327
2024-01-09 19:00:00,46155.926315092904
2024-01-09 20:00:00,41431.43793446874
2024-01-09 21:00:00,37588.82062665747
2024-01-09 22:00:00,32891.89503153335
2024-01-09 23:00:00,29625.526580037407
2024-01-10 00:00:00,27373.62837782751
2024-01-10 01:00:00,25815.013695520975
2024-01-10 02:00:00,24740.02399273503
2024-01-10 03:00:00,22846.63042070505
2024-01-10 04:00:00,20912.62698879684
2024-01-10 05:00:00,24840.85721942605
2024-01-10 06:00:00,30037.164790665003
2024-01-10 07:00:00,32615.544138397167
2024-01-10 08:00:00,32396.752445381066
2024-01-10 09:00:00,32784.30794898661
2024-01-10 10:00:00,32775.80554962777
2024-01-10 11:00:00,33098.635374308666
2024-01-10 12:00:00,33148.38208582439
2024-01-10 13:00:00,33128.71433912572
2024-01-10 14:00:00,34201.37629594016
2024-01-10 15:00:00,37653.58941357751
2024-01-10 16:00:00,47125.05166251476
2024-01-10 17:00:00,56855.10018665393
2024-01-10 18:00:00,52918.7444736457
2024-01-10 19:00:00,46150.22333912279
2024-01-10 20:00:00,41452.69363351208
2024-01-10 21:00:00,37616.301207441895
2024-01-10 22:00:00,32942.20958071201
2024-01-10 23:00:00,29555.671210904646
2024-01-11 00:00:00,27383.370083627335
2024-01-11 01:00:00,25821.379851972222
2024-01-11 02:00:00,24765.63433317836
2024-01-11 03:00:00,22825.814246572674
2024-01-11 04:00:00,20893.51305016786
2024-01-11 05:00:00,24907.58665243581
2024-01-11 06:00:00,30187.694475937496
2024-01-11 07:00:00,32604.979392951038
2024-01-11 08:00:00,32402.331325768315
2024-01-11 09:00:00,32720.745873765536
2024-01-11 10:00:00,32682.223648201307
2024-01-11 11:00:00,33005.25354273826
2024-01-11 12:00:00,33061.65250501527
2024-01-11 13:00:00,33081.00579848606
2024-01-11 14:00:00,34214.92995932787
2024-01-11 15:00:00,37738.691432956475
2024-01-11 16:00:00,47312.170929528394
2024-01-11 17:00:00,57099.31825891384
2024-01-11 18:00:00,53032.21088110243
2024-01-11 19:00:00,46290.4711180171
2024-01-11 20:00:00,41570.873965354476
2024-01-11 21:00:00,37788.79890651124
2024-01-11 22:00:00,33110.26910686622
2024-01-11 23:00:00,29721.951840377616
2024-01-12 00:00:00,27586.50623154016
2024-01-12 01:00:00,25973.392607917187
2024-01-12 02:00:00,24898.088572868754
2024-01-12 03:00:00,22978.78692896271
2024-01-12 04:00:00,21036.760340896453
2024-01-12 05:00:00,25090.71791249838
2024-01-12 06:00:00,30464.008547965946
2024-01-12 07:00:00,33165.48799303124
2024-01-12 08:00:00,33229.733946268774
2024-01-12 09:00:00,33413.21991343364
2024-01-12 10:00:00,33242.689145002514
2024-01-12 11:00:00,33494.719343892146
2024-01-12 12:00:00,33475.1600170759
2024-01-12 13:00:00,33520.75569599736
2024-01-12 14:00:00,34622.88294021624
2024-01-12 15:00:00,38198.4543910959
2024-01-12 16:00:00,47856.43843133355
2024-01-12 17:00:00,57687.440778138
2024-01-12 18:00:00,53588.3526000402
2024-01-12 19:00:00,46798.41882737096
2024-01-12 20:00:00,41950.37396155176
2024-01-12 21:00:00,38020.39545824796
2024-01-12 22:00:00,33342.583310419934
2024-01-12 23:00:00,29939.722847313325
2024-01-13 00:00:00,27689.56109905503
2024-01-13 01:00:00,26118.248150683507
2024-01-13 02:00:00,25020.9497197263
2024-01-13 03:00:00,23065.5180374602
2024-01-13 04:00:00,21129.1288445414
2024-01-13 05:00:00,25139.45647620409
2024-01-13 06:00:00,30446.647886929215
2024-01-13 07:00:00,33133.99170912744
2024-01-13 08:00:00,33124.75118199417
2024-01-13 09:00:00,33326.66948125128
2024-01-13 10:00:00,33146.10047078359
2024-01-13 11:00:00,33371.8873346633
2024-01-13 12:00:00,33356.41023417843
2024-01-13 13:00:00,33368.71456878795
2024-01-13 14:00:00,34494.08422161452
2024-01-13 15:00:00,38040.40389087768
2024-01-13 16:00:00,47671.22298883026
2024-01-13 17:00:00,57480.41347251705
2024-01-13 18:00:00,53370.63087558525
2024-01-13 19:00:00,46666.242761855174
2024-01-13 20:00:00,41880.57386486377
2024-01-13 21:00:00,37933.0496387076
2024-01-13 22:00:00,33218.18950027435
2024-01-13 23:00:00,29895.513514747363
2024-01-14 00:00:00,27647.718896320835
2024-01-14 01:00:00,26087.943150447925
2024-01-14 02:00:00,25012.353406600334
2024-01-14 03:00:00,23091.90090742112
2024-01-14 04:00:00,21166.183560370933
2024-01-14 05:00:00,25103.26367694586
2024-01-14 06:00:00,30311.47840035807
2024-01-14 07:00:00,33001.28549906094
2024-01-14 08:00:00,32874.299632092945
2024-01-14 09:00:00,33113.26284085681
2024-01-14 10:00:00,32986.35460622133
2024-01-14 11:00:00,33276.462663720245
2024-01-14 12:00:00,33315.86746269964
2024-01-14 13:00:00,33309.34329836931
2024-01-14 14:00:00,34431.37575436489
2024-01-14 15:00:00,37956.2923290554
2024-01-14 16:00:00,47514.561156073556
2024-01-14 17:00:00,57278.14210991644
2024-01-14 18:00:00,53129.41503841638
2024-01-14 19:00:00,46377.61166550769
2024-01-14 20:00:00,41608.01382932683
2024-01-14 21:00:00,37770.881266383454
2024-01-14 22:00:00,33060.10493795683
2024-01-14 23:00:00,29680.834885620196
2024-01-15 00:00:00,27497.346493866207
2024-01-15 01:00:00,25906.065846889043
2024-01-15 02:00:00,24834.128727285817
2024-01-15 03:00:00,22914.22699724357
2024-01-15 04:00:00,20999.299944405444
2024-01-15 05:00:00,24953.154180230737
2024-01-15 06:00:00,30159.61750436719
2024-01-15 07:00:00,32658.238564593536
2024-01-15 08:00:00,32306.497351207872
2024-01-15 09:00:00,32553.460741100236
2024-01-15 10:00:00,32487.054299144966
2024-01-15 11:00:00,32976.50307024672
2024-01-15 12:00:00,33094.678917312594
2024-01-15 13:00:00,33163.28801888295
2024-01-15 14:00:00,34299.60343754999
2024-01-15 15:00:00,37718.56729577695
2024-01-15 16:00:00,47378.27442551425
2024-01-15 17:00:00,57054.97886305674
2024-01-15 18:00:00,52991.094430644334
2024-01-15 19:00:00,46361.17044815077
2024-01-15 20:00:00,41691.30617298469
2024-01-15 21:00:00,37845.04555622704
2024-01-15 22:00:00,33143.5239562449
2024-01-15 23:00:00,29779.74654935613
2024-01-16 00:00:00,27651.43843620916
2024-01-16 01:00:00,26065.756197095674
2024-01-16 02:00:00,24989.292977460296
2024-01-16 03:00:00,23060.514934627507
2024-01-16 04:00:00,21144.03355625832
2024-01-16 05:00:00,25165.58069121594
2024-01-16 06:00:00,30470.41955969073
2024-01-16 07:00:00,33060.10130973373
2024-01-16 08:00:00,32916.21931089207
2024-01-16 09:00:00,33086.88887594563
2024-01-16 10:00:00,32851.448436507664
2024-01-16 11:00:00,33079.285687669275
2024-01-16 12:00:00,32933.010324836716
2024-01-16 13:00:00,32861.70879851466
2024-01-16 14:00:00,34008.38363209097
2024-01-16 15:00:00,37543.86661333292
2024-01-16 16:00:00,47178.32366967586
2024-01-16 17:00:00,56907.21565988321
2024-01-16 18:00:00,53026.358298831954
2024-01-16 19:00:00,46329.2615262415
2024-01-16 20:00:00,41528.46588590299
2024-01-16 21:00:00,37677.000265335344
2024-01-16 22:00:00,33006.36648014962
2024-01-16 23:00:00,29708.18887057995
2024-01-17 00:00:00,27501.981169363713
2024-01-17 01:00:00,25957.3317764256
2024-01-17 02:00:00,24893.16497550883
2024-01-17 03:00:00,22960.335636367974
2024-01-17 04:00:00,21014.60577540324
2024-01-17 05:00:00,24999.013829184056
2024-01-17 06:00:00,30204.309163024554
2024-01-17 07:00:00,32702.046275385004
2024-01-17 08:00:00,32583.45328196711
2024-01-17 09:00:00,32871.6609208816
2024-01-17 10:00:00,32806.60621481629
2024-01-17 11:00:00,33074.90770285328
2024-01-17 12:00:00,33202.152547534795
2024-01-17 13:00:00,33241.629969536334
2024-01-17 14:00:00,34401.460847357805
2024-01-17 15:00:00,37889.41445272073
2024-01-17 16:00:00,47496.26295568836
2024-01-17 17:00:00,57299.7437071027
2024-01-17 18:00:00,53247.65461303878
2024-01-17 19:00:00,46546.75121892986
2024-01-17 20:00:00,41781.86890001683
2024-01-17 21:00:00,37899.414712929894
2024-01-17 22:00:00,33195.20280168216
2024-01-17 23:00:00,29853.102990765838
2024-01-18 00:00:00,27648.689720540424
2024-01-18 01:00:00,26092.484616563313
2024-01-18 02:00:00,25021.986925167756
2024-01-18 03:00:00,23100.920952501343
2024-01-18 04:00:00,21182.00188536605
2024-01-18 05:00:00,25178.145010737546
2024-01-18 06:00:00,30384.850550075313
2024-01-18 07:00:00,32995.51060955805
2024-01-18 08:00:00,32830.81169531178
2024-01-18 09:00:00,33089.70760443899
2024-01-18 10:00:00,32983.317723366796
2024-01-18 11:00:00,33316.06293443321
2024-01-18 12:00:00,33388.06818570215
2024-01-18 13:00:00,33399.62264748426
2024-01-18 14:00:00,34524.636973525034
2024-01-18 15:00:00,38073.60644319969
2024-01-18 16:00:00,47655.11836388598
2024-01-18 17:00:00,57414.90254088455
2024-01-18 18:00:00,53411.765915086304
2024-01-18 19:00:00,46735.39322893159
2024-01-18 20:00:00,41924.92504831026
2024-01-18 21:00:00,38010.44419841885
2024-01-18 22:00:00,33293.83606762684
2024-01-18 23:00:00,29927.988867665306
2024-01-19 00:00:00,27677.23128320586
2024-01-19 01:00:00,26115.754354941873
2024-01-19 02:00:00,25030.416258248842
2024-01-19 03:00:00,23115.73072491467
2024-01-19 04:00:00,21206.01598854157
2024-01-19 05:00:00,25233.30190938283
2024-01-19 06:00:00,30538.808470505606
2024-01-19 07:00:00,33210.46613220229
2024-01-19 08:00:00,33161.11058030424
2024-01-19 09:00:00,33370.71530160061
2024-01-19 10:00:00,33245.105786232874
2024-01-19 11:00:00,33489.82209209837
2024-01-19 12:00:00,33488.44228862729
2024-01-19 13:00:00,33448.77153780533
2024-01-19 14:00:00,34542.32218415969
2024-01-19 15:00:00,38050.724709851296
2024-01-19 16:00:00,47612.70493075286
2024-01-19 17:00:00,57390.80815989262
2024-01-19 18:00:00,53272.70838293226
2024-01-19 19:00:00,46572.350648488755
2024-01-19 20:00:00,41855.17847550426
2024-01-19 21:00:00,37983.7042537865
2024-01-19 22:00:00,33273.86742128352
2024-01-19 23:00:00,29903.891350631086
2024-01-20 00:00:00,27749.445257242172
2024-01-20 01:00:00,26183.91394900922
2024-01-20 02:00:00,25127.12282956535
2024-01-20 03:00:00,23242.48006672962
2024-01-20 04:00:00,21363.060344780886
2024-01-20 05:00:00,25402.740927299208
2024-01-20 06:00:00,30736.556247862136
2024-01-20 07:00:00,33471.453102762534
2024-01-20 08:00:00,33426.536912159805
2024-01-20 09:00:00,33635.86158451792
2024-01-20 10:00:00,33533.63906517315
2024-01-20 11:00:00,33736.511015181386
2024-01-20 12:00:00,33814.68575772524
2024-01-20 13:00:00,33795.21579966429
2024-01-20 14:00:00,34865.70708003257
2024-01-20 15:00:00,38383.516061807175
2024-01-20 16:00:00,48030.81247722062
2024-01-20 17:00:00,57810.74346401529
2024-01-20 18:00:00,53696.8524354454
2024-01-20 19:00:00,46937.61455881202
2024-01-20 20:00:00,42172.17885477198
2024-01-20 21:00:00,38217.02041815183
2024-01-20 22:00:00,33498.364024055205
2024-01-20 23:00:00,30213.514467522924
2024-01-21 00:00:00,28009.430990880574
2024-01-21 01:00:00,26581.92995998165
2024-01-21 02:00:00,25539.448322103908
2024-01-21 03:00:00,23760.84354905117
2024-01-21 04:00:00,21857.77555266458
2024-01-21 05:00:00,25719.701850023026
2024-01-21 06:00:00,30799.491852486775
2024-01-21 07:00:00,33290.17228148206
2024-01-21 08:00:00,33259.46832102412
2024-01-21 09:00:00,33601.03683561346
2024-01-21 10:00:00,33359.95683012757
2024-01-21 11:00:00,33601.73175962291
2024-01-21 12:00:00,33606.28159929493
2024-01-21 13:00:00,33579.74131450891
2024-01-21 14:00:00,34706.792802645265
2024-01-21 15:00:00,38259.38625236867
2024-01-21 16:00:00,47909.35962054615
2024-01-21 17:00:00,57743.25674231968
2024-01-21 18:00:00,53695.031234444315
2024-01-21 19:00:00,46918.194618572394
2024-01-21 20:00:00,42078.877062631116
2024-01-21 21:00:00,38164.829642499324
2024-01-21 22:00:00,33436.69142561988
2024-01-21 23:00:00,30097.709356290452
2024-01-22 00:00:00,28240.159961486937
2024-01-22 01:00:00,26720.129890585555
2024-01-22 02:00:00,25645.878695255946
2024-01-22 03:00:00,23774.864321239227
2024-01-22 04:00:00,21807.449602065073
2024-01-22 05:00:00,25513.269419862103
2024-01-22 06:00:00,30598.730183054722
2024-01-22 07:00:00,33288.904554300505
2024-01-22 08:00:00,33313.32062878898
2024-01-22 09:00:00,33562.76864238903
2024-01-22 10:00:00,33377.715541406185
2024-01-22 11:00:00,33613.74354252839
2024-01-22 12:00:00,33579.787864967344
2024-01-22 13:00:00,33547.30504164387
2024-01-22 14:00:00,34662.96410363649
2024-01-22 15:00:00,38221.192252130575
2024-01-22 16:00:00,47831.23851052563
2024-01-22 17:00:00,57660.019666032415
2024-01-22 18:00:00,53624.07304186512
2024-01-22 19:00:00,46877.263421791606
2024-01-22 20:00:00,42066.8044666238
2024-01-22 21:00:00,38200.1214796311
2024-01-22 22:00:00,33554.79354436642
2024-01-22 23:00:00,30285.106172940134
2024-01-23 00:00:00,28389.584967067294
2024-01-23 01:00:00,26835.792928936105
2024-01-23 02:00:00,25753.645548790573
2024-01-23 03:00:00,23825.986211472617
2024-01-23 04:00:00,21929.78308951114
2024-01-23 05:00:00,25964.306823706927
2024-01-23 06:00:00,31101.17283342859
2024-01-23 07:00:00,33504.0317947167
2024-01-23 08:00:00,33448.489593969905
2024-01-23 09:00:00,33693.84095039167
2024-01-23 10:00:00,33488.443527818024
2024-01-23 11:00:00,33709.88522902011
2024-01-23 12:00:00,33800.42137287461
2024-01-23 13:00:00,33803.03867548529
2024-01-23 14:00:00,34849.35017510124
2024-01-23 15:00:00,38360.62550094379
2024-01-23 16:00:00,47997.46673519183
2024-01-23 17:00:00,57810.6993586893
2024-01-23 18:00:00,53768.538521973
2024-01-23 19:00:00,47022.04749712519
2024-01-23 20:00:00,42269.3564153889
2024-01-23 21:00:00,38352.497663135124
2024-01-23 22:00:00,33592.40450598492
2024-01-23 23:00:00,30227.08997957981
2024-01-24 00:00:00,27928.349380331663
2024-01-24 01:00:00,26332.421297362394
2024-01-24 02:00:00,25270.505670694118
2024-01-24 03:00:00,23326.58139343063
2024-01-24 04:00:00,21418.94699075033
2024-01-24 05:00:00,25384.25802904456
2024-01-24 06:00:00,30622.6385448141
2024-01-24 07:00:00,33239.30664021378
2024-01-24 08:00:00,33014.35566994141
2024-01-24 09:00:00,33294.84928180615
2024-01-24 10:00:00,33138.158779826066
2024-01-24 11:00:00,33423.71688881026
2024-01-24 12:00:00,33419.5667524592
2024-01-24 13:00:00,33357.62507391621
2024-01-24 14:00:00,34398.94933469503
2024-01-24 15:00:00,37884.22984740026
2024-01-24 16:00:00,47422.98175223468
2024-01-24 17:00:00,57026.173956307815
2024-01-24 18:00:00,53064.55770829209
2024-01-24 19:00:00,46472.31526002121
2024-01-24 20:00:00,41718.864584365896
2024-01-24 21:00:00,37832.54601393973
2024-01-24 22:00:00,33161.726271863896
2024-01-24 23:00:00,29817.50681172277
2024-01-25 00:00:00,27723.1692733474
2024-01-25 01:00:00,26145.15003508712
2024-01-25 02:00:00,25103.480903238793
2024-01-25 03:00:00,23220.29414468433
2024-01-25 04:00:00,21410.8383979205
2024-01-25 05:00:00,25412.894259170225
2024-01-25 06:00:00,30648.98210770876
2024-01-25 07:00:00,33277.781895079424
2024-01-25 08:00:00,33286.88606724026
2024-01-25 09:00:00,33536.70448479636
2024-01-25 10:00:00,33363.94071359686
2024-01-25 11:00:00,33618.75243423445
2024-01-25 12:00:00,33651.973635491435
2024-01-25 13:00:00,33686.560794270976
2024-01-25 14:00:00,34796.53385512634
2024-01-25 15:00:00,38350.443576360514
2024-01-25 16:00:00,47960.82496990948
2024-01-25 17:00:00,57757.110163613266
2024-01-25 18:00:00,53733.66646017717
2024-01-25 19:00:00,46964.74623152507
2024-01-25 20:00:00,42128.46539664236
2024-01-25 21:00:00,38189.639457309146
2024-01-25 22:00:00,33453.739878782486
2024-01-25 23:00:00,30059.083902620452
2024-01-26 00:00:00,27818.514792433336
2024-01-26 01:00:00,26224.923753128827
2024-01-26 02:00:00,25131.759263290965
2024-01-26 03:00:00,23221.64681702459
2024-01-26 04:00:00,21327.345857050615
2024-01-26 05:00:00,25352.795600724352
2024-01-26 06:00:00,30644.637917835615
2024-01-26 07:00:00,33338.910996342915
2024-01-26 08:00:00,33365.6739517903
2024-01-26 09:00:00,33597.41620784549
2024-01-26 10:00:00,33397.800693531564
2024-01-26 11:00:00,33641.62091386878
2024-01-26 12:00:00,33610.4497629364
2024-01-26 13:00:00,33601.43561777976
2024-01-26 14:00:00,34683.31504575222
2024-01-26 15:00:00,38258.332801977136
2024-01-26 16:00:00,47883.95365444733
2024-01-26 17:00:00,57698.895087967096
2024-01-26 18:00:00,53659.596003990664
2024-01-26 19:00:00,46905.993586548866
2024-01-26 20:00:00,42082.421914388506
2024-01-26 21:00:00,38149.13358384092
2024-01-26 22:00:00,33416.316885195854
2024-01-26 23:00:00,30016.400495857633
2024-01-27 00:00:00,27682.022465085898
2024-01-27 01:00:00,26184.786401940433
2024-01-27 02:00:00,25111.536906596626
2024-01-27 03:00:00,23196.011323361916
2024-01-27 04:00:00,21311.03532792245
2024-01-27 05:00:00,25353.022600983262
2024-01-27 06:00:00,30645.807447940573
2024-01-27 07:00:00,33330.23576601235
2024-01-27 08:00:00,33356.19677077623
2024-01-27 09:00:00,33637.06482497517
2024-01-27 10:00:00,33476.76215435763
2024-01-27 11:00:00,33762.36034077045
2024-01-27 12:00:00,33768.666428266166
2024-01-27 13:00:00,33753.95157597405
2024-01-27 14:00:00,34775.820906717425
2024-01-27 15:00:00,38271.38617646583
2024-01-27 16:00:00,47887.71303290256
2024-01-27 17:00:00,57733.39885281118
2024-01-27 18:00:00,53697.74175276127
2024-01-27 19:00:00,46933.82299741186
2024-01-27 20:00:00,42123.380660533636
2024-01-27 21:00:00,38193.40429707819
2024-01-27 22:00:00,33461.4146788517
2024-01-27 23:00:00,30072.60912787349
2024-01-28 00:00:00,27885.730053188912
2024-01-28 01:00:00,26316.199033491223
2024-01-28 02:00:00,25227.880446681556
2024-01-28 03:00:00,23309.541724645078
2024-01-28 04:00:00,21389.02783057994
2024-01-28 05:00:00,25386.92019360192
2024-01-28 06:00:00,30697.141280569165
2024-01-28 07:00:00,33299.999850132954
2024-01-28 08:00:00,33089.33879536829
2024-01-28 09:00:00,33265.04097691543
2024-01-28 10:00:00,33165.866038742504
2024-01-28 11:00:00,33475.322362027175
2024-01-28 12:00:00,33445.83114771767
2024-01-28 13:00:00,33360.740124363154
2024-01-28 14:00:00,34415.599086317256
2024-01-28 15:00:00,37805.508765197235
2024-01-28 16:00:00,47314.25228014295
2024-01-28 17:00:00,56944.68459170848
2024-01-28 18:00:00,53019.13771863397
2024-01-28 19:00:00,46359.42887534395
2024-01-28 20:00:00,41699.08846104166
2024-01-28 21:00:00,37822.29063118867
2024-01-28 22:00:00,33128.441428448175
2024-01-28 23:00:00,29764.306694732284
2024-01-29 00:00:00,27627.416651360993
2024-01-29 01:00:00,26077.04127464627
2024-01-29 02:00:00,24992.49064342423
2024-01-29 03:00:00,23095.632652343353
2024-01-29 04:00:00,21221.73901418394
2024-01-29 05:00:00,25239.77512423055
2024-01-29 06:00:00,30536.163514485237
2024-01-29 07:00:00,33155.173865871584
2024-01-29 08:00:00,33088.74389165638
2024-01-29 09:00:00,33308.08571781046
2024-01-29 10:00:00,33185.564067884785
2024-01-29 11:00:00,33540.603025902645
2024-01-29 12:00:00,33516.31217615375
2024-01-29 13:00:00,33485.37066559166
2024-01-29 14:00:00,34620.63632030352
2024-01-29 15:00:00,38193.12011298955
2024-01-29 16:00:00,47807.77764436048
2024-01-29 17:00:00,57557.85126508246
2024-01-29 18:00:00,53638.965263121005
2024-01-29 19:00:00,46905.599482765014
2024-01-29 20:00:00,42091.84190044632
2024-01-29 21:00:00,38189.42956328995
2024-01-29 22:00:00,33463.136145775105
2024-01-29 23:00:00,30068.4222338364
2024-01-30 00:00:00,27856.89037426057
2024-01-30 01:00:00,26274.224673578356
2024-01-30 02:00:00,25198.14724508532
2024-01-30 03:00:00,23283.45548333078
2024-01-30 04:00:00,21406.192741720253
2024-01-30 05:00:00,25456.89498481812
2024-01-30 06:00:00,30695.748679219992
2024-01-30 07:00:00,33364.97896922842
2024-01-30 08:00:00,33378.19547178774
2024-01-30 09:00:00,33623.9339253871
2024-01-30 10:00:00,33426.39492629256
2024-01-30 11:00:00,33670.153987112135
2024-01-30 12:00:00,33627.6561017741
2024-01-30 13:00:00,33676.84278344505
2024-01-30 14:00:00,34886.562092770124
2024-01-30 15:00:00,38442.93360455471
2024-01-30 16:00:00,48067.12503820188
2024-01-30 17:00:00,57801.32590258268
2024-01-30 18:00:00,53794.19054164418
2024-01-30 19:00:00,47094.643287853476
2024-01-30 20:00:00,42312.62457650755
2024-01-30 21:00:00,38410.27489902058
2024-01-30 22:00:00,33687.602718499
2024-01-30 23:00:00,30220.950983512612
2024-01-31 00:00:00,27909.475020045855
2024-01-31 01:00:00,26391.246394319158
2024-01-31 02:00:00,25302.789883304788
2024-01-31 03:00:00,23377.434698836612
2024-01-31 04:00:00,21463.846821191168
2024-01-31 05:00:00,25481.892159964846
2024-01-31 06:00:00,30754.423080921297
2024-01-31 07:00:00,33420.77522297243
2024-01-31 08:00:00,33439.11620852558
2024-01-31 09:00:00,33675.275932643395
2024-01-31 10:00:00,33473.093810891674
2024-01-31 11:00:00,33701.369151566876
2024-01-31 12:00:00,33658.148945581
2024-01-31 13:00:00,33629.909414749694
2024-01-31 14:00:00,34767.84851501715
2024-01-31 15:00:00,38330.85482585121
2024-01-31 16:00:00,47930.39505083754
2024-01-31 17:00:00,57729.756439840094
2024-01-31 18:00:00,53697.1065681874
2024-01-31 19:00:00,46935.91134406076
2024-01-31 20:00:00,42105.84616176534
2024-01-31 21:00:00,38175.53537555679
2024-01-31 22:00:00,33449.312585670086
2024-01-31 23:00:00,30058.429954361087
2024-02-01 00:00:00,27813.85509796818
2024-02-01 01:00:00,26238.24411924613
2024-02-01 02:00:00,25173.038353107444
2024-02-01 03:00:00,23270.845020813034
2024-02-01 04:00:00,21419.010995165285
2024-02-01 05:00:00,25449.5751892279
2024-02-01 06:00:00,30717.899472136174
2024-02-01 07:00:00,33362.4174099665
2024-02-01 08:00:00,33361.34840676563
2024-02-01 09:00:00,33609.66898877915
2024-02-01 10:00:00,33414.28510563588
2024-02-01 11:00:00,33664.737151939575
2024-02-01 12:00:00,33626.718310503704
2024-02-01 13:00:00,33596.92861836321
2024-02-01 14:00:00,34751.83267927561
2024-02-01 15:00:00,38306.12512023542
2024-02-01 16:00:00,47920.23921084549
2024-02-01 17:00:00,57742.622187291396
2024-02-01 18:00:00,53711.48709570133
2024-02-01 19:00:00,46969.31409268658
2024-02-01 20:00:00,42146.67653713468
2024-02-01 21:00:00,38233.099610418314
2024-02-01 22:00:00,33547.494885418324
2024-02-01 23:00:00,30264.222450123314
2024-02-02 00:00:00,28162.90525033536
2024-02-02 01:00:00,26712.22706700048
2024-02-02 02:00:00,25705.255479736144
2024-02-02 03:00:00,23750.587864788147
2024-02-02 04:00:00,21908.939730282495
2024-02-02 05:00:00,25955.02864857727
2024-02-02 06:00:00,31146.98537638722
2024-02-02 07:00:00,33631.28404260175
2024-02-02 08:00:00,33519.03925946336
2024-02-02 09:00:00,33746.91295102679
2024-02-02 10:00:00,33650.98165099228
2024-02-02 11:00:00,33928.09103530197
2024-02-02 12:00:00,33882.17944292497
2024-02-02 13:00:00,33847.68269938435
2024-02-02 14:00:00,34870.74705924732
2024-02-02 15:00:00,38388.4386940107
2024-02-02 16:00:00,47938.9074435431
2024-02-02 17:00:00,57679.07607401395
2024-02-02 18:00:00,53659.196274809285
2024-02-02 19:00:00,46915.65800965372
2024-02-02 20:00:00,42115.451054880425
2024-02-02 21:00:00,38214.71356611199
2024-02-02 22:00:00,33493.95562568609
2024-02-02 23:00:00,30235.441324675005
2024-02-03 00:00:00,28046.16095393208
2024-02-03 01:00:00,26745.77740422914
2024-02-03 02:00:00,25747.157332366765
2024-02-03 03:00:00,23864.975853059204
2024-02-03 04:00:00,22011.998393137066
2024-02-03 05:00:00,26062.741627723502
2024-02-03 06:00:00,31338.14201227613
2024-02-03 07:00:00,34006.24233883245
2024-02-03 08:00:00,33937.44559156551
2024-02-03 09:00:00,34153.15672917927
2024-02-03 10:00:00,33928.329718440975
2024-02-03 11:00:00,34124.40958144057
2024-02-03 12:00:00,34068.35050798824
2024-02-03 13:00:00,34131.91832659376
2024-02-03 14:00:00,35214.41895140627
2024-02-03 15:00:00,38697.72062932093
2024-02-03 16:00:00,48278.0112610646
2024-02-03 17:00:00,57881.94981447932
2024-02-03 18:00:00,53779.18186252135
2024-02-03 19:00:00,47136.14616689874
2024-02-03 20:00:00,42389.63950440039
2024-02-03 21:00:00,38512.48995761502
2024-02-03 22:00:00,33789.42706393229
2024-02-03 23:00:00,30479.839604259818
2024-02-04 00:00:00,28425.141641777504
2024-02-04 01:00:00,26859.231437246814
2024-02-04 02:00:00,25784.923358468175
2024-02-04 03:00:00,23874.36510042131
2024-02-04 04:00:00,22018.56563381703
2024-02-04 05:00:00,26053.350874265558
2024-02-04 06:00:00,30907.871094431757
2024-02-04 07:00:00,33361.61831637704
2024-02-04 08:00:00,33340.870735616816
2024-02-04 09:00:00,33627.36168819114
2024-02-04 10:00:00,33446.97987355284
2024-02-04 11:00:00,33748.39031354643
2024-02-04 12:00:00,33683.43189750035
2024-02-04 13:00:00,33642.67892846858
2024-02-04 14:00:00,34716.93381645252
2024-02-04 15:00:00,38244.428283240086
2024-02-04 16:00:00,47796.587179826645
2024-02-04 17:00:00,57541.56572893914
2024-02-04 18:00:00,53517.521997640186
2024-02-04 19:00:00,46844.62893136638
2024-02-04 20:00:00,42034.94866788
2024-02-04 21:00:00,38117.5075708173
2024-02-04 22:00:00,33432.3545332944
2024-02-04 23:00:00,30139.931953476687
2024-02-05 00:00:00,28047.588393395337
2024-02-05 01:00:00,26546.354590476083
2024-02-05 02:00:00,25676.66414697967
2024-02-05 03:00:00,23825.240242335938
2024-02-05 04:00:00,21992.06923855866
2024-02-05 05:00:00,25855.761344461145
2024-02-05 06:00:00,30790.6763428104
2024-02-05 07:00:00,33261.68327186136
2024-02-05 08:00:00,33346.83587970051
2024-02-05 09:00:00,33578.2439414295
2024-02-05 10:00:00,33392.455812583874
2024-02-05 11:00:00,33611.815604028205
2024-02-05 12:00:00,33557.66758159817
2024-02-05 13:00:00,33531.8425192731
2024-02-05 14:00:00,34646.48648386853
2024-02-05 15:00:00,38192.27137420765
2024-02-05 16:00:00,47787.93654359703
2024-02-05 17:00:00,57594.036161074335
2024-02-05 18:00:00,53587.40707131682
2024-02-05 19:00:00,46848.37850973636
2024-02-05 20:00:00,42047.46077238715
2024-02-05 21:00:00,38152.14807798532
2024-02-05 22:00:00,33429.82514271931
2024-02-05 23:00:00,30074.872485960506
2024-02-06 00:00:00,27984.903020653455
2024-02-06 01:00:00,26447.58858316398
2024-02-06 02:00:00,25306.213209741374
2024-02-06 03:00:00,23362.72743372711
2024-02-06 04:00:00,21423.448259048775
2024-02-06 05:00:00,25421.218292336296
2024-02-06 06:00:00,30518.253421039743
2024-02-06 07:00:00,33057.35111555499
2024-02-06 08:00:00,33068.38941881723
2024-02-06 09:00:00,33307.84243286459
2024-02-06 10:00:00,33139.740622243604
2024-02-06 11:00:00,33389.95450585551
2024-02-06 12:00:00,33367.935250761475
2024-02-06 13:00:00,33304.43484624141
2024-02-06 14:00:00,34449.29038922799
2024-02-06 15:00:00,37888.32999061636
2024-02-06 16:00:00,47370.83568639696
2024-02-06 17:00:00,56944.25082447094
2024-02-06 18:00:00,52747.552865665326
2024-02-06 19:00:00,46299.65156730218
2024-02-06 20:00:00,41587.26515328208
2024-02-06 21:00:00,37800.374448817245
2024-02-06 22:00:00,33125.31096343104
2024-02-06 23:00:00,29784.86100523706
2024-02-07 00:00:00,27621.750370900536
2024-02-07 01:00:00,26045.618860077397
2024-02-07 02:00:00,24984.966561534544
2024-02-07 03:00:00,23091.2322465159
2024-02-07 04:00:00,21246.153978915612
2024-02-07 05:00:00,25247.011184670155
2024-02-07 06:00:00,30387.430752982007
2024-02-07 07:00:00,32799.61652284158
2024-02-07 08:00:00,32553.36900363466
2024-02-07 09:00:00,32994.96950757709
2024-02-07 10:00:00,32953.46003031306
2024-02-07 11:00:00,33233.59639785
2024-02-07 12:00:00,33214.31501943317
2024-02-07 13:00:00,33160.15051497324
2024-02-07 14:00:00,34249.539994973624
2024-02-07 15:00:00,37798.53309685002
2024-02-07 16:00:00,47411.609656166765
2024-02-07 17:00:00,57126.51870596391
2024-02-07 18:00:00,53207.22780030796
2024-02-07 19:00:00,46561.10055034045
2024-02-07 20:00:00,41772.353513194044
2024-02-07 21:00:00,37878.16345114758
2024-02-07 22:00:00,33215.46516317477
2024-02-07 23:00:00,29934.333301799918
2024-02-08 00:00:00,27772.55872860107
2024-02-08 01:00:00,26211.656628923258
2024-02-08 02:00:00,25172.01253749203
2024-02-08 03:00:00,23315.23509074611
2024-02-08 04:00:00,21489.30703803487
2024-02-08 05:00:00,25531.947500093764
2024-02-08 06:00:00,30781.24031140628
2024-02-08 07:00:00,33330.67552087615
2024-02-08 08:00:00,33351.98941069437
2024-02-08 09:00:00,33555.02092842555
2024-02-08 10:00:00,33316.98203905874
2024-02-08 11:00:00,33530.38901445002
2024-02-08 12:00:00,33499.50356154125
2024-02-08 13:00:00,33473.48246078954
2024-02-08 14:00:00,34541.307574413695
2024-02-08 15:00:00,38089.54575898784
2024-02-08 16:00:00,47676.64772966986
2024-02-08 17:00:00,57440.65348643909
2024-02-08 18:00:00,53411.270772244345
2024-02-08 19:00:00,46727.28222684093
2024-02-08 20:00:00,41949.18973093307
2024-02-08 21:00:00,38039.451193247165
2024-02-08 22:00:00,33335.175995978454
2024-02-08 23:00:00,29966.014905270476
2024-02-09 00:00:00,27766.412860720346
2024-02-09 01:00:00,26175.57824764188
2024-02-09 02:00:00,25100.910896961086
2024-02-09 03:00:00,23199.485710950095
2024-02-09 04:00:00,21358.053013570465
2024-02-09 05:00:00,25407.371829804102
2024-02-09 06:00:00,30675.005647535243
2024-02-09 07:00:00,33331.984816546494
2024-02-09 08:00:00,33326.04722059857
2024-02-09 09:00:00,33534.50975268789
2024-02-09 10:00:00,33294.10423565459
2024-02-09 11:00:00,33508.0587483289
2024-02-09 12:00:00,33471.85379345498
2024-02-09 13:00:00,33446.62973440103
2024-02-09 14:00:00,34558.663984721345
2024-02-09 15:00:00,38086.438772279755
2024-02-09 16:00:00,47667.50286783606
2024-02-09 17:00:00,57272.89862796373
2024-02-09 18:00:00,53300.493728627436
2024-02-09 19:00:00,46744.76626150487
2024-02-09 20:00:00,41969.01382545867
2024-02-09 21:00:00,38060.443821610614
2024-02-09 22:00:00,33353.07755640022
2024-02-09 23:00:00,29982.33130360415
2024-02-10 00:00:00,27831.36117580986
2024-02-10 01:00:00,26271.210176015928
2024-02-10 02:00:00,25212.63432541381
2024-02-10 03:00:00,23377.314873585306
2024-02-10 04:00:00,21575.083841537056
2024-02-10 05:00:00,25607.973128836216
2024-02-10 06:00:00,30832.085086724957
2024-02-10 07:00:00,33448.85710821862
2024-02-10 08:00:00,33436.851474009265
2024-02-10 09:00:00,33622.527127140915
2024-02-10 10:00:00,33364.69185277845
2024-02-10 11:00:00,33543.8950388554
2024-02-10 12:00:00,33505.1672036177
2024-02-10 13:00:00,33482.424261563356
2024-02-10 14:00:00,34595.9868042485
2024-02-10 15:00:00,38104.38150250621
2024-02-10 16:00:00,47640.095960608305
2024-02-10 17:00:00,57376.4045018206
2024-02-10 18:00:00,53346.433182791996
2024-02-10 19:00:00,46674.815653831916
2024-02-10 20:00:00,41839.68855586109
2024-02-10 21:00:00,37994.60167897245
2024-02-10 22:00:00,33302.72552567148
2024-02-10 23:00:00,29961.378221382995
2024-02-11 00:00:00,27733.56717978576
2024-02-11 01:00:00,26184.510498583768
2024-02-11 02:00:00,25125.097723496718
2024-02-11 03:00:00,23240.753898497926
2024-02-11 04:00:00,21408.010790686003
2024-02-11 05:00:00,25406.89506645139
2024-02-11 06:00:00,30538.055355976277
2024-02-11 07:00:00,33091.214114704286
2024-02-11 08:00:00,32890.780671933746
2024-02-11 09:00:00,33191.95145203516
2024-02-11 10:00:00,33092.23720898825
2024-02-11 11:00:00,33372.86621711357
2024-02-11 12:00:00,33455.13385725286
2024-02-11 13:00:00,33457.72373533293
2024-02-11 14:00:00,34586.345427579996
2024-02-11 15:00:00,38095.91218359078
2024-02-11 16:00:00,47546.01819598919
2024-02-11 17:00:00,57192.94949481309
2024-02-11 18:00:00,53167.169240875155
2024-02-11 19:00:00,46512.64965115605
2024-02-11 20:00:00,41808.565688710936
2024-02-11 21:00:00,37975.29001509549
2024-02-11 22:00:00,33327.49761201477
2024-02-11 23:00:00,29986.47328282805
2024-02-12 00:00:00,27713.241656936956
2024-02-12 01:00:00,26144.219170275508
2024-02-12 02:00:00,25096.85304215585
2024-02-12 03:00:00,23232.65475009375
2024-02-12 04:00:00,21405.93001085557
2024-02-12 05:00:00,25441.73797236541
2024-02-12 06:00:00,30654.912028565075
2024-02-12 07:00:00,33204.08310818963
2024-02-12 08:00:00,33064.15306323858
2024-02-12 09:00:00,33434.65057485564
2024-02-12 10:00:00,33274.49615589935
2024-02-12 11:00:00,33543.015995111906
2024-02-12 12:00:00,33530.18301669617
2024-02-12 13:00:00,33494.79842630184
2024-02-12 14:00:00,34593.21273924716
2024-02-12 15:00:00,38043.51630776542
2024-02-12 16:00:00,47544.20731304195
2024-02-12 17:00:00,57172.376201743085
2024-02-12 18:00:00,53121.28923718731
2024-02-12 19:00:00,46487.459020368406
2024-02-12 20:00:00,41819.373605628505
2024-02-12 21:00:00,37970.45666641353
2024-02-12 22:00:00,33296.794784801
2024-02-12 23:00:00,29953.762582614956
2024-02-13 00:00:00,27778.5329700684
2024-02-13 01:00:00,26213.869134327037
2024-02-13 02:00:00,25185.26947710531
2024-02-13 03:00:00,23300.75977595046
2024-02-13 04:00:00,21469.407602643685
2024-02-13 05:00:00,25498.66048592492
2024-02-13 06:00:00,30694.100180489833
2024-02-13 07:00:00,33240.83360386945
2024-02-13 08:00:00,33167.69186181835
2024-02-13 09:00:00,33495.454624627026
2024-02-13 10:00:00,33334.4698768137
2024-02-13 11:00:00,33548.51566945381
2024-02-13 12:00:00,33505.03253954207
2024-02-13 13:00:00,33452.856404440434
2024-02-13 14:00:00,34524.085507266725
2024-02-13 15:00:00,38022.16777502381
2024-02-13 16:00:00,47529.832354315346
2024-02-13 17:00:00,57297.38074344979
2024-02-13 18:00:00,53248.67781755185
2024-02-13 19:00:00,46556.743330493126
2024-02-13 20:00:00,41833.640664782186
2024-02-13 21:00:00,37993.61704207591
2024-02-13 22:00:00,33298.94091499642
2024-02-13 23:00:00,29965.32604530025
2024-02-14 00:00:00,27768.158011607135
2024-02-14 01:00:00,26195.975853223033
2024-02-14 02:00:00,25137.17712714084
2024-02-14 03:00:00,23249.478721459556
2024-02-14 04:00:00,21399.846540920676
2024-02-14 05:00:00,25440.027796627557
2024-02-14 06:00:00,30600.02473866578
2024-02-14 07:00:00,33145.81038342432
2024-02-14 08:00:00,33137.32283837612
2024-02-14 09:00:00,33394.764351905964
2024-02-14 10:00:00,33218.95357836099
2024-02-14 11:00:00,33472.87826157683
2024-02-14 12:00:00,33458.700252896284
2024-02-14 13:00:00,33424.35580320535
2024-02-14 14:00:00,34511.66734905333
2024-02-14 15:00:00,37986.49423177065
2024-02-14 16:00:00,47520.42273744044
2024-02-14 17:00:00,57266.970610973585
2024-02-14 18:00:00,53249.906140812855
2024-02-14 19:00:00,46652.399018815755
2024-02-14 20:00:00,41908.88645130212
2024-02-14 21:00:00,38070.9150166853
2024-02-14 22:00:00,33361.13226313318
2024-02-14 23:00:00,30021.238727665215
2024-02-15 00:00:00,27881.2099955314
2024-02-15 01:00:00,26310.574721546698
2024-02-15 02:00:00,25256.109221614544
2024-02-15 03:00:00,23376.225985353354
2024-02-15 04:00:00,21525.54079998977
2024-02-15 05:00:00,25571.703363433306
2024-02-15 06:00:00,30791.844177262676
2024-02-15 07:00:00,33375.66632537966
2024-02-15 08:00:00,33358.64905518226
2024-02-15 09:00:00,33593.51743292843
2024-02-15 10:00:00,33440.871803570546
2024-02-15 11:00:00,33661.85215023285
2024-02-15 12:00:00,33617.26518350032
2024-02-15 13:00:00,33577.765812129284
2024-02-15 14:00:00,34689.68449903643
2024-02-15 15:00:00,38162.28919020348
2024-02-15 16:00:00,47743.21502855257
2024-02-15 17:00:00,57546.954240845895
2024-02-15 18:00:00,53567.359894854235
2024-02-15 19:00:00,46861.77289964486
2024-02-15 20:00:00,42072.90834111961
2024-02-15 21:00:00,38161.353270725354
2024-02-15 22:00:00,33462.366460754354
2024-02-15 23:00:00,30081.79633865534
2024-02-16 00:00:00,27886.7239894317
2024-02-16 01:00:00,26341.07311103693
2024-02-16 02:00:00,25254.48346554203
2024-02-16 03:00:00,23351.805605560246
2024-02-16 04:00:00,21516.106731700118
2024-02-16 05:00:00,25578.1269346715
2024-02-16 06:00:00,30815.28103731649
2024-02-16 07:00:00,33429.72941709767
2024-02-16 08:00:00,33348.25727391389
2024-02-16 09:00:00,33570.52066197332
2024-02-16 10:00:00,33355.09239520313
2024-02-16 11:00:00,33574.624801885606
2024-02-16 12:00:00,33549.13569942055
2024-02-16 13:00:00,33542.7277983151
2024-02-16 14:00:00,34627.46227810101
2024-02-16 15:00:00,38067.37210380349
2024-02-16 16:00:00,47567.19377418093
2024-02-16 17:00:00,57214.64458181181
2024-02-16 18:00:00,52977.40457509155
2024-02-16 19:00:00,46480.24375163463
2024-02-16 20:00:00,41776.46007006514
2024-02-16 21:00:00,37934.99915051724
2024-02-16 22:00:00,33251.392873151366
2024-02-16 23:00:00,29908.832629775512
2024-02-17 00:00:00,27765.41159468666
2024-02-17 01:00:00,26272.85807763147
2024-02-17 02:00:00,25244.407142107077
2024-02-17 03:00:00,23367.68862961142
2024-02-17 04:00:00,21553.694334480257
2024-02-17 05:00:00,25646.469806735335
2024-02-17 06:00:00,30912.725799862244
2024-02-17 07:00:00,33522.4123138575
2024-02-17 08:00:00,33541.12169326243
2024-02-17 09:00:00,33798.87395119943
2024-02-17 10:00:00,33596.85530664889
2024-02-17 11:00:00,33794.29890835421
2024-02-17 12:00:00,33751.060009606124
2024-02-17 13:00:00,33712.94804277165
2024-02-17 14:00:00,34806.57988739053
2024-02-17 15:00:00,38206.429091737744
2024-02-17 16:00:00,47675.79733484704
2024-02-17 17:00:00,57384.18481499451
2024-02-17 18:00:00,53378.964908114605
2024-02-17 19:00:00,46697.168883184444
2024-02-17 20:00:00,41955.83433743719
2024-02-17 21:00:00,38098.95431701958
2024-02-17 22:00:00,33420.76041397833
2024-02-17 23:00:00,30079.872844585425
2024-02-18 00:00:00,27973.023697654844
2024-02-18 01:00:00,26406.83206782587
2024-02-18 02:00:00,25328.095425354735
2024-02-18 03:00:00,23443.71965604078
2024-02-18 04:00:00,21620.15775353207
2024-02-18 05:00:00,25620.755820885883
2024-02-18 06:00:00,30666.087429232633
2024-02-18 07:00:00,33188.628084638134
2024-02-18 08:00:00,33133.803623242195
2024-02-18 09:00:00,33441.508004856
2024-02-18 10:00:00,33256.38751230572
2024-02-18 11:00:00,33478.032139981704
2024-02-18 12:00:00,33498.73768351113
2024-02-18 13:00:00,33485.2987622006
2024-02-18 14:00:00,34562.84208037329
2024-02-18 15:00:00,38064.26539114862
2024-02-18 16:00:00,47590.82930421534
2024-02-18 17:00:00,57327.51586339882
2024-02-18 18:00:00,53103.675153846074
2024-02-18 19:00:00,46588.14741069966
2024-02-18 20:00:00,41906.22943051814
2024-02-18 21:00:00,38138.926095999916
2024-02-18 22:00:00,33464.009121131436
2024-02-18 23:00:00,30082.78895591485
2024-02-19 00:00:00,27817.086537872783
2024-02-19 01:00:00,26284.387682128356
2024-02-19 02:00:00,25223.42312930351
2024-02-19 03:00:00,23341.9129742764
2024-02-19 04:00:00,21551.372554507943
2024-02-19 05:00:00,25621.060362831446
2024-02-19 06:00:00,30695.075853701586
2024-02-19 07:00:00,33114.22056097991
2024-02-19 08:00:00,33071.39062281515
2024-02-19 09:00:00,33403.354996701615
2024-02-19 10:00:00,33267.51628081221
2024-02-19 11:00:00,33569.51377797322
2024-02-19 12:00:00,33597.45654396461
2024-02-19 13:00:00,33579.54022110843
2024-02-19 14:00:00,34701.29613054306
2024-02-19 15:00:00,38192.23213286601
2024-02-19 16:00:00,47720.06770751249
2024-02-19 17:00:00,57402.368032257094
2024-02-19 18:00:00,53435.305318881066
2024-02-19 19:00:00,46857.06382115487
2024-02-19 20:00:00,42087.06472351731
2024-02-19 21:00:00,38189.36213029916
2024-02-19 22:00:00,33513.451719436416
2024-02-19 23:00:00,30130.4301812017
2024-02-20 00:00:00,27924.96230860864
2024-02-20 01:00:00,26367.590087118107
2024-02-20 02:00:00,25303.99638348924
2024-02-20 03:00:00,23442.504556285516
2024-02-20 04:00:00,21637.91280487883
2024-02-20 05:00:00,25700.693384534123
2024-02-20 06:00:00,30895.040610533404
2024-02-20 07:00:00,33484.25640035053
2024-02-20 08:00:00,33458.548298119174
2024-02-20 09:00:00,33618.01033418393
2024-02-20 10:00:00,33408.95833713484
2024-02-20 11:00:00,33608.87363169435
2024-02-20 12:00:00,33601.56830859216
2024-02-20 13:00:00,33579.85141921203
2024-02-20 14:00:00,34676.559341938184
2024-02-20 15:00:00,38227.27701961293
2024-02-20 16:00:00,47742.60005641418
2024-02-20 17:00:00,57520.67313430465
2024-02-20 18:00:00,53461.06051004614
2024-02-20 19:00:00,46872.22616788105
2024-02-20 20:00:00,42103.80695688938
2024-02-20 21:00:00,38250.41281356648
2024-02-20 22:00:00,33595.83347519178
2024-02-20 23:00:00,30292.718936697343
2024-02-21 00:00:00,28129.54990288225
2024-02-21 01:00:00,26588.065327757806
2024-02-21 02:00:00,25528.231530240224
2024-02-21 03:00:00,23635.206155903546
2024-02-21 04:00:00,21731.169054593447
2024-02-21 05:00:00,25688.88547564441
2024-02-21 06:00:00,30747.404235442405
2024-02-21 07:00:00,33245.915619177045
2024-02-21 08:00:00,33162.822395854666
2024-02-21 09:00:00,33456.939093515844
2024-02-21 10:00:00,33272.06389827875
2024-02-21 11:00:00,33496.16678821705
2024-02-21 12:00:00,33526.46766487884
2024-02-21 13:00:00,33507.68558324348
2024-02-21 14:00:00,34644.35223685771
2024-02-21 15:00:00,38090.9986595935
2024-02-21 16:00:00,47668.00289884662
2024-02-21 17:00:00,57462.95206400927
2024-02-21 18:00:00,53507.47585189593
2024-02-21 19:00:00,46885.75191809688
2024-02-21 20:00:00,42195.659625124674
2024-02-21 21:00:00,38490.11134362468
2024-02-21 22:00:00,33928.122839325544
2024-02-21 23:00:00,30666.563375776805
2024-02-22 00:00:00,28369.18044583203
2024-02-22 01:00:00,26880.58159429661
2024-02-22 02:00:00,25820.91424936127
2024-02-22 03:00:00,23951.483548606146
2024-02-22 04:00:00,22148.71610901219
2024-02-22 05:00:00,26222.124449474933
2024-02-22 06:00:00,31015.931084787655
2024-02-22 07:00:00,33450.72522531612
2024-02-22 08:00:00,33500.87679736853
2024-02-22 09:00:00,33721.550479781545
2024-02-22 10:00:00,33527.567708999704
2024-02-22 11:00:00,33782.05274595137
2024-02-22 12:00:00,33776.655179501715
2024-02-22 13:00:00,33773.1359428925
2024-02-22 14:00:00,34835.77504594923
2024-02-22 15:00:00,38249.641529452856
2024-02-22 16:00:00,47783.21222339293
2024-02-22 17:00:00,57548.974625680945
2024-02-22 18:00:00,53533.44877885951
2024-02-22 19:00:00,46850.705503890764
2024-02-22 20:00:00,42054.74469285347
2024-02-22 21:00:00,38167.45466975316
2024-02-22 22:00:00,33457.57490757294
2024-02-22 23:00:00,30047.993203846
2024-02-23 00:00:00,27729.360377467525
2024-02-23 01:00:00,26183.37375868548
2024-02-23 02:00:00,25170.146652700583
2024-02-23 03:00:00,23338.231104932398
2024-02-23 04:00:00,21539.883542237207
2024-02-23 05:00:00,25603.916342879078
2024-02-23 06:00:00,30775.919538226834
2024-02-23 07:00:00,33353.08190849972
2024-02-23 08:00:00,33363.89045309239
2024-02-23 09:00:00,33643.254239479815
2024-02-23 10:00:00,33499.337832920006
2024-02-23 11:00:00,33734.082760367564
2024-02-23 12:00:00,33738.96056611164
2024-02-23 13:00:00,33786.560095819164
2024-02-23 14:00:00,34849.69476690364
2024-02-23 15:00:00,38285.46025125955
2024-02-23 16:00:00,47709.04435389486
2024-02-23 17:00:00,57333.88951317095
2024-02-23 18:00:00,53269.527706628716
2024-02-23 19:00:00,46634.90931288758
2024-02-23 20:00:00,41936.21654363165
2024-02-23 21:00:00,38090.211141811
2024-02-23 22:00:00,33435.71201028867
2024-02-23 23:00:00,30105.47935556228
2024-02-24 00:00:00,27841.862905344064
2024-02-24 01:00:00,26280.162102349757
2024-02-24 02:00:00,25218.932371466646
2024-02-24 03:00:00,23345.82894718785
2024-02-24 04:00:00,21549.463904516717
2024-02-24 05:00:00,25635.6161775775
2024-02-24 06:00:00,30837.859117189484
2024-02-24 07:00:00,33426.17578023127
2024-02-24 08:00:00,33397.852600410646
2024-02-24 09:00:00,33597.159752167325
2024-02-24 10:00:00,33419.166001173115
2024-02-24 11:00:00,33640.245072306316
2024-02-24 12:00:00,33628.83382092989
2024-02-24 13:00:00,33629.71210954869
2024-02-24 14:00:00,34709.83479964758
2024-02-24 15:00:00,38169.153921385296
2024-02-24 16:00:00,47568.80694250201
2024-02-24 17:00:00,57206.93776607007
2024-02-24 18:00:00,53109.62945777943
2024-02-24 19:00:00,46574.474977169084
2024-02-24 20:00:00,41879.719364264005
2024-02-24 21:00:00,38021.88343098832
2024-02-24 22:00:00,33332.21536575267
2024-02-24 23:00:00,30037.17675787946
2024-02-25 00:00:00,27829.358176734735
2024-02-25 01:00:00,26266.751243175786
2024-02-25 02:00:00,25217.999614916374
2024-02-25 03:00:00,23384.64965774527
2024-02-25 04:00:00,21578.027852113468
2024-02-25 05:00:00,25612.67791002195
2024-02-25 06:00:00,30695.094227721347
2024-02-25 07:00:00,33206.032484503914
2024-02-25 08:00:00,33175.90730971917
2024-02-25 09:00:00,33463.83821392747
2024-02-25 10:00:00,33303.288837542656
2024-02-25 11:00:00,33516.971706097494
2024-02-25 12:00:00,33532.854836038554
2024-02-25 13:00:00,33491.38698156707
2024-02-25 14:00:00,34578.84629202112
2024-02-25 15:00:00,38053.4663006559
2024-02-25 16:00:00,47536.877513312735
2024-02-25 17:00:00,57256.097550770646
2024-02-25 18:00:00,53197.02639184998
2024-02-25 19:00:00,46550.19914172715
2024-02-25 20:00:00,41852.41929263655
2024-02-25 21:00:00,38023.19315689179
2024-02-25 22:00:00,33332.437237156446
2024-02-25 23:00:00,30011.50959448988
2024-02-26 00:00:00,27833.329616652467
2024-02-26 01:00:00,26260.61560612616
2024-02-26 02:00:00,25202.181860576533
2024-02-26 03:00:00,23332.017209287944
2024-02-26 04:00:00,21540.017779549304
2024-02-26 05:00:00,25563.62083739335
2024-02-26 06:00:00,30653.428410558623
2024-02-26 07:00:00,33033.529266674705
2024-02-26 08:00:00,33019.433020661745
2024-02-26 09:00:00,33386.87777861927
2024-02-26 10:00:00,33280.21555276173
2024-02-26 11:00:00,33517.111669499274
2024-02-26 12:00:00,33521.832973962795
2024-02-26 13:00:00,33477.48305861493
2024-02-26 14:00:00,34537.88198921694
2024-02-26 15:00:00,37969.62279779584
2024-02-26 16:00:00,47419.349496179
2024-02-26 17:00:00,57011.56127851236
2024-02-26 18:00:00,52893.89286927654
2024-02-26 19:00:00,46275.687196628256
2024-02-26 20:00:00,41713.85510104943
2024-02-26 21:00:00,37947.094396875225
2024-02-26 22:00:00,33275.74091150964
2024-02-26 23:00:00,29965.335682772395
2024-02-27 00:00:00,27804.19559735009
2024-02-27 01:00:00,26241.89549616779
2024-02-27 02:00:00,25160.098527954306
2024-02-27 03:00:00,23262.30393278414
2024-02-27 04:00:00,21475.754468827454
2024-02-27 05:00:00,25523.924747138644
2024-02-27 06:00:00,30659.897286559717
2024-02-27 07:00:00,33000.70331446037
2024-02-27 08:00:00,32931.58680188782
2024-02-27 09:00:00,33335.98535733615
2024-02-27 10:00:00,33221.01594340243
2024-02-27 11:00:00,33486.70346629198
2024-02-27 12:00:00,33477.16627317888
2024-02-27 13:00:00,33490.53600095609
2024-02-27 14:00:00,34604.78696094721
2024-02-27 15:00:00,38113.003035770686
2024-02-27 16:00:00,47481.99125322227
2024-02-27 17:00:00,57316.562082013275
2024-02-27 18:00:00,53134.010913813174
2024-02-27 19:00:00,46573.12479875193
2024-02-27 20:00:00,41923.43093593616
2024-02-27 21:00:00,38171.05671821467
2024-02-27 22:00:00,33504.1013034343
2024-02-27 23:00:00,30163.656596893652
2024-02-28 00:00:00,27901.480291888623
2024-02-28 01:00:00,26341.280099526797
2024-02-28 02:00:00,25326.89386437958
2024-02-28 03:00:00,23472.638674148133
2024-02-28 04:00:00,21738.022081121668
2024-02-28 05:00:00,25810.909017129015
2024-02-28 06:00:00,30971.51951074625
2024-02-28 07:00:00,33583.39089111688
2024-02-28 08:00:00,33546.210661638586
2024-02-28 09:00:00,33737.64098667895
2024-02-28 10:00:00,33489.94499778868
2024-02-28 11:00:00,33667.115419666836
2024-02-28 12:00:00,33612.455642426285
2024-02-28 13:00:00,33570.38544749879
2024-02-28 14:00:00,34704.63258696451
2024-02-28 15:00:00,38209.54026377533
2024-02-28 16:00:00,47764.50711706884
2024-02-28 17:00:00,57390.48281526486
2024-02-28 18:00:00,53440.71737746829
2024-02-28 19:00:00,46841.654475955576
2024-02-28 20:00:00,42065.325789380084
2024-02-28 21:00:00,38177.60037125077
2024-02-28 22:00:00,33490.61227591883
2024-02-28 23:00:00,30131.222509238996
2024-02-29 00:00:00,27914.514366800897
2024-02-29 01:00:00,26334.46446571991
2024-02-29 02:00:00,25270.70573534922
2024-02-29 03:00:00,23400.169510596905
2024-02-29 04:00:00,21621.77844653508
2024-02-29 05:00:00,25709.158094945844
2024-02-29 06:00:00,30895.084589209735
2024-02-29 07:00:00,33457.05021531473
2024-02-29 08:00:00,33428.36922851849
2024-02-29 09:00:00,33624.476993066375
2024-02-29 10:00:00,33378.547879425176
2024-02-29 11:00:00,33592.02776334389
2024-02-29 12:00:00,33574.76648321353
2024-02-29 13:00:00,33501.10030736795
2024-02-29 14:00:00,34507.42606274358
2024-02-29 15:00:00,37955.46051956764
2024-02-29 16:00:00,47414.56840580226
2024-02-29 17:00:00,57081.30117232689
2024-02-29 18:00:00,53077.29399738365
2024-02-29 19:00:00,46465.95611222301
2024-02-29 20:00:00,41783.643533932285
2024-02-29 21:00:00,37951.766661048074
2024-02-29 22:00:00,33278.13537764354
2024-02-29 23:00:00,29952.463440142397
2024-03-01 00:00:00,27813.681269743047
2024-03-01 01:00:00,26285.83861283896
2024-03-01 02:00:00,25227.745918811554
2024-03-01 03:00:00,23364.320412122655
2024-03-01 04:00:00,21597.191998609214
2024-03-01 05:00:00,25679.233853802925
2024-03-01 06:00:00,30877.698995375926
2024-03-01 07:00:00,33461.351547437516
2024-03-01 08:00:00,33432.90195035803
2024-03-01 09:00:00,33560.72847617962
2024-03-01 10:00:00,33372.943950668254
2024-03-01 11:00:00,33577.57213980869
2024-03-01 12:00:00,33553.871007975045
2024-03-01 13:00:00,33518.11061223044
2024-03-01 14:00:00,34581.64195519183
2024-03-01 15:00:00,38019.98034344444
2024-03-01 16:00:00,47466.368148198024
2024-03-01 17:00:00,57170.59657367981
2024-03-01 18:00:00,53072.37112900511
2024-03-01 19:00:00,46431.82870311046
2024-03-01 20:00:00,41786.94411142486
2024-03-01 21:00:00,37970.789805703396
2024-03-01 22:00:00,33380.31669941247
2024-03-01 23:00:00,30081.2060371095
2024-03-02 00:00:00,27876.355307346326
2024-03-02 01:00:00,26314.77115335237
2024-03-02 02:00:00,25255.26326606463
2024-03-02 03:00:00,23367.256256409608
2024-03-02 04:00:00,21599.722416893783
2024-03-02 05:00:00,25690.09137529901
2024-03-02 06:00:00,30890.57293303003
2024-03-02 07:00:00,33486.622941536705
2024-03-02 08:00:00,33491.119149511804
2024-03-02 09:00:00,33693.757239242994
2024-03-02 10:00:00,33467.40522724708
2024-03-02 11:00:00,33685.4925963391
2024-03-02 12:00:00,33645.50476109407
2024-03-02 13:00:00,33654.91171336243
2024-03-02 14:00:00,34724.894814347426
2024-03-02 15:00:00,38149.719338678326
2024-03-02 16:00:00,47601.54981366575
2024-03-02 17:00:00,57218.223266865134
2024-03-02 18:00:00,53169.51664013731
2024-03-02 19:00:00,46543.14079418088
2024-03-02 20:00:00,41748.33169050963
2024-03-02 21:00:00,37911.35202879912
2024-03-02 22:00:00,33366.75252843203
2024-03-02 23:00:00,29886.870754117535
2024-03-03 00:00:00,27714.01694034005
2024-03-03 01:00:00,26156.892046705474
2024-03-03 02:00:00,25105.394777267327
2024-03-03 03:00:00,23252.294379758318
2024-03-03 04:00:00,21491.87023852786
2024-03-03 05:00:00,25530.850965761976
2024-03-03 06:00:00,30614.778444106636
2024-03-03 07:00:00,33044.47495928083
2024-03-03 08:00:00,32953.37847009246
2024-03-03 09:00:00,33347.280907124325
2024-03-03 10:00:00,33252.0189931769
2024-03-03 11:00:00,33547.21939535763
2024-03-03 12:00:00,33492.493728226065
2024-03-03 13:00:00,33445.890481366136
2024-03-03 14:00:00,34559.30890386372
2024-03-03 15:00:00,38081.224409879076
2024-03-03 16:00:00,47592.62114328274
2024-03-03 17:00:00,57181.24450407271
2024-03-03 18:00:00,53273.74672259366
2024-03-03 19:00:00,46706.69765347204
2024-03-03 20:00:00,41942.59489089794
2024-03-03 21:00:00,38066.868861976225
2024-03-03 22:00:00,33391.05856718544
2024-03-03 23:00:00,30031.548105201036
2024-03-04 00:00:00,27860.442691177523
2024-03-04 01:00:00,26286.9399302373
2024-03-04 02:00:00,25230.79450732491
2024-03-04 03:00:00,23366.987101919196
2024-03-04 04:00:00,21601.463432265184
2024-03-04 05:00:00,25690.458175428776
2024-03-04 06:00:00,30876.695782671428
2024-03-04 07:00:00,33455.856321546875
2024-03-04 08:00:00,33423.475140146606
2024-03-04 09:00:00,33632.99195392871
2024-03-04 10:00:00,33387.10178377021
2024-03-04 11:00:00,33574.16867889678
2024-03-04 12:00:00,33517.93533195501
2024-03-04 13:00:00,33470.6767043768
2024-03-04 14:00:00,34582.699910362935
2024-03-04 15:00:00,38079.572330351955
2024-03-04 16:00:00,47582.29852974863
2024-03-04 17:00:00,57219.63545674861
2024-03-04 18:00:00,52932.49756393025
2024-03-04 19:00:00,46345.53037592551
2024-03-04 20:00:00,41763.62925538399
2024-03-04 21:00:00,37930.51935912138
2024-03-04 22:00:00,33323.643165258385
2024-03-04 23:00:00,29916.049215412597
2024-03-05 00:00:00,27696.283431333908
2024-03-05 01:00:00,26129.584720382314
2024-03-05 02:00:00,25076.518078653044
2024-03-05 03:00:00,23221.186052155033
2024-03-05 04:00:00,21452.004295916126
2024-03-05 05:00:00,25514.24948835184
2024-03-05 06:00:00,30596.158496307384
2024-03-05 07:00:00,32940.27886557884
2024-03-05 08:00:00,32894.00030856857
2024-03-05 09:00:00,33325.271449373024
2024-03-05 10:00:00,33199.48310114692
2024-03-05 11:00:00,33429.70262284653
2024-03-05 12:00:00,33395.95593575341
2024-03-05 13:00:00,33348.70370867144
2024-03-05 14:00:00,34450.25158976037
2024-03-05 15:00:00,37934.07875650607
2024-03-05 16:00:00,47346.65281754953
2024-03-05 17:00:00,56917.7254172406
2024-03-05 18:00:00,52755.73732364724
2024-03-05 19:00:00,46087.90332948923
2024-03-05 20:00:00,41593.30943967869
2024-03-05 21:00:00,37849.88602922099
2024-03-05 22:00:00,33189.357215022064
2024-03-05 23:00:00,29868.3674042078
2024-03-06 00:00:00,27671.802611891
2024-03-06 01:00:00,26113.501384498377
2024-03-06 02:00:00,25080.546638957767
2024-03-06 03:00:00,23236.921358795225
2024-03-06 04:00:00,21465.763503313716
2024-03-06 05:00:00,25531.957182815277
2024-03-06 06:00:00,30599.306153269816
2024-03-06 07:00:00,32982.62029998502
2024-03-06 08:00:00,33030.92924747274
2024-03-06 09:00:00,33417.55565486565
2024-03-06 10:00:00,33251.18806971152
2024-03-06 11:00:00,33494.387987160284
2024-03-06 12:00:00,33480.21168937675
2024-03-06 13:00:00,33447.894697449425
2024-03-06 14:00:00,34529.55640052069
2024-03-06 15:00:00,37999.6476702807
2024-03-06 16:00:00,47464.18625643127
2024-03-06 17:00:00,57029.85248907732
2024-03-06 18:00:00,52904.854173319705
2024-03-06 19:00:00,46408.61529856036
2024-03-06 20:00:00,41713.20433857971
2024-03-06 21:00:00,37924.86872655304
2024-03-06 22:00:00,33241.611214137774
2024-03-06 23:00:00,29943.58669411014
2024-03-07 00:00:00,27727.992585675893
2024-03-07 01:00:00,26175.502638764214
2024-03-07 02:00:00,25120.41428995547
2024-03-07 03:00:00,23271.46167095364
2024-03-07 04:00:00,21513.239466617404
2024-03-07 05:00:00,25608.261858503734
2024-03-07 06:00:00,30620.79152513078
2024-03-07 07:00:00,33077.45768028598
2024-03-07 08:00:00,33120.725769492594
2024-03-07 09:00:00,33471.7133501118
2024-03-07 10:00:00,33404.85266114317
2024-03-07 11:00:00,33651.21634972757
2024-03-07 12:00:00,33580.404274552835
2024-03-07 13:00:00,33546.530589486516
2024-03-07 14:00:00,34678.45442144143
2024-03-07 15:00:00,38284.427386034215
2024-03-07 16:00:00,47615.67023115928
2024-03-07 17:00:00,57213.786161421165
2024-03-07 18:00:00,53144.34302064148
2024-03-07 19:00:00,46520.404112671065
2024-03-07 20:00:00,41837.430258711945
2024-03-07 21:00:00,38018.223442072565
2024-03-07 22:00:00,33337.10251535046
2024-03-07 23:00:00,30032.230678972875
2024-03-08 00:00:00,27862.823637102643
2024-03-08 01:00:00,26312.55171074346
2024-03-08 02:00:00,25271.96688016317
2024-03-08 03:00:00,23426.104982982855
2024-03-08 04:00:00,21718.912387683944
2024-03-08 05:00:00,25833.697183702505
2024-03-08 06:00:00,30990.682613870467
2024-03-08 07:00:00,33551.8825172484
2024-03-08 08:00:00,33524.668144821524
2024-03-08 09:00:00,33767.01316444225
2024-03-08 10:00:00,33681.10317082027
2024-03-08 11:00:00,34231.533579297415
2024-03-08 12:00:00,34181.17956816297
2024-03-08 13:00:00,34146.66658216902
2024-03-08 14:00:00,35234.38014736162
2024-03-08 15:00:00,38415.42825752465
2024-03-08 16:00:00,47643.0689939495
2024-03-08 17:00:00,57323.51789544287
2024-03-08 18:00:00,53381.15952386684
2024-03-08 19:00:00,46738.769837190404
2024-03-08 20:00:00,41991.229123434
2024-03-08 21:00:00,38106.602667278064
2024-03-08 22:00:00,33439.84014132855
2024-03-08 23:00:00,30095.07597480799
2024-03-09 00:00:00,27953.108501687493
2024-03-09 01:00:00,26413.804060810806
2024-03-09 02:00:00,25417.41428894473
2024-03-09 03:00:00,23620.916335023237
2024-03-09 04:00:00,21907.938721839037
2024-03-09 05:00:00,26016.47641789865
2024-03-09 06:00:00,31182.659625416265
2024-03-09 07:00:00,33707.72302926279
2024-03-09 08:00:00,33731.500383276434
2024-03-09 09:00:00,34024.59238909106
2024-03-09 10:00:00,34023.93856475201
2024-03-09 11:00:00,34233.22882717023
2024-03-09 12:00:00,34166.69577495101
2024-03-09 13:00:00,34117.066098894546
2024-03-09 14:00:00,35231.514479458616
2024-03-09 15:00:00,38565.71989563193
2024-03-09 16:00:00,47688.211898694084
2024-03-09 17:00:00,57375.359279840304
2024-03-09 18:00:00,53424.37374336929
2024-03-09 19:00:00,46774.73212694136
2024-03-09 20:00:00,42028.98310752861
2024-03-09 21:00:00,38144.6041787742
2024-03-09 22:00:00,33468.340693198035
2024-03-09 23:00:00,30122.09508101393
2024-03-10 00:00:00,27951.565773211143
2024-03-10 01:00:00,26379.179388231103
2024-03-10 02:00:00,25316.620837937975
2024-03-10 03:00:00,23471.194843292902
2024-03-10 04:00:00,21718.017885651734
2024-03-10 05:00:00,25771.34238906693
2024-03-10 06:00:00,30936.5167882764
2024-03-10 07:00:00,33456.17438987186
2024-03-10 08:00:00,33398.03001616011
2024-03-10 09:00:00,33604.46030010214
2024-03-10 10:00:00,33356.57490989064
2024-03-10 11:00:00,33554.43279894384
2024-03-10 12:00:00,33505.56219025721
2024-03-10 13:00:00,33454.722387014095
2024-03-10 14:00:00,34570.573888125786
2024-03-10 15:00:00,38051.20232980711
2024-03-10 16:00:00,47527.92143992598
2024-03-10 17:00:00,57261.65307694545
2024-03-10 18:00:00,53221.3522254018
2024-03-10 19:00:00,46597.501652840576
2024-03-10 20:00:00,41852.43108349556
2024-03-10 21:00:00,37984.776110097104
2024-03-10 22:00:00,33338.219112656065
2024-03-10 23:00:00,29969.338955553154
2024-03-11 00:00:00,27726.06298463351
2024-03-11 01:00:00,26199.266539690783
2024-03-11 02:00:00,25136.53747294768
2024-03-11 03:00:00,23296.890620176324
2024-03-11 04:00:00,21546.31390484405
2024-03-11 05:00:00,25596.18584397525
2024-03-11 06:00:00,30599.641118279633
2024-03-11 07:00:00,33075.663291912744
2024-03-11 08:00:00,32997.026298649085
2024-03-11 09:00:00,33258.68490001787
2024-03-11 10:00:00,33092.93006184668
2024-03-11 11:00:00,33326.5473838949
2024-03-11 12:00:00,33284.36485265335
2024-03-11 13:00:00,33235.893226007385
2024-03-11 14:00:00,34340.38443913225
2024-03-11 15:00:00,37751.250133343994
2024-03-11 16:00:00,47072.250153979665
2024-03-11 17:00:00,56717.63821246478
2024-03-11 18:00:00,52545.504887752235
2024-03-11 19:00:00,46005.63983508098
2024-03-11 20:00:00,41533.02872000995
2024-03-11 21:00:00,37803.2548326372
2024-03-11 22:00:00,33178.57113626238
2024-03-11 23:00:00,29919.173196263608
2024-03-12 00:00:00,27786.41275673902
2024-03-12 01:00:00,26237.62891281609
2024-03-12 02:00:00,25191.882560187987
2024-03-12 03:00:00,23349.144085980333
2024-03-12 04:00:00,21621.687054871116
2024-03-12 05:00:00,25706.547028853744
2024-03-12 06:00:00,30714.904731487335
2024-03-12 07:00:00,33304.201204038756
2024-03-12 08:00:00,33122.19062940657
2024-03-12 09:00:00,33449.76723587416
2024-03-12 10:00:00,33294.898341999266
2024-03-12 11:00:00,33525.74386736031
2024-03-12 12:00:00,33470.299954442366
2024-03-12 13:00:00,33444.943384242615
2024-03-12 14:00:00,34565.97755340027
2024-03-12 15:00:00,38072.393334137756
2024-03-12 16:00:00,47522.1314716557
2024-03-12 17:00:00,57234.61172754777
2024-03-12 18:00:00,53241.76996698821
2024-03-12 19:00:00,46667.21171260044
2024-03-12 20:00:00,42045.239848961086
2024-03-12 21:00:00,38127.638208149874
2024-03-12 22:00:00,33460.37684982815
2024-03-12 23:00:00,30127.904669026702
2024-03-13 00:00:00,27923.780020170794
2024-03-13 01:00:00,26372.52238992757
2024-03-13 02:00:00,25330.844385472556
2024-03-13 03:00:00,23485.133736369808
2024-03-13 04:00:00,21731.70901892964
2024-03-13 05:00:00,25836.206587837114
2024-03-13 06:00:00,30954.660013995366
2024-03-13 07:00:00,33515.914088171245
2024-03-13 08:00:00,33462.60824511376
2024-03-13 09:00:00,33663.59516814029
2024-03-13 10:00:00,33462.63452869676
2024-03-13 11:00:00,33670.06743248215
2024-03-13 12:00:00,33603.03116547497
2024-03-13 13:00:00,33582.50878102038
2024-03-13 14:00:00,34685.6586698203
2024-03-13 15:00:00,38108.84304797338
2024-03-13 16:00:00,47570.4329633157
2024-03-13 17:00:00,57206.763821074244
2024-03-13 18:00:00,53292.966429551896
2024-03-13 19:00:00,46741.29324098002
2024-03-13 20:00:00,41993.08183948272
2024-03-13 21:00:00,38119.894568186224
2024-03-13 22:00:00,33452.766089687015
2024-03-13 23:00:00,30130.2509899493
2024-03-14 00:00:00,27969.470038521315
2024-03-14 01:00:00,26417.963405851347
2024-03-14 02:00:00,25379.030372810616
2024-03-14 03:00:00,23547.380022267498
2024-03-14 04:00:00,21812.14031426963
2024-03-14 05:00:00,25936.740620157685
2024-03-14 06:00:00,31052.95829796686
2024-03-14 07:00:00,33521.601119302584
2024-03-14 08:00:00,33417.075653660446
2024-03-14 09:00:00,33710.727095005794
2024-03-14 10:00:00,33528.36612970519
2024-03-14 11:00:00,33787.601238476636
2024-03-14 12:00:00,33728.92285162115
2024-03-14 13:00:00,33693.63075129835
2024-03-14 14:00:00,34714.4467166819
2024-03-14 15:00:00,38142.528877587254
2024-03-14 16:00:00,47577.861510813076
2024-03-14 17:00:00,57280.08368021551
2024-03-14 18:00:00,53382.743313063096
2024-03-14 19:00:00,46749.378268935194
2024-03-14 20:00:00,41992.62658947063
2024-03-14 21:00:00,38157.14791512437
2024-03-14 22:00:00,33500.88579851705
2024-03-14 23:00:00,30157.40263599542
2024-03-15 00:00:00,28013.29492845674
2024-03-15 01:00:00,26471.175796418986
2024-03-15 02:00:00,25436.340430337088
2024-03-15 03:00:00,23608.316033701496
2024-03-15 04:00:00,21881.292104995788
2024-03-15 05:00:00,25979.46448611946
2024-03-15 06:00:00,31070.927150752632
2024-03-15 07:00:00,33619.12773685195
2024-03-15 08:00:00,33606.415450265304
2024-03-15 09:00:00,33790.857621622636
2024-03-15 10:00:00,33547.16206874316
2024-03-15 11:00:00,33760.224420513616
2024-03-15 12:00:00,33745.68477971251
2024-03-15 13:00:00,33869.27915779618
2024-03-15 14:00:00,35092.27692685655
2024-03-15 15:00:00,38354.71385107469
2024-03-15 16:00:00,47655.15649337017
2024-03-15 17:00:00,57390.76766770181
2024-03-15 18:00:00,53431.87224793486
2024-03-15 19:00:00,46801.54468624419
2024-03-15 20:00:00,42030.6593353944
2024-03-15 21:00:00,38133.10900472775
2024-03-15 22:00:00,33476.978317905465
2024-03-15 23:00:00,30076.640756924277
2024-03-16 00:00:00,27780.857011554737
2024-03-16 01:00:00,26265.970302826794
2024-03-16 02:00:00,25269.178745586603
2024-03-16 03:00:00,23403.992588178957
2024-03-16 04:00:00,21670.04351361238
2024-03-16 05:00:00,25769.013431226922
2024-03-16 06:00:00,30933.24706002454
2024-03-16 07:00:00,33541.85377702586
2024-03-16 08:00:00,33571.43389613615
2024-03-16 09:00:00,33787.69996307227
2024-03-16 10:00:00,33541.30251272117
2024-03-16 11:00:00,33711.09414251091
2024-03-16 12:00:00,33686.767292848104
2024-03-16 13:00:00,33652.75586016294
2024-03-16 14:00:00,34674.02155061487
2024-03-16 15:00:00,38069.025414086624
2024-03-16 16:00:00,47370.00459716932
2024-03-16 17:00:00,57011.29325463522
2024-03-16 18:00:00,52970.86139152874
2024-03-16 19:00:00,46393.25662996097
2024-03-16 20:00:00,41909.04900791558
2024-03-16 21:00:00,38067.78787973007
2024-03-16 22:00:00,33423.55944370799
2024-03-16 23:00:00,30085.089133119705
2024-03-17 00:00:00,27881.222408766578
2024-03-17 01:00:00,26318.77446835312
2024-03-17 02:00:00,25271.928003710855
2024-03-17 03:00:00,23428.196265551556
2024-03-17 04:00:00,21703.120891030365
2024-03-17 05:00:00,25807.5027526286
2024-03-17 06:00:00,30947.6458006416
2024-03-17 07:00:00,33407.013116323316
2024-03-17 08:00:00,33085.22526128389
2024-03-17 09:00:00,33411.551909273105
2024-03-17 10:00:00,33242.85426892238
2024-03-17 11:00:00,33495.63001256694
2024-03-17 12:00:00,33448.16614344027
2024-03-17 13:00:00,33419.99719297119
2024-03-17 14:00:00,34562.75872307848
2024-03-17 15:00:00,37965.33898414261
2024-03-17 16:00:00,47400.597655807534
2024-03-17 17:00:00,57156.79061539228
2024-03-17 18:00:00,53184.843636349884
2024-03-17 19:00:00,46312.51304673514
2024-03-17 20:00:00,41513.79404171932
2024-03-17 21:00:00,37839.04961516511
2024-03-17 22:00:00,33264.90371926099
2024-03-17 23:00:00,30074.41390041075
2024-03-18 00:00:00,27876.90625291135
2024-03-18 01:00:00,26324.08554605522
2024-03-18 02:00:00,25265.174425981917
2024-03-18 03:00:00,23478.887234035486
2024-03-18 04:00:00,21738.028239548894
2024-03-18 05:00:00,25823.93239260778
2024-03-18 06:00:00,30937.52073421193
2024-03-18 07:00:00,33163.23514398767
2024-03-18 08:00:00,33068.492160682945
2024-03-18 09:00:00,33511.38971504401
2024-03-18 10:00:00,33331.12162200368
2024-03-18 11:00:00,33580.21190163002
2024-03-18 12:00:00,33541.67856281837
2024-03-18 13:00:00,33482.69972909253
2024-03-18 14:00:00,34577.09011091552
2024-03-18 15:00:00,37991.517225011834
2024-03-18 16:00:00,47428.323358929345
2024-03-18 17:00:00,56905.670139217495
2024-03-18 18:00:00,52752.65976736156
2024-03-18 19:00:00,45971.385298550245
2024-03-18 20:00:00,41405.19076776026
2024-03-18 21:00:00,37757.80901681337
2024-03-18 22:00:00,33149.470201416756
2024-03-18 23:00:00,29861.202224770946
2024-03-19 00:00:00,27662.145452077333
2024-03-19 01:00:00,26127.34073958621
2024-03-19 02:00:00,25063.325113847688
2024-03-19 03:00:00,23212.061095748337
2024-03-19 04:00:00,21487.919902898462
2024-03-19 05:00:00,25560.29155158009
2024-03-19 06:00:00,30325.57230004031
2024-03-19 07:00:00,32884.456329674314
2024-03-19 08:00:00,33043.32365673209
2024-03-19 09:00:00,33528.239988135356
2024-03-19 10:00:00,33310.40861572956
2024-03-19 11:00:00,33489.77033193803
2024-03-19 12:00:00,33462.062141708506
2024-03-19 13:00:00,33379.91088299064
2024-03-19 14:00:00,34483.55520757661
2024-03-19 15:00:00,37892.33056079019
2024-03-19 16:00:00,47176.558954924505
2024-03-19 17:00:00,56571.928640879174
2024-03-19 18:00:00,52117.55259395267
2024-03-19 19:00:00,45588.88657907491
2024-03-19 20:00:00,41205.61895444186
2024-03-19 21:00:00,37536.40863576525
2024-03-19 22:00:00,32986.138886829904
2024-03-19 23:00:00,29818.714303474037
2024-03-20 00:00:00,27661.826463161557
2024-03-20 01:00:00,26129.687871411366
2024-03-20 02:00:00,25103.48922657339
2024-03-20 03:00:00,23282.095998402492
2024-03-20 04:00:00,21574.339942946484
2024-03-20 05:00:00,25671.84541758462
2024-03-20 06:00:00,30724.255375662342
2024-03-20 07:00:00,33090.30634902605
2024-03-20 08:00:00,33001.3009260675
2024-03-20 09:00:00,33424.427922142895
2024-03-20 10:00:00,33238.535488806985
2024-03-20 11:00:00,33459.1790442239
2024-03-20 12:00:00,33424.481228817705
2024-03-20 13:00:00,33422.6207030798
2024-03-20 14:00:00,34470.9488930988
2024-03-20 15:00:00,37956.473915140225
2024-03-20 16:00:00,47301.5468580308
2024-03-20 17:00:00,56773.59248942617
2024-03-20 18:00:00,52575.46963456349
2024-03-20 19:00:00,46015.195739214694
2024-03-20 20:00:00,41560.511729761245
2024-03-20 21:00:00,37874.26790401214
2024-03-20 22:00:00,33308.67138236579
2024-03-20 23:00:00,30078.210569345796
2024-03-21 00:00:00,28294.11570106651
2024-03-21 01:00:00,26570.135126771966
2024-03-21 02:00:00,25546.784297858387
2024-03-21 03:00:00,23744.722270415736
2024-03-21 04:00:00,22000.65613220381
2024-03-21 05:00:00,26041.555288985463
2024-03-21 06:00:00,31163.49625605293
2024-03-21 07:00:00,33477.25187851176
2024-03-21 08:00:00,33426.49856382516
2024-03-21 09:00:00,33691.09417425984
2024-03-21 10:00:00,33469.42880222519
2024-03-21 11:00:00,33661.958673173234
2024-03-21 12:00:00,33589.66264346834
2024-03-21 13:00:00,33529.30068831699
2024-03-21 14:00:00,34653.137570939856
2024-03-21 15:00:00,38119.121317935016
2024-03-21 16:00:00,47539.18734975483
2024-03-21 17:00:00,57179.0149196252
2024-03-21 18:00:00,53314.62829796385
2024-03-21 19:00:00,46667.48063768478
2024-03-21 20:00:00,41916.69869293516
2024-03-21 21:00:00,38049.76237453682
2024-03-21 22:00:00,33389.098818464576
2024-03-21 23:00:00,30106.170095629408
2024-03-22 00:00:00,28106.548425251007
2024-03-22 01:00:00,26399.24504293029
2024-03-22 02:00:00,25338.94714747996
2024-03-22 03:00:00,23512.60228561914
2024-03-22 04:00:00,21800.267424257196
2024-03-22 05:00:00,25946.45891294279
2024-03-22 06:00:00,31108.240356727954
2024-03-22 07:00:00,33711.25610365617
2024-03-22 08:00:00,33729.92072955011
2024-03-22 09:00:00,34175.78047238997
2024-03-22 10:00:00,34050.09958657031
2024-03-22 11:00:00,34220.43954841727
2024-03-22 12:00:00,34167.73443013778
2024-03-22 13:00:00,34121.514747561494
2024-03-22 14:00:00,35227.485534754596
2024-03-22 15:00:00,38689.83465147317
2024-03-22 16:00:00,48130.06717788868
2024-03-22 17:00:00,57351.102137817674
2024-03-22 18:00:00,53367.27005831905
2024-03-22 19:00:00,46703.31993515899
2024-03-22 20:00:00,42005.69054563762
2024-03-22 21:00:00,38212.88472262782
2024-03-22 22:00:00,33611.52087234981
2024-03-22 23:00:00,30400.002558632998
2024-03-23 00:00:00,28160.709421951968
2024-03-23 01:00:00,26809.366767061696
2024-03-23 02:00:00,25799.919049590157
2024-03-23 03:00:00,23886.599441411254
2024-03-23 04:00:00,22149.72233914364
2024-03-23 05:00:00,26201.976817360533
2024-03-23 06:00:00,31372.07423232002
2024-03-23 07:00:00,33797.12973653968
2024-03-23 08:00:00,33698.74835124267
2024-03-23 09:00:00,33834.13091415653
2024-03-23 10:00:00,33578.611847616055
2024-03-23 11:00:00,33678.097932382654
2024-03-23 12:00:00,33587.90053301522
2024-03-23 13:00:00,33547.10377190499
2024-03-23 14:00:00,34644.604912891955
2024-03-23 15:00:00,38094.916354556866
2024-03-23 16:00:00,47532.4506335957
2024-03-23 17:00:00,57212.14411204553
2024-03-23 18:00:00,53140.827143280825
2024-03-23 19:00:00,46517.26179979141
2024-03-23 20:00:00,41846.74563509858
2024-03-23 21:00:00,37999.34986331687
2024-03-23 22:00:00,33342.501669796075
2024-03-23 23:00:00,30013.23738467471
2024-03-24 00:00:00,27821.31359165651
2024-03-24 01:00:00,26261.846622747027
2024-03-24 02:00:00,25215.541308412023
2024-03-24 03:00:00,23357.99239475246
2024-03-24 04:00:00,21629.540546871685
2024-03-24 05:00:00,25646.59426389166
2024-03-24 06:00:00,30666.026295912303
2024-03-24 07:00:00,32929.38955563706
2024-03-24 08:00:00,33039.91169554674
2024-03-24 09:00:00,33458.068190533915
2024-03-24 10:00:00,33264.874151927965
2024-03-24 11:00:00,33504.10107483943
2024-03-24 12:00:00,33449.295810914315
2024-03-24 13:00:00,33377.901104552846
2024-03-24 14:00:00,34468.421323776056
2024-03-24 15:00:00,37835.82634452238
2024-03-24 16:00:00,47207.52206483076
2024-03-24 17:00:00,56614.85432915551
2024-03-24 18:00:00,52016.61182669496
2024-03-24 19:00:00,45674.27193319318
2024-03-24 20:00:00,41442.6000387479
2024-03-24 21:00:00,37800.54885406842
2024-03-24 22:00:00,33171.0520978869
2024-03-24 23:00:00,29882.242404267625
2024-03-25 00:00:00,27627.895486218524
2024-03-25 01:00:00,26140.384368742503
2024-03-25 02:00:00,25146.056130802386
2024-03-25 03:00:00,23323.184667523812
2024-03-25 04:00:00,21601.92350150882
2024-03-25 05:00:00,25709.92463066779
2024-03-25 06:00:00,30762.571439272648
2024-03-25 07:00:00,33321.82913889488
2024-03-25 08:00:00,33351.538338542065
2024-03-25 09:00:00,33632.31856036987
2024-03-25 10:00:00,33495.301504268406
2024-03-25 11:00:00,33663.55538747704
2024-03-25 12:00:00,33597.73308539638
2024-03-25 13:00:00,33569.64704881174
2024-03-25 14:00:00,34773.24698038292
2024-03-25 15:00:00,38078.823903021555
2024-03-25 16:00:00,47358.914813034346
2024-03-25 17:00:00,57113.82231710759
2024-03-25 18:00:00,53257.96011749898
2024-03-25 19:00:00,46658.5124884622
2024-03-25 20:00:00,41937.720171991554
2024-03-25 21:00:00,38072.653570020244
2024-03-25 22:00:00,33427.93179301868
2024-03-25 23:00:00,30102.66293851769
2024-03-26 00:00:00,27896.43640450696
2024-03-26 01:00:00,26326.152658811505
2024-03-26 02:00:00,25281.059880109882
2024-03-26 03:00:00,23485.603558885457
2024-03-26 04:00:00,21801.11788977393
2024-03-26 05:00:00,25922.14506022651
2024-03-26 06:00:00,31032.227811083536
2024-03-26 07:00:00,33514.22632270174
2024-03-26 08:00:00,33472.744982259246
2024-03-26 09:00:00,33641.827401276736
2024-03-26 10:00:00,33345.46283279051
2024-03-26 11:00:00,33575.31265105779
2024-03-26 12:00:00,33493.07655012328
2024-03-26 13:00:00,33415.119695991576
2024-03-26 14:00:00,34497.572337524165
2024-03-26 15:00:00,37959.538269735276
2024-03-26 16:00:00,47249.57973372331
2024-03-26 17:00:00,56792.65412446465
2024-03-26 18:00:00,52612.59479756051
2024-03-26 19:00:00,46035.35161220828
2024-03-26 20:00:00,41495.31620587877
2024-03-26 21:00:00,37777.15627281501
2024-03-26 22:00:00,33132.197474644316
2024-03-26 23:00:00,29887.20672672579
2024-03-27 00:00:00,27640.09986929777
2024-03-27 01:00:00,26152.20503064509
2024-03-27 02:00:00,25192.388598287875
2024-03-27 03:00:00,23442.161778882823
2024-03-27 04:00:00,21758.458761766236
2024-03-27 05:00:00,25893.067368809352
2024-03-27 06:00:00,31003.518958159602
2024-03-27 07:00:00,33364.51129321471
2024-03-27 08:00:00,33257.342507961264
2024-03-27 09:00:00,33620.84691092508
2024-03-27 10:00:00,33522.51999286058
2024-03-27 11:00:00,33790.844292230395
2024-03-27 12:00:00,33769.0176751879
2024-03-27 13:00:00,33741.0900992215
2024-03-27 14:00:00,34853.56110949877
2024-03-27 15:00:00,38376.25652593769
2024-03-27 16:00:00,47722.59965631787
2024-03-27 17:00:00,57251.642015171295
2024-03-27 18:00:00,53242.53883842444
2024-03-27 19:00:00,46645.11836777157
2024-03-27 20:00:00,41972.398367509595
2024-03-27 21:00:00,38139.4504873305
2024-03-27 22:00:00,33692.520179752595
2024-03-27 23:00:00,30442.910937963487
2024-03-28 00:00:00,28297.564481646274
2024-03-28 01:00:00,26757.174741515304
2024-03-28 02:00:00,25787.1994276526
2024-03-28 03:00:00,23982.94778385407
2024-03-28 04:00:00,22268.184059735304
2024-03-28 05:00:00,26386.335575153003
2024-03-28 06:00:00,31435.819309649843
2024-03-28 07:00:00,33969.944073910985
2024-03-28 08:00:00,33988.379261509384
2024-03-28 09:00:00,34182.321900978655
2024-03-28 10:00:00,33861.070696699695
2024-03-28 11:00:00,34002.8134989308
2024-03-28 12:00:00,33990.70254944791
2024-03-28 13:00:00,33968.18403538403
2024-03-28 14:00:00,35030.708766297364
2024-03-28 15:00:00,38406.80276808687
2024-03-28 16:00:00,47532.2403602783
2024-03-28 17:00:00,56937.715069187034
2024-03-28 18:00:00,52806.91777088502
2024-03-28 19:00:00,46156.1237150976
2024-03-28 20:00:00,41604.94070778767
2024-03-28 21:00:00,37823.13275280685
2024-03-28 22:00:00,33212.155268804934
2024-03-28 23:00:00,29939.2999763268
2024-03-29 00:00:00,27753.057427943884
2024-03-29 01:00:00,26318.16319393278
2024-03-29 02:00:00,25268.9481557936
2024-03-29 03:00:00,23440.858825692958
2024-03-29 04:00:00,21752.44684793497
2024-03-29 05:00:00,25826.312721899474
2024-03-29 06:00:00,31032.249554043858
2024-03-29 07:00:00,33688.82904306713
2024-03-29 08:00:00,33662.310033736445
2024-03-29 09:00:00,33814.64456576298
2024-03-29 10:00:00,33645.879868808726
2024-03-29 11:00:00,33931.75612378264
2024-03-29 12:00:00,33846.25409956216
2024-03-29 13:00:00,33929.28533544125
2024-03-29 14:00:00,35000.84187534339
2024-03-29 15:00:00,38261.18479317073
2024-03-29 16:00:00,47491.141093947066
2024-03-29 17:00:00,56953.33491033367
2024-03-29 18:00:00,52956.04153554843
2024-03-29 19:00:00,46669.79830746796
2024-03-29 20:00:00,41918.56260950348
2024-03-29 21:00:00,38056.242473765
2024-03-29 22:00:00,33268.889370092016
2024-03-29 23:00:00,29988.0618804243
2024-03-30 00:00:00,27682.882314166945
2024-03-30 01:00:00,26224.29743302252
2024-03-30 02:00:00,25203.153961563086
2024-03-30 03:00:00,23427.808477200113
2024-03-30 04:00:00,21765.19021924967
2024-03-30 05:00:00,25841.750314239067
2024-03-30 06:00:00,30893.43721221528
2024-03-30 07:00:00,33499.20791318217
2024-03-30 08:00:00,33607.61530633604
2024-03-30 09:00:00,33873.62699081513
2024-03-30 10:00:00,33653.746190091966
2024-03-30 11:00:00,33814.36501451447
2024-03-30 12:00:00,33762.15239580415
2024-03-30 13:00:00,33730.713325312485
2024-03-30 14:00:00,34810.640545954906
2024-03-30 15:00:00,38180.04928240542
2024-03-30 16:00:00,47324.453225451245
2024-03-30 17:00:00,56814.77255142759
2024-03-30 18:00:00,52622.567443064116
2024-03-30 19:00:00,46392.39416657169
2024-03-30 20:00:00,41795.30241813738
2024-03-30 21:00:00,37993.562084578414
2024-03-30 22:00:00,33447.51785048599
2024-03-30 23:00:00,30166.099228977644
2024-03-31 00:00:00,27984.07227248357
2024-03-31 01:00:00,26457.85265810256
2024-03-31 02:00:00,25445.732513887226
2024-03-31 03:00:00,23556.149132709073
2024-03-31 04:00:00,21844.0784129184
2024-03-31 05:00:00,25915.048222228488
2024-03-31 06:00:00,30978.43013623246
2024-03-31 07:00:00,33573.77443202573
2024-03-31 08:00:00,33491.460928222645
2024-03-31 09:00:00,33725.397239683916
2024-03-31 10:00:00,33548.22724814942
2024-03-31 11:00:00,33664.36605115786
2024-03-31 12:00:00,33737.13459187669
2024-03-31 13:00:00,33691.260632811434
2024-03-31 14:00:00,34683.77826344253
2024-03-31 15:00:00,38138.60537825937
2024-03-31 16:00:00,47608.42392666093
2024-03-31 17:00:00,57259.64865388409
2024-03-31 18:00:00,53369.94002922795
2024-03-31 19:00:00,46754.24612261328
2024-03-31 20:00:00,42028.52598972526
2024-03-31 21:00:00,38255.944141757274
2024-03-31 22:00:00,33730.8721322807
2024-03-31 23:00:00,30240.97380135395
2024-04-01 00:00:00,28127.51119451651
2024-04-01 01:00:00,26791.772644281045
2024-04-01 02:00:00,25852.46406435362
2024-04-01 03:00:00,24092.430759961822
2024-04-01 04:00:00,22356.80913496963
2024-04-01 05:00:00,25940.563557843496
2024-04-01 06:00:00,30874.023199053645
2024-04-01 07:00:00,33462.866308472534
2024-04-01 08:00:00,33649.80814088699
2024-04-01 09:00:00,33906.82893709586
2024-04-01 10:00:00,33609.67415669645
2024-04-01 11:00:00,33760.71216666811
2024-04-01 12:00:00,33640.9173763656
2024-04-01 13:00:00,33696.42952632622
2024-04-01 14:00:00,34889.52615051124
2024-04-01 15:00:00,38533.37079040148
2024-04-01 16:00:00,47593.45073731724
2024-04-01 17:00:00,56983.50658006575
2024-04-01 18:00:00,52855.58585929543
2024-04-01 19:00:00,46259.862721387246
2024-04-01 20:00:00,41699.39498396978
2024-04-01 21:00:00,37875.02877789847
2024-04-01 22:00:00,33268.3223195389
2024-04-01 23:00:00,29897.03500345064
2024-04-02 00:00:00,27732.01601412964
2024-04-02 01:00:00,26192.946832327558
2024-04-02 02:00:00,25214.657809534358
2024-04-02 03:00:00,23390.748321540064
2024-04-02 04:00:00,21674.96167496972
2024-04-02 05:00:00,25526.875265998027
2024-04-02 06:00:00,30391.902473975428
2024-04-02 07:00:00,32917.282645270716
2024-04-02 08:00:00,33046.810134138024
2024-04-02 09:00:00,33133.82132876038
2024-04-02 10:00:00,33032.21284619029
2024-04-02 11:00:00,33289.33582737244
2024-04-02 12:00:00,33266.60510324252
2024-04-02 13:00:00,33249.8175049804
2024-04-02 14:00:00,34509.45178505211
2024-04-02 15:00:00,37944.69965960464
2024-04-02 16:00:00,47262.816031054215
2024-04-02 17:00:00,56836.90111703105
2024-04-02 18:00:00,52723.891622539355
2024-04-02 19:00:00,46208.54377050945
2024-04-02 20:00:00,41735.48249096647
2024-04-02 21:00:00,38023.80146856109
2024-04-02 22:00:00,33442.75635038589
2024-04-02 23:00:00,30117.842034824258
2024-04-03 00:00:00,27954.877015813825
2024-04-03 01:00:00,26417.80906261447
2024-04-03 02:00:00,25363.99202833571
2024-04-03 03:00:00,23539.994074004542
2024-04-03 04:00:00,21846.40100590973
2024-04-03 05:00:00,25916.966394057414
2024-04-03 06:00:00,30986.291501272488
2024-04-03 07:00:00,33398.538359503014
2024-04-03 08:00:00,33376.40522522116
2024-04-03 09:00:00,33563.08453770609
2024-04-03 10:00:00,33343.31173805063
2024-04-03 11:00:00,33556.84336146528
2024-04-03 12:00:00,33496.62405582612
2024-04-03 13:00:00,33444.55039794806
2024-04-03 14:00:00,34535.95415824666
2024-04-03 15:00:00,37984.189937067
2024-04-03 16:00:00,47269.349329361095
2024-04-03 17:00:00,56936.13395484969
2024-04-03 18:00:00,52898.184675592456
2024-04-03 19:00:00,46533.76446674563
2024-04-03 20:00:00,41878.61222102004
2024-04-03 21:00:00,38051.34192895164
2024-04-03 22:00:00,33416.48867642002
2024-04-03 23:00:00,30137.510671931308
2024-04-04 00:00:00,27965.489254825046
2024-04-04 01:00:00,26422.243969979376
2024-04-04 02:00:00,25407.591736682658
2024-04-04 03:00:00,23595.29104852619
2024-04-04 04:00:00,21929.722884411796
2024-04-04 05:00:00,25934.00280664495
2024-04-04 06:00:00,30865.57727383706
2024-04-04 07:00:00,33349.80398273719
2024-04-04 08:00:00,33425.81316938668
2024-04-04 09:00:00,33773.61964101727
2024-04-04 10:00:00,33539.71743139512
2024-04-04 11:00:00,33708.87650526557
2024-04-04 12:00:00,33676.55112400001
2024-04-04 13:00:00,33649.056417115695
2024-04-04 14:00:00,34897.51722241048
2024-04-04 15:00:00,38529.39087947888
2024-04-04 16:00:00,47616.6438792048
2024-04-04 17:00:00,57215.58242445913
2024-04-04 18:00:00,53307.64069474771
2024-04-04 19:00:00,46708.092619713396
2024-04-04 20:00:00,41969.5909753854
2024-04-04 21:00:00,38119.47450464811
2024-04-04 22:00:00,33506.70314105449
2024-04-04 23:00:00,30256.672759274345
2024-04-05 00:00:00,28050.26262229947
2024-04-05 01:00:00,26490.947428266438
2024-04-05 02:00:00,25444.27444511379
2024-04-05 03:00:00,23597.80191373604
2024-04-05 04:00:00,21926.160098400993
2024-04-05 05:00:00,26057.383643511
2024-04-05 06:00:00,31158.094740258388
2024-04-05 07:00:00,33687.301982093995
2024-04-05 08:00:00,33645.027049332355
2024-04-05 09:00:00,34011.21496647314
2024-04-05 10:00:00,33998.79446296717
2024-04-05 11:00:00,34021.08078842999
2024-04-05 12:00:00,34101.410486029825
2024-04-05 13:00:00,34062.278363215344
2024-04-05 14:00:00,35159.888461879746
2024-04-05 15:00:00,38614.88930130903
2024-04-05 16:00:00,47852.1959010131
2024-04-05 17:00:00,57172.57502316681
2024-04-05 18:00:00,53328.74596557669
2024-04-05 19:00:00,46783.33479004894
2024-04-05 20:00:00,42075.875459677976
2024-04-05 21:00:00,38264.911771480074
2024-04-05 22:00:00,33779.84944027515
2024-04-05 23:00:00,30609.084320503665
2024-04-06 00:00:00,28541.760622324175
2024-04-06 01:00:00,26986.340291611905
2024-04-06 02:00:00,25950.026582051665
2024-04-06 03:00:00,24134.643283317408
2024-04-06 04:00:00,22474.425514438615
2024-04-06 05:00:00,26626.18220925562
2024-04-06 06:00:00,31739.153206661096
2024-04-06 07:00:00,34254.24440269969
2024-04-06 08:00:00,34188.54968678958
2024-04-06 09:00:00,34344.13919266649
2024-04-06 10:00:00,34084.130147941876
2024-04-06 11:00:00,34251.09558436181
2024-04-06 12:00:00,34195.70659021715
2024-04-06 13:00:00,34172.87019194424
2024-04-06 14:00:00,35214.4784330067
2024-04-06 15:00:00,38613.7199266542
2024-04-06 16:00:00,47974.27655169248
2024-04-06 17:00:00,57320.5624877225
2024-04-06 18:00:00,53376.78042974495
2024-04-06 19:00:00,46769.45842180575
2024-04-06 20:00:00,42023.07318952417
2024-04-06 21:00:00,38195.967126508694
2024-04-06 22:00:00,33583.72940102412
2024-04-06 23:00:00,30269.51764226225
2024-04-07 00:00:00,28100.633297170978
2024-04-07 01:00:00,26549.22788345237
2024-04-07 02:00:00,25483.132728085253
2024-04-07 03:00:00,23644.896389036552
2024-04-07 04:00:00,21978.616536649566
2024-04-07 05:00:00,26068.595203456123
2024-04-07 06:00:00,31149.312345234102
2024-04-07 07:00:00,33607.562743564566
2024-04-07 08:00:00,33283.89096797805
2024-04-07 09:00:00,33737.85345937206
2024-04-07 10:00:00,33449.81079360926
2024-04-07 11:00:00,33607.14854661068
2024-04-07 12:00:00,33486.474786795014
2024-04-07 13:00:00,33409.60601992541
2024-04-07 14:00:00,34560.509840620885
2024-04-07 15:00:00,37822.93037330053
2024-04-07 16:00:00,47173.95989835442
2024-04-07 17:00:00,56569.69651206005
2024-04-07 18:00:00,52348.10968359112
2024-04-07 19:00:00,45902.2632111311
2024-04-07 20:00:00,41609.86592695597
2024-04-07 21:00:00,37843.65029074606
2024-04-07 22:00:00,33276.04313593478
2024-04-07 23:00:00,29857.081337972555
2024-04-08 00:00:00,27767.839017424296
2024-04-08 01:00:00,26264.512359912416
2024-04-08 02:00:00,25293.431408981658
2024-04-08 03:00:00,23460.604840591965
2024-04-08 04:00:00,21754.600299342725
2024-04-08 05:00:00,25778.09454263621
2024-04-08 06:00:00,30743.031140139567
2024-04-08 07:00:00,33367.03335225607
2024-04-08 08:00:00,33427.31524018919
2024-04-08 09:00:00,33766.671730955444
2024-04-08 10:00:00,33557.23120449406
2024-04-08 11:00:00,33798.93338784631
2024-04-08 12:00:00,34005.97481800405
2024-04-08 13:00:00,33939.01289855945
2024-04-08 14:00:00,34827.14004139436
2024-04-08 15:00:00,38174.63992488962
2024-04-08 16:00:00,47448.326445927974
2024-04-08 17:00:00,57149.510921545
2024-04-08 18:00:00,53317.53022004731
2024-04-08 19:00:00,46728.241609438366
2024-04-08 20:00:00,42018.24445052227
2024-04-08 21:00:00,38201.232175089564
2024-04-08 22:00:00,33675.78946519116
2024-04-08 23:00:00,30590.373688937067
2024-04-09 00:00:00,28490.29927664633
2024-04-09 01:00:00,26936.26386234512
2024-04-09 02:00:00,25857.014365230152
2024-04-09 03:00:00,23869.922254217698
2024-04-09 04:00:00,22103.564898175886
2024-04-09 05:00:00,26259.937503822483
2024-04-09 06:00:00,31303.422585924825
2024-04-09 07:00:00,33796.68043112911
2024-04-09 08:00:00,33730.3976058659
2024-04-09 09:00:00,33880.91156753591
2024-04-09 10:00:00,33690.885641806744
2024-04-09 11:00:00,33986.7799222374
2024-04-09 12:00:00,34017.407049692345
2024-04-09 13:00:00,34054.07315927743
2024-04-09 14:00:00,35147.036640050566
2024-04-09 15:00:00,38540.25812735647
2024-04-09 16:00:00,47816.98934415911
2024-04-09 17:00:00,56801.62198317209
2024-04-09 18:00:00,52244.09574177556
2024-04-09 19:00:00,45712.095166154046
2024-04-09 20:00:00,41470.5621105571
2024-04-09 21:00:00,38115.226240775286
2024-04-09 22:00:00,33533.59577165816
2024-04-09 23:00:00,30279.820661844627
2024-04-10 00:00:00,28249.976346287367
2024-04-10 01:00:00,26745.37234116134
2024-04-10 02:00:00,25848.377731882083
2024-04-10 03:00:00,24061.48717751272
2024-04-10 04:00:00,22278.959702454813
2024-04-10 05:00:00,26372.52932702722
2024-04-10 06:00:00,31317.029586566445
2024-04-10 07:00:00,33803.01760541805
2024-04-10 08:00:00,33861.476464949366
2024-04-10 09:00:00,34234.57973831963
2024-04-10 10:00:00,34040.756819353766
2024-04-10 11:00:00,34190.998852920144
2024-04-10 12:00:00,34103.63353579962
2024-04-10 13:00:00,34046.368188139066
2024-04-10 14:00:00,35003.15568002028
2024-04-10 15:00:00,38498.26604815137
2024-04-10 16:00:00,47471.68407407281
2024-04-10 17:00:00,56649.61385173581
2024-04-10 18:00:00,52362.2469835465
2024-04-10 19:00:00,45947.187641324046
2024-04-10 20:00:00,41533.18001109154
2024-04-10 21:00:00,37889.797158351634
2024-04-10 22:00:00,33384.96764207623
2024-04-10 23:00:00,30226.255592923993
2024-04-11 00:00:00,28061.985341649302
2024-04-11 01:00:00,26497.57660254677
2024-04-11 02:00:00,25505.206538805574
2024-04-11 03:00:00,23706.43432825836
2024-04-11 04:00:00,22061.81680455808
2024-04-11 05:00:00,26206.975109325704
2024-04-11 06:00:00,31225.21576871478
2024-04-11 07:00:00,33495.76174155525
2024-04-11 08:00:00,33464.655616342105
2024-04-11 09:00:00,33867.825430930825
2024-04-11 10:00:00,33838.88595724447
2024-04-11 11:00:00,34200.22939708269
2024-04-11 12:00:00,34115.187810192896
2024-04-11 13:00:00,34050.661347471025
2024-04-11 14:00:00,35142.97982857057
2024-04-11 15:00:00,38589.07020320759
2024-04-11 16:00:00,47421.602447229256
2024-04-11 17:00:00,57041.45997086914
2024-04-11 18:00:00,53306.225892504335
2024-04-11 19:00:00,46731.46835268282
2024-04-11 20:00:00,42023.52702279709
2024-04-11 21:00:00,38187.48630007222
2024-04-11 22:00:00,33568.16644850756
2024-04-11 23:00:00,30368.06980261655
2024-04-12 00:00:00,28261.49074788897
2024-04-12 01:00:00,26781.16593081822
2024-04-12 02:00:00,25768.980216752778
2024-04-12 03:00:00,23963.286634544438
2024-04-12 04:00:00,22256.17619261254
2024-04-12 05:00:00,26366.673097990722
2024-04-12 06:00:00,31398.309760552398
2024-04-12 07:00:00,34022.836974547696
2024-04-12 08:00:00,34103.90575903093
2024-04-12 09:00:00,34349.956392733344
2024-04-12 10:00:00,34095.71267226233
2024-04-12 11:00:00,34289.19999742741
2024-04-12 12:00:00,34339.39667105866
2024-04-12 13:00:00,34377.61195619031
2024-04-12 14:00:00,35496.81219763305
2024-04-12 15:00:00,38802.01160577295
2024-04-12 16:00:00,47980.87659704988
2024-04-12 17:00:00,57327.863661788186
2024-04-12 18:00:00,53294.582072132995
2024-04-12 19:00:00,46834.32716717859
2024-04-12 20:00:00,42160.880757359235
2024-04-12 21:00:00,38469.87169522964
2024-04-12 22:00:00,33984.014011838044
2024-04-12 23:00:00,30734.113202301498
2024-04-13 00:00:00,28544.463149538784
2024-04-13 01:00:00,26989.85552569774
2024-04-13 02:00:00,25955.508531123807
2024-04-13 03:00:00,24136.939352578065
2024-04-13 04:00:00,22458.063472680264
2024-04-13 05:00:00,26543.309291803325
2024-04-13 06:00:00,31637.022984313946
2024-04-13 07:00:00,34196.87042711402
2024-04-13 08:00:00,34204.958029817964
2024-04-13 09:00:00,34377.538410863344
2024-04-13 10:00:00,34186.91154473893
2024-04-13 11:00:00,34671.94747367465
2024-04-13 12:00:00,34784.81437138689
2024-04-13 13:00:00,34719.8831868792
2024-04-13 14:00:00,35589.04211314975
2024-04-13 15:00:00,38653.49660633318
2024-04-13 16:00:00,47954.300976169885
2024-04-13 17:00:00,57080.73622675091
2024-04-13 18:00:00,52865.451983056846
2024-04-13 19:00:00,45934.65629001885
2024-04-13 20:00:00,41284.06787746998
2024-04-13 21:00:00,37609.896187774626
2024-04-13 22:00:00,33169.23631524597
2024-04-13 23:00:00,30122.565383486766
2024-04-14 00:00:00,27897.26074136494
2024-04-14 01:00:00,26210.955870397618
2024-04-14 02:00:00,25232.277427396843
2024-04-14 03:00:00,23323.437555177803
2024-04-14 04:00:00,21559.063469870624
2024-04-14 05:00:00,25398.22522744048
2024-04-14 06:00:00,29891.806676402666
2024-04-14 07:00:00,32564.84111320937
2024-04-14 08:00:00,33180.33498530382
2024-04-14 09:00:00,33497.04557250757
2024-04-14 10:00:00,33411.06361114064
2024-04-14 11:00:00,33702.100632428985
2024-04-14 12:00:00,33753.68412743247
2024-04-14 13:00:00,33899.43813317215
2024-04-14 14:00:00,35049.74687388019
2024-04-14 15:00:00,38489.70952501568
2024-04-14 16:00:00,47445.398629151336
2024-04-14 17:00:00,56908.452265737265
2024-04-14 18:00:00,52958.8265930441
2024-04-14 19:00:00,46412.05737655814
2024-04-14 20:00:00,41801.02875121039
2024-04-14 21:00:00,38095.34509370044
2024-04-14 22:00:00,33679.79705253815
2024-04-14 23:00:00,30718.23462791594
2024-04-15 00:00:00,28556.453310683828
2024-04-15 01:00:00,27002.700730518904
2024-04-15 02:00:00,25965.16273519279
2024-04-15 03:00:00,23975.387432750013
2024-04-15 04:00:00,22132.92507254532
2024-04-15 05:00:00,26126.428199775073
2024-04-15 06:00:00,30962.410532351907
2024-04-15 07:00:00,33454.43628474474
2024-04-15 08:00:00,33482.7779305065
2024-04-15 09:00:00,33781.073473382916
2024-04-15 10:00:00,33572.16984814
2024-04-15 11:00:00,33747.70026272138
2024-04-15 12:00:00,33657.043391877225
2024-04-15 13:00:00,33570.85645060117
2024-04-15 14:00:00,34590.34294642758
2024-04-15 15:00:00,37995.75148831175
2024-04-15 16:00:00,47064.00238058516
2024-04-15 17:00:00,56633.73252092673
2024-04-15 18:00:00,52559.33517691041
2024-04-15 19:00:00,45875.69844049965
2024-04-15 20:00:00,41370.84390531663
2024-04-15 21:00:00,37686.70204073839
2024-04-15 22:00:00,33119.82798546947
2024-04-15 23:00:00,29801.513772589573
2024-04-16 00:00:00,27618.118801216006
2024-04-16 01:00:00,26093.816231314926
2024-04-16 02:00:00,25051.735569606088
2024-04-16 03:00:00,23244.89798338038
2024-04-16 04:00:00,21607.207333713413
2024-04-16 05:00:00,25486.862298401942
2024-04-16 06:00:00,29895.108338367627
2024-04-16 07:00:00,32550.582062116737
2024-04-16 08:00:00,33038.593810855775
2024-04-16 09:00:00,33413.60914499913
2024-04-16 10:00:00,33154.24763902782
2024-04-16 11:00:00,33264.6353286147
2024-04-16 12:00:00,33200.08736615344
2024-04-16 13:00:00,33169.22640808801
2024-04-16 14:00:00,34268.07915336045
2024-04-16 15:00:00,37673.91817130073
2024-04-16 16:00:00,46975.709918336855
2024-04-16 17:00:00,56377.64475331723
2024-04-16 18:00:00,52037.922932840476
2024-04-16 19:00:00,45363.004825561955
2024-04-16 20:00:00,41081.33201942092
2024-04-16 21:00:00,37585.17092496951
2024-04-16 22:00:00,33078.180653565
2024-04-16 23:00:00,29712.796221598597
2024-04-17 00:00:00,27579.468675552005
2024-04-17 01:00:00,26015.219595084014
2024-04-17 02:00:00,24994.138465393196
2024-04-17 03:00:00,23174.316716686077
2024-04-17 04:00:00,21505.064021351387
2024-04-17 05:00:00,25355.42029948209
2024-04-17 06:00:00,30060.14151175331
2024-04-17 07:00:00,32823.109004974904
2024-04-17 08:00:00,33080.12178168742
2024-04-17 09:00:00,33343.99460765844
2024-04-17 10:00:00,33109.660779038924
2024-04-17 11:00:00,33289.85021800223
2024-04-17 12:00:00,33239.068726146
2024-04-17 13:00:00,33219.905747918994
2024-04-17 14:00:00,34336.456226145405
2024-04-17 15:00:00,37772.087649311565
2024-04-17 16:00:00,47030.96469320806
2024-04-17 17:00:00,56603.712223877774
2024-04-17 18:00:00,52420.589248759345
2024-04-17 19:00:00,45819.90602454913
2024-04-17 20:00:00,41349.667220933814
2024-04-17 21:00:00,37686.50727014415
2024-04-17 22:00:00,33172.78504608345
2024-04-17 23:00:00,29877.729161474348
2024-04-18 00:00:00,27879.259526009417
2024-04-18 01:00:00,26443.41277864023
2024-04-18 02:00:00,25426.192270064246
2024-04-18 03:00:00,23645.417586670002
2024-04-18 04:00:00,22010.11856013953
2024-04-18 05:00:00,26056.878266059823
2024-04-18 06:00:00,31039.4945377789
2024-04-18 07:00:00,33445.78707309007
2024-04-18 08:00:00,33450.57392979664
2024-04-18 09:00:00,33681.81152165151
2024-04-18 10:00:00,33421.36103187014
2024-04-18 11:00:00,33622.32724994184
2024-04-18 12:00:00,33576.23215263121
2024-04-18 13:00:00,33532.76131800638
2024-04-18 14:00:00,34627.049935485564
2024-04-18 15:00:00,37992.00353976821
2024-04-18 16:00:00,47297.23846116876
2024-04-18 17:00:00,56937.51714502162
2024-04-18 18:00:00,53104.07122338189
2024-04-18 19:00:00,46535.661935437485
2024-04-18 20:00:00,41792.81731740019
2024-04-18 21:00:00,37976.21829064677
2024-04-18 22:00:00,33354.69097720414
2024-04-18 23:00:00,30068.970823208903
2024-04-19 00:00:00,27912.815179357123
2024-04-19 01:00:00,26369.038455175887
2024-04-19 02:00:00,25335.803443508765
2024-04-19 03:00:00,23502.774585308067
2024-04-19 04:00:00,21862.955878640154
2024-04-19 05:00:00,26022.875795003623
2024-04-19 06:00:00,31057.504922538472
2024-04-19 07:00:00,33572.286119859826
2024-04-19 08:00:00,33547.06297417882
2024-04-19 09:00:00,33796.81121936761
2024-04-19 10:00:00,33619.300175429744
2024-04-19 11:00:00,33867.428143436315
2024-04-19 12:00:00,33963.54935183489
2024-04-19 13:00:00,33916.51762874548
2024-04-19 14:00:00,34918.682485971185
2024-04-19 15:00:00,38139.33823578174
2024-04-19 16:00:00,47224.03711602796
2024-04-19 17:00:00,56755.83153324581
2024-04-19 18:00:00,52807.66590334446
2024-04-19 19:00:00,46168.983234626765
2024-04-19 20:00:00,41519.891778377176
2024-04-19 21:00:00,37726.74119715739
2024-04-19 22:00:00,33133.02843387552
2024-04-19 23:00:00,29827.673214368595
2024-04-20 00:00:00,27772.939562117695
2024-04-20 01:00:00,26234.287096299788
2024-04-20 02:00:00,25263.90486116429
2024-04-20 03:00:00,23475.09309290858
2024-04-20 04:00:00,21861.361836794684
2024-04-20 05:00:00,26026.001966251537
2024-04-20 06:00:00,31147.403651964854
2024-04-20 07:00:00,33622.741946130605
2024-04-20 08:00:00,33600.22314906958
2024-04-20 09:00:00,33989.490043858714
2024-04-20 10:00:00,33635.855967211086
2024-04-20 11:00:00,34123.48926027343
2024-04-20 12:00:00,34097.171353995276
2024-04-20 13:00:00,34042.98588583445
2024-04-20 14:00:00,35113.31811937442
2024-04-20 15:00:00,38487.55746106794
2024-04-20 16:00:00,47268.70512717138
2024-04-20 17:00:00,56795.49412630782
2024-04-20 18:00:00,52804.43901890253
2024-04-20 19:00:00,46185.489235274785
2024-04-20 20:00:00,41509.202870987654
2024-04-20 21:00:00,37688.23477910008
2024-04-20 22:00:00,33070.81482372972
2024-04-20 23:00:00,29860.953137208624
2024-04-21 00:00:00,27690.82301613195
2024-04-21 01:00:00,26136.32248063536
2024-04-21 02:00:00,25092.40552406702
2024-04-21 03:00:00,23300.693999615378
2024-04-21 04:00:00,21600.670516965092
2024-04-21 05:00:00,25569.568725023673
2024-04-21 06:00:00,30365.516355570468
2024-04-21 07:00:00,32991.75673835045
2024-04-21 08:00:00,33135.16542296998
2024-04-21 09:00:00,33442.563264918215
2024-04-21 10:00:00,33139.18647395804
2024-04-21 11:00:00,33326.23481971124
2024-04-21 12:00:00,33272.416794085366
2024-04-21 13:00:00,33199.42659795588
2024-04-21 14:00:00,34277.791169572614
2024-04-21 15:00:00,37744.44225525204
2024-04-21 16:00:00,46828.92659731707
2024-04-21 17:00:00,56297.746905890664
2024-04-21 18:00:00,51960.4631222038
2024-04-21 19:00:00,45332.740400138755
2024-04-21 20:00:00,41069.62977862194
2024-04-21 21:00:00,37503.50988166952
2024-04-21 22:00:00,32975.135866708086
2024-04-21 23:00:00,29757.018689313285
2024-04-22 00:00:00,27595.44581931829
2024-04-22 01:00:00,26054.037033526412
2024-04-22 02:00:00,25033.252700775916
2024-04-22 03:00:00,23231.123577819246
2024-04-22 04:00:00,21493.470705014166
2024-04-22 05:00:00,25404.36616954215
2024-04-22 06:00:00,29805.540089526126
2024-04-22 07:00:00,32784.242693296175
2024-04-22 08:00:00,33122.564938554126
2024-04-22 09:00:00,33432.41915454019
2024-04-22 10:00:00,33183.810467089745
2024-04-22 11:00:00,33320.63298489277
2024-04-22 12:00:00,33206.78201058989
2024-04-22 13:00:00,33147.05455411576
2024-04-22 14:00:00,34218.98924702285
2024-04-22 15:00:00,37615.62719850963
2024-04-22 16:00:00,46898.2432145284
2024-04-22 17:00:00,56466.214236916625
2024-04-22 18:00:00,52414.557701785976
2024-04-22 19:00:00,45843.773748257256
2024-04-22 20:00:00,41347.11220321485
2024-04-22 21:00:00,37648.507923752295
2024-04-22 22:00:00,33148.29209889361
2024-04-22 23:00:00,29845.246190904283
2024-04-23 00:00:00,27713.758714250183
2024-04-23 01:00:00,26169.069563432393
2024-04-23 02:00:00,25174.454475709652
2024-04-23 03:00:00,23350.9172766541
2024-04-23 04:00:00,21678.63004883522
2024-04-23 05:00:00,25634.623914480104
2024-04-23 06:00:00,30407.405861573232
2024-04-23 07:00:00,33115.68984888527
2024-04-23 08:00:00,33198.70794913359
2024-04-23 09:00:00,33345.46641353422
2024-04-23 10:00:00,33059.51422267733
2024-04-23 11:00:00,33262.11264551249
2024-04-23 12:00:00,33197.359669505684
2024-04-23 13:00:00,33168.61996435895
2024-04-23 14:00:00,34208.77807750531
2024-04-23 15:00:00,37632.9884519422
2024-04-23 16:00:00,46929.0169780016
2024-04-23 17:00:00,56467.28467794506
2024-04-23 18:00:00,52271.79717352005
2024-04-23 19:00:00,45634.23700166229
2024-04-23 20:00:00,41164.77076750353
2024-04-23 21:00:00,37506.31511411608
2024-04-23 22:00:00,33051.26015566975
2024-04-23 23:00:00,29813.488050488384
2024-04-24 00:00:00,27674.050119555533
2024-04-24 01:00:00,26154.674769760368
2024-04-24 02:00:00,25143.938198515774
2024-04-24 03:00:00,23364.26901148946
2024-04-24 04:00:00,21661.565035684733
2024-04-24 05:00:00,25635.024306315427
2024-04-24 06:00:00,30404.291221633095
2024-04-24 07:00:00,33056.570779020585
2024-04-24 08:00:00,33198.20704516501
2024-04-24 09:00:00,33467.393288929416
2024-04-24 10:00:00,33173.71487941098
2024-04-24 11:00:00,33358.81718657498
2024-04-24 12:00:00,33324.18993083319
2024-04-24 13:00:00,33280.43469020719
2024-04-24 14:00:00,34334.26383952047
2024-04-24 15:00:00,37722.469378783484
2024-04-24 16:00:00,46997.604921373146
2024-04-24 17:00:00,56530.449872613186
2024-04-24 18:00:00,52200.165246332435
2024-04-24 19:00:00,45531.998933039846
2024-04-24 20:00:00,41246.485178684525
2024-04-24 21:00:00,37662.063767398766
2024-04-24 22:00:00,33169.03176647474
2024-04-24 23:00:00,29855.019435826263
2024-04-25 00:00:00,27742.76462094291
2024-04-25 01:00:00,26192.055324682173
2024-04-25 02:00:00,25168.579642826782
2024-04-25 03:00:00,23347.340283353602
2024-04-25 04:00:00,21680.23156011938
2024-04-25 05:00:00,25743.78375215543
2024-04-25 06:00:00,30690.484361850267
2024-04-25 07:00:00,33246.72588432228
2024-04-25 08:00:00,33323.959094765145
2024-04-25 09:00:00,33493.14793605551
2024-04-25 10:00:00,33232.455665865906
2024-04-25 11:00:00,33397.762278502865
2024-04-25 12:00:00,33321.72993423902
2024-04-25 13:00:00,33290.00535346751
2024-04-25 14:00:00,34324.852411011685
2024-04-25 15:00:00,37730.75469653948
2024-04-25 16:00:00,46983.826500814364
2024-04-25 17:00:00,56536.07028746588
2024-04-25 18:00:00,52333.67370483838
2024-04-25 19:00:00,45704.49125645504
2024-04-25 20:00:00,41285.56486301128
2024-04-25 21:00:00,37645.450066249105
2024-04-25 22:00:00,33073.36786635632
2024-04-25 23:00:00,29739.31118225875
2024-04-26 00:00:00,27577.401294183506
2024-04-26 01:00:00,26055.267736171256
2024-04-26 02:00:00,25003.56776453734
2024-04-26 03:00:00,23232.779496276507
2024-04-26 04:00:00,21677.425594354223
2024-04-26 05:00:00,25835.835715839985
2024-04-26 06:00:00,30977.36560059435
2024-04-26 07:00:00,33557.841082470666
2024-04-26 08:00:00,33573.197737821
2024-04-26 09:00:00,33938.466312606964
2024-04-26 10:00:00,33757.95212104309
2024-04-26 11:00:00,33742.67671278839
2024-04-26 12:00:00,33626.69794120826
2024-04-26 13:00:00,33746.35287914726
2024-04-26 14:00:00,34993.513826941664
2024-04-26 15:00:00,38296.04628140227
2024-04-26 16:00:00,47181.788694614916
2024-04-26 17:00:00,56613.87319194613
2024-04-26 18:00:00,52425.376448421026
2024-04-26 19:00:00,45973.412725609305
2024-04-26 20:00:00,41563.699013105725
2024-04-26 21:00:00,37832.8612720763
2024-04-26 22:00:00,33331.72086759063
2024-04-26 23:00:00,30120.27552718291
2024-04-27 00:00:00,28058.296969021256
2024-04-27 01:00:00,26583.997123491987
2024-04-27 02:00:00,25650.51719531252
2024-04-27 03:00:00,23910.469886718605
2024-04-27 04:00:00,22332.857484897733
2024-04-27 05:00:00,26698.02140978798
2024-04-27 06:00:00,31866.889924893738
2024-04-27 07:00:00,34328.22316543169
2024-04-27 08:00:00,34235.32456282395
2024-04-27 09:00:00,34368.07370807015
2024-04-27 10:00:00,34061.21834148477
2024-04-27 11:00:00,34211.80131283225
2024-04-27 12:00:00,34117.43999688852
2024-04-27 13:00:00,34047.311732592054
2024-04-27 14:00:00,35127.2725603914
2024-04-27 15:00:00,38549.97419201512
2024-04-27 16:00:00,47872.008066167145
2024-04-27 17:00:00,57286.8106512881
2024-04-27 18:00:00,52985.732722008295
2024-04-27 19:00:00,46360.05121851179
2024-04-27 20:00:00,41637.61481528489
2024-04-27 21:00:00,37978.87004222006
2024-04-27 22:00:00,33434.77429226791
2024-04-27 23:00:00,30292.68985646971
2024-04-28 00:00:00,28019.817553707602
2024-04-28 01:00:00,26430.11383406168
2024-04-28 02:00:00,25339.689146949186
2024-04-28 03:00:00,23586.09228000772
2024-04-28 04:00:00,21711.175417321894
2024-04-28 05:00:00,25707.431414351104
2024-04-28 06:00:00,30553.3364111178
2024-04-28 07:00:00,33205.78228820987
2024-04-28 08:00:00,33397.267970340974
2024-04-28 09:00:00,33705.39654782134
2024-04-28 10:00:00,33641.6423825683
2024-04-28 11:00:00,33778.02392096832
2024-04-28 12:00:00,33688.788280233435
2024-04-28 13:00:00,33640.01231177847
2024-04-28 14:00:00,34702.33003754785
2024-04-28 15:00:00,37988.00272318912
2024-04-28 16:00:00,46903.17174683607
2024-04-28 17:00:00,56388.41579567262
2024-04-28 18:00:00,51738.528355302224
2024-04-28 19:00:00,44931.05465742203
2024-04-28 20:00:00,41294.86885569337
2024-04-28 21:00:00,37702.608827916774
2024-04-28 22:00:00,33174.98596445632
2024-04-28 23:00:00,29947.338060687678
2024-04-29 00:00:00,27848.062254102904
2024-04-29 01:00:00,26261.466141022258
2024-04-29 02:00:00,25295.75541134117
2024-04-29 03:00:00,23636.460931077996
2024-04-29 04:00:00,22039.688315568495
2024-04-29 05:00:00,26201.187977013484
2024-04-29 06:00:00,30976.87981114098
2024-04-29 07:00:00,33346.588001253076
2024-04-29 08:00:00,33379.12580353477
2024-04-29 09:00:00,33674.681336535265
2024-04-29 10:00:00,33522.3674250847
2024-04-29 11:00:00,33868.236612278655
2024-04-29 12:00:00,33959.60201711216
2024-04-29 13:00:00,33902.997899948634
2024-04-29 14:00:00,34884.0045354076
2024-04-29 15:00:00,38004.62596388767
2024-04-29 16:00:00,47258.92619883773
2024-04-29 17:00:00,56869.531183415624
2024-04-29 18:00:00,53019.83955346779
2024-04-29 19:00:00,46495.433482611516
2024-04-29 20:00:00,41769.10845499021
2024-04-29 21:00:00,38073.67561503461
2024-04-29 22:00:00,33485.145625212615
2024-04-29 23:00:00,30209.95435523014
2024-04-30 00:00:00,28034.352080993227
2024-04-30 01:00:00,26487.756448051932
2024-04-30 02:00:00,25518.731129888783
2024-04-30 03:00:00,23695.952905503807
2024-04-30 04:00:00,22145.200182543074
2024-04-30 05:00:00,26359.294103206317
2024-04-30 06:00:00,31573.354063908133
2024-04-30 07:00:00,34247.30729269583
2024-04-30 08:00:00,34244.68663517655
2024-04-30 09:00:00,34382.59314345852
2024-04-30 10:00:00,34077.60082815116
2024-04-30 11:00:00,34209.22939162177
2024-04-30 12:00:00,34108.17644399337
2024-04-30 13:00:00,34036.24253310942
2024-04-30 14:00:00,35123.50064117105
2024-04-30 15:00:00,38525.54670730138
2024-04-30 16:00:00,47851.557889226366
2024-04-30 17:00:00,57373.59313520378
2024-04-30 18:00:00,53179.79487324375
2024-04-30 19:00:00,46656.916289314104
2024-04-30 20:00:00,42125.98010217167
2024-04-30 21:00:00,38343.445003689165
2024-04-30 22:00:00,33816.33764292664
2024-04-30 23:00:00,30593.171591656675
2024-05-01 00:00:00,28459.182999702658
2024-05-01 01:00:00,26923.78272878252
2024-05-01 02:00:00,25927.072651901304
2024-05-01 03:00:00,24116.88622406801
2024-05-01 04:00:00,22308.843946665183
2024-05-01 05:00:00,26397.786044639386
2024-05-01 06:00:00,31313.99324322174
2024-05-01 07:00:00,33688.26849124366
2024-05-01 08:00:00,33894.474299799236
2024-05-01 09:00:00,34315.75021908236
2024-05-01 10:00:00,34051.370314632644
2024-05-01 11:00:00,34200.189753969935
2024-05-01 12:00:00,34113.46419563524
2024-05-01 13:00:00,34011.73816318561
2024-05-01 14:00:00,35109.061548919395
2024-05-01 15:00:00,38465.23130761174
2024-05-01 16:00:00,47451.76452744248
2024-05-01 17:00:00,57098.846799013976
2024-05-01 18:00:00,53268.70371787412
2024-05-01 19:00:00,46743.096677854
2024-05-01 20:00:00,42034.949801539144
2024-05-01 21:00:00,38253.079349274914
2024-05-01 22:00:00,33682.562977098794
2024-05-01 23:00:00,30423.428494713866
2024-05-02 00:00:00,28254.275452614984
2024-05-02 01:00:00,26701.89690425237
2024-05-02 02:00:00,25680.5686044062
2024-05-02 03:00:00,23898.743655562554
2024-05-02 04:00:00,22302.345680995666
2024-05-02 05:00:00,26459.545455622632
2024-05-02 06:00:00,31418.778637321433
2024-05-02 07:00:00,33870.0202691958
2024-05-02 08:00:00,33815.57642030032
2024-05-02 09:00:00,33946.99697539213
2024-05-02 10:00:00,33669.52928387704
2024-05-02 11:00:00,33799.11313799974
2024-05-02 12:00:00,33715.93604500317
2024-05-02 13:00:00,33652.94238373757
2024-05-02 14:00:00,34748.87559549787
2024-05-02 15:00:00,38165.59444356459
2024-05-02 16:00:00,47320.81040772863
2024-05-02 17:00:00,56625.86913355203
2024-05-02 18:00:00,52644.80144728087
2024-05-02 19:00:00,45976.49939213468
2024-05-02 20:00:00,41322.15117053839
2024-05-02 21:00:00,37652.4056658245
2024-05-02 22:00:00,33103.51599474015
2024-05-02 23:00:00,29740.173875472716
2024-05-03 00:00:00,27600.531640876365
2024-05-03 01:00:00,26072.56271329725
2024-05-03 02:00:00,25036.012109509807
2024-05-03 03:00:00,23227.73435591229
2024-05-03 04:00:00,21564.89797759293
2024-05-03 05:00:00,25805.388463242638
2024-05-03 06:00:00,30897.250703050362
2024-05-03 07:00:00,33472.906907200006
2024-05-03 08:00:00,33552.2871544753
2024-05-03 09:00:00,33913.70824549299
2024-05-03 10:00:00,33700.83326884905
2024-05-03 11:00:00,33899.31050373272
2024-05-03 12:00:00,33917.14659231531
2024-05-03 13:00:00,33857.66122833375
2024-05-03 14:00:00,34796.46903039862
2024-05-03 15:00:00,37789.07676771992
2024-05-03 16:00:00,46939.216024915695
2024-05-03 17:00:00,56420.36340923362
2024-05-03 18:00:00,52359.28436521296
2024-05-03 19:00:00,45688.35619836105
2024-05-03 20:00:00,41226.92899840819
2024-05-03 21:00:00,37663.1440192813
2024-05-03 22:00:00,33125.55203204917
2024-05-03 23:00:00,29743.61959854759
2024-05-04 00:00:00,27635.397053326684
2024-05-04 01:00:00,26105.27280367049
2024-05-04 02:00:00,25119.663403738316
2024-05-04 03:00:00,23410.073755452573
2024-05-04 04:00:00,21877.124230582962
2024-05-04 05:00:00,26173.227151138413
2024-05-04 06:00:00,31295.219218032795
2024-05-04 07:00:00,33893.12139455198
2024-05-04 08:00:00,33961.21979473103
2024-05-04 09:00:00,34277.34229604544
2024-05-04 10:00:00,34010.218261305636
2024-05-04 11:00:00,34142.23970171749
2024-05-04 12:00:00,34056.77938595583
2024-05-04 13:00:00,33984.53595093908
2024-05-04 14:00:00,35086.92059387091
2024-05-04 15:00:00,38498.45582516658
2024-05-04 16:00:00,47463.18917294019
2024-05-04 17:00:00,56540.796257109236
2024-05-04 18:00:00,52641.102872223004
2024-05-04 19:00:00,45948.04822531889
2024-05-04 20:00:00,41292.23964745071
2024-05-04 21:00:00,37566.87217564322
2024-05-04 22:00:00,33068.72059268114
2024-05-04 23:00:00,29831.148955580626
2024-05-05 00:00:00,27695.59366854257
2024-05-05 01:00:00,26142.116091600237
2024-05-05 02:00:00,25128.27929573392
2024-05-05 03:00:00,23336.159109949476
2024-05-05 04:00:00,21700.551051008417
2024-05-05 05:00:00,25678.058285112682
2024-05-05 06:00:00,30458.36448768551
2024-05-05 07:00:00,33233.708482263704
2024-05-05 08:00:00,33258.443552659635
2024-05-05 09:00:00,33469.50863730149
2024-05-05 10:00:00,33329.80511604738
2024-05-05 11:00:00,33321.81073557074
2024-05-05 12:00:00,33239.23837663654
2024-05-05 13:00:00,33163.55804227407
2024-05-05 14:00:00,34173.719091590174
2024-05-05 15:00:00,37579.205896159685
2024-05-05 16:00:00,46768.04197873417
2024-05-05 17:00:00,56286.92139872852
2024-05-05 18:00:00,52181.83164961662
2024-05-05 19:00:00,45584.81515345539
2024-05-05 20:00:00,41284.877881351094
2024-05-05 21:00:00,37612.30994246934
2024-05-05 22:00:00,33116.37436057243
2024-05-05 23:00:00,29844.786577343173
2024-05-06 00:00:00,27701.86302470201
2024-05-06 01:00:00,26179.73996915134
2024-05-06 02:00:00,25130.38415559762
2024-05-06 03:00:00,23358.233245411197
2024-05-06 04:00:00,21770.66432524817
2024-05-06 05:00:00,25811.163820937123
2024-05-06 06:00:00,30599.638197044867
2024-05-06 07:00:00,33100.538168284686
2024-05-06 08:00:00,33229.94889218581
2024-05-06 09:00:00,33437.089705435545
2024-05-06 10:00:00,33205.117950692365
2024-05-06 11:00:00,33537.83042703513
2024-05-06 12:00:00,33495.14466285311
2024-05-06 13:00:00,33464.361530753864
2024-05-06 14:00:00,34533.35926690617
2024-05-06 15:00:00,37642.70559331709
2024-05-06 16:00:00,46789.45674720396
2024-05-06 17:00:00,56306.44181025855
2024-05-06 18:00:00,52207.08948780626
2024-05-06 19:00:00,45502.04035045591
2024-05-06 20:00:00,41124.90896820348
2024-05-06 21:00:00,37531.26875729332
2024-05-06 22:00:00,33073.76488025002
2024-05-06 23:00:00,29820.55331221479
2024-05-07 00:00:00,27684.60350563396
2024-05-07 01:00:00,26140.69023119771
2024-05-07 02:00:00,25105.050810458808
2024-05-07 03:00:00,23335.24863887384
2024-05-07 04:00:00,21784.847593796218
2024-05-07 05:00:00,25690.854125311154
2024-05-07 06:00:00,30597.260087736697
2024-05-07 07:00:00,33132.52758370513
2024-05-07 08:00:00,33224.77042511504
2024-05-07 09:00:00,33422.51534528601
2024-05-07 10:00:00,33159.17806043129
2024-05-07 11:00:00,33376.77180762146
2024-05-07 12:00:00,33379.385161892555
2024-05-07 13:00:00,33303.10096092997
2024-05-07 14:00:00,34406.50577318656
2024-05-07 15:00:00,37767.57562187293
2024-05-07 16:00:00,46814.45366942946
2024-05-07 17:00:00,56319.11166625444
2024-05-07 18:00:00,52305.881463694444
2024-05-07 19:00:00,45684.7502611823
2024-05-07 20:00:00,41205.33245550216
2024-05-07 21:00:00,37587.80287356344
2024-05-07 22:00:00,33076.58772266849
2024-05-07 23:00:00,29780.75951085768
2024-05-08 00:00:00,27605.13306613395
2024-05-08 01:00:00,26119.168807435235
2024-05-08 02:00:00,25117.195383388538
2024-05-08 03:00:00,23417.393417780044
2024-05-08 04:00:00,21844.474231625878
2024-05-08 05:00:00,25962.74236000951
2024-05-08 06:00:00,31032.964631351697
2024-05-08 07:00:00,33636.141623653246
2024-05-08 08:00:00,34001.65113839546
2024-05-08 09:00:00,34324.568768658624
2024-05-08 10:00:00,34051.169534555884
2024-05-08 11:00:00,34181.33751296946
2024-05-08 12:00:00,34085.12078866961
2024-05-08 13:00:00,34010.557043666144
2024-05-08 14:00:00,35083.31782250443
2024-05-08 15:00:00,38474.768831609894
2024-05-08 16:00:00,47070.53972688625
2024-05-08 17:00:00,56522.28024566108
2024-05-08 18:00:00,52580.828324009344
2024-05-08 19:00:00,45863.29780813823
2024-05-08 20:00:00,41200.92138122106
2024-05-08 21:00:00,37607.745350995516
2024-05-08 22:00:00,33078.88432695754
2024-05-08 23:00:00,29730.862377296122
2024-05-09 00:00:00,27641.738084865465
2024-05-09 01:00:00,26187.247943402024
2024-05-09 02:00:00,25199.666783916156
2024-05-09 03:00:00,23429.553503902778
2024-05-09 04:00:00,21992.94684714998
2024-05-09 05:00:00,26100.41858274919
2024-05-09 06:00:00,30715.84603744883
2024-05-09 07:00:00,33302.48887832249
2024-05-09 08:00:00,33509.92976883925
2024-05-09 09:00:00,34148.9054161088
2024-05-09 10:00:00,34017.8580651759
2024-05-09 11:00:00,34166.57433505572
2024-05-09 12:00:00,34066.19601570831
2024-05-09 13:00:00,33994.57069720085
2024-05-09 14:00:00,34844.01405124501
2024-05-09 15:00:00,37744.217776102945
2024-05-09 16:00:00,46906.17832655063
2024-05-09 17:00:00,56421.755024878665
2024-05-09 18:00:00,52443.18995725785
2024-05-09 19:00:00,45391.60369633074
2024-05-09 20:00:00,41002.49980453655
2024-05-09 21:00:00,37491.85768830066
2024-05-09 22:00:00,33050.1211465142
2024-05-09 23:00:00,29800.60404650509
2024-05-10 00:00:00,27689.07641749773
2024-05-10 01:00:00,26166.370750103113
2024-05-10 02:00:00,25112.088972573918
2024-05-10 03:00:00,23385.710170777926
2024-05-10 04:00:00,21829.58352860645
2024-05-10 05:00:00,26047.160228039196
2024-05-10 06:00:00,31186.22678367844
2024-05-10 07:00:00,33744.89607451063
2024-05-10 08:00:00,34191.77895030614
2024-05-10 09:00:00,34374.99076245131
2024-05-10 10:00:00,34050.50005872795
2024-05-10 11:00:00,34178.63207536478
2024-05-10 12:00:00,34079.12882752163
2024-05-10 13:00:00,34003.72204147938
2024-05-10 14:00:00,35071.25696575432
2024-05-10 15:00:00,38478.97251790896
2024-05-10 16:00:00,47411.95443524525
2024-05-10 17:00:00,56679.55131559539
2024-05-10 18:00:00,52718.59474097877
2024-05-10 19:00:00,45969.96534157718
2024-05-10 20:00:00,41471.13106388179
2024-05-10 21:00:00,37782.741492194815
2024-05-10 22:00:00,33300.040165874634
2024-05-10 23:00:00,30059.485945031425
2024-05-11 00:00:00,28021.32019973154
2024-05-11 01:00:00,26576.40749371468
2024-05-11 02:00:00,25602.681270545912
2024-05-11 03:00:00,23845.799000812636
2024-05-11 04:00:00,22236.434849804096
2024-05-11 05:00:00,26733.156126264217
2024-05-11 06:00:00,31902.13676897327
2024-05-11 07:00:00,34355.544968018476
2024-05-11 08:00:00,34299.86020137006
2024-05-11 09:00:00,34413.874015766014
2024-05-11 10:00:00,34096.14632723526
2024-05-11 11:00:00,34228.24489878199
2024-05-11 12:00:00,34141.50881957719
2024-05-11 13:00:00,34049.42176549435
2024-05-11 14:00:00,35203.29199135364
2024-05-11 15:00:00,38793.48851176168
2024-05-11 16:00:00,47787.36107354096
2024-05-11 17:00:00,57198.00919470708
2024-05-11 18:00:00,52938.85895431073
2024-05-11 19:00:00,46348.66456520123
2024-05-11 20:00:00,41860.43015036871
2024-05-11 21:00:00,38167.3017572674
2024-05-11 22:00:00,33663.58504101203
2024-05-11 23:00:00,30465.999630478258
2024-05-12 00:00:00,28308.626933731823
2024-05-12 01:00:00,26769.14397913965
2024-05-12 02:00:00,25765.60953335868
2024-05-12 03:00:00,23977.441229487213
2024-05-12 04:00:00,22320.34016403222
2024-05-12 05:00:00,26391.50881826202
2024-05-12 06:00:00,30829.78276601134
2024-05-12 07:00:00,33526.52099216553
2024-05-12 08:00:00,33784.6971644824
2024-05-12 09:00:00,34269.83982010413
2024-05-12 10:00:00,34061.391599986746
2024-05-12 11:00:00,34198.239030482764
2024-05-12 12:00:00,34091.616945453105
2024-05-12 13:00:00,34009.89573372724
2024-05-12 14:00:00,35073.574216290996
2024-05-12 15:00:00,38465.5806206708
2024-05-12 16:00:00,47192.83326951808
2024-05-12 17:00:00,57020.0442195878
2024-05-12 18:00:00,53188.44257475776
2024-05-12 19:00:00,46745.67708143591
2024-05-12 20:00:00,42085.56096562228
2024-05-12 21:00:00,38313.23056990831
2024-05-12 22:00:00,33685.4557690657
2024-05-12 23:00:00,30505.73211347951
2024-05-13 00:00:00,28376.64918828639
2024-05-13 01:00:00,26835.895754034238
2024-05-13 02:00:00,25821.405180854366
2024-05-13 03:00:00,24059.920514837955
2024-05-13 04:00:00,22480.34284152614
2024-05-13 05:00:00,26517.484355896755
2024-05-13 06:00:00,31461.330902923957
2024-05-13 07:00:00,33864.73756188292
2024-05-13 08:00:00,34211.733796569635
2024-05-13 09:00:00,34413.59779832234
2024-05-13 10:00:00,34087.74944283419
2024-05-13 11:00:00,34206.705309084355
2024-05-13 12:00:00,34106.34139787286
2024-05-13 13:00:00,34043.61569048196
2024-05-13 14:00:00,35107.591460377145
2024-05-13 15:00:00,38485.137150566734
2024-05-13 16:00:00,47758.77175797309
2024-05-13 17:00:00,57049.415809869526
2024-05-13 18:00:00,53243.070789082914
2024-05-13 19:00:00,46747.406818541844
2024-05-13 20:00:00,42069.625409504784
2024-05-13 21:00:00,38299.53071148573
2024-05-13 22:00:00,33761.794105194735
2024-05-13 23:00:00,30426.8320169906
2024-05-14 00:00:00,28240.014886820732
2024-05-14 01:00:00,26719.068148091537
2024-05-14 02:00:00,25705.512912831575
2024-05-14 03:00:00,23953.662689568566
2024-05-14 04:00:00,22443.99951645681
2024-05-14 05:00:00,26550.440660375843
2024-05-14 06:00:00,31324.901815180125
2024-05-14 07:00:00,33720.18530131553
2024-05-14 08:00:00,33789.161563617956
2024-05-14 09:00:00,34306.1245501085
2024-05-14 10:00:00,34051.41615963608
2024-05-14 11:00:00,34190.83233797459
2024-05-14 12:00:00,34077.769253440485
2024-05-14 13:00:00,33996.34943986369
2024-05-14 14:00:00,35061.29935273957
2024-05-14 15:00:00,38438.952944073244
2024-05-14 16:00:00,47484.63813135396
2024-05-14 17:00:00,57100.15535416307
2024-05-14 18:00:00,53250.40595774934
2024-05-14 19:00:00,46750.08568547807
2024-05-14 20:00:00,42075.17453425591
2024-05-14 21:00:00,38264.90442639787
2024-05-14 22:00:00,33693.14606129622
2024-05-14 23:00:00,30534.335982651006
2024-05-15 00:00:00,28382.858821211077
2024-05-15 01:00:00,26842.826046493214
2024-05-15 02:00:00,25834.55057300562
2024-05-15 03:00:00,24073.84233993858
2024-05-15 04:00:00,22553.78117740368
2024-05-15 05:00:00,26673.745470259884
2024-05-15 06:00:00,31463.43829394094
2024-05-15 07:00:00,33944.14059585877
2024-05-15 08:00:00,33979.547883557854
2024-05-15 09:00:00,34260.87569765729
2024-05-15 10:00:00,34049.61561113817
2024-05-15 11:00:00,34167.54822372875
2024-05-15 12:00:00,34069.50870013119
2024-05-15 13:00:00,33985.52632658415
2024-05-15 14:00:00,35057.644658173354
2024-05-15 15:00:00,38342.18210884846
2024-05-15 16:00:00,47550.363549808106
2024-05-15 17:00:00,57182.500893601755
2024-05-15 18:00:00,53379.54882418985
2024-05-15 19:00:00,46869.2788675202
2024-05-15 20:00:00,42188.81826183521
2024-05-15 21:00:00,38409.391999676925
2024-05-15 22:00:00,33751.33856377539
2024-05-15 23:00:00,30551.110178477942
2024-05-16 00:00:00,28395.40359558045
2024-05-16 01:00:00,26858.459447374298
2024-05-16 02:00:00,25847.08956485575
2024-05-16 03:00:00,24085.700893311132
2024-05-16 04:00:00,22544.355527771295
2024-05-16 05:00:00,26714.88548839954
2024-05-16 06:00:00,31650.275019589462
2024-05-16 07:00:00,34035.93134110862
2024-05-16 08:00:00,33993.9918388625
2024-05-16 09:00:00,34172.689498131775
2024-05-16 10:00:00,33841.550738806436
2024-05-16 11:00:00,34003.03673366693
2024-05-16 12:00:00,33901.95042322066
2024-05-16 13:00:00,33825.97451098159
2024-05-16 14:00:00,34891.88147363299
2024-05-16 15:00:00,38235.34086473114
2024-05-16 16:00:00,47516.52381226999
2024-05-16 17:00:00,57153.84137103962
2024-05-16 18:00:00,53343.71372191716
2024-05-16 19:00:00,46788.73446951853
2024-05-16 20:00:00,42104.181942682146
2024-05-16 21:00:00,38311.38438984211
2024-05-16 22:00:00,33721.61314108909
2024-05-16 23:00:00,30396.031957993368
2024-05-17 00:00:00,28231.14950187203
2024-05-17 01:00:00,26683.40246770118
2024-05-17 02:00:00,25663.8714464199
2024-05-17 03:00:00,23909.543958320177
2024-05-17 04:00:00,22370.575922135296
2024-05-17 05:00:00,26328.052284270078
2024-05-17 06:00:00,31271.189364806967
2024-05-17 07:00:00,33749.67901228023
2024-05-17 08:00:00,33805.37236600932
2024-05-17 09:00:00,34286.512376593826
2024-05-17 10:00:00,34042.55672437663
2024-05-17 11:00:00,34165.63213078212
2024-05-17 12:00:00,34073.045346616556
2024-05-17 13:00:00,34011.13477304242
2024-05-17 14:00:00,35074.2133135285
2024-05-17 15:00:00,38446.82845235966
2024-05-17 16:00:00,47250.58053519168
2024-05-17 17:00:00,56613.57004344738
2024-05-17 18:00:00,52492.71702437965
2024-05-17 19:00:00,45763.916389253376
2024-05-17 20:00:00,41184.74773551843
2024-05-17 21:00:00,37575.67195312737
2024-05-17 22:00:00,33091.54125426333
2024-05-17 23:00:00,29755.480398081367
2024-05-18 00:00:00,27609.114006971828
2024-05-18 01:00:00,26074.693176211444
2024-05-18 02:00:00,25082.99175313315
2024-05-18 03:00:00,23338.084884517924
2024-05-18 04:00:00,21870.03171193785
2024-05-18 05:00:00,26143.148820884293
2024-05-18 06:00:00,31210.772580416877
2024-05-18 07:00:00,33880.37328468934
2024-05-18 08:00:00,34223.742988650374
2024-05-18 09:00:00,34393.82491863283
2024-05-18 10:00:00,34052.5427026136
2024-05-18 11:00:00,34187.55640365094
2024-05-18 12:00:00,34140.04681733062
2024-05-18 13:00:00,34146.92500095189
2024-05-18 14:00:00,35162.29942928549
2024-05-18 15:00:00,38484.90292009281
2024-05-18 16:00:00,47723.750052539435
2024-05-18 17:00:00,56670.387568922124
2024-05-18 18:00:00,52629.52243730515
2024-05-18 19:00:00,45877.53816842765
2024-05-18 20:00:00,41087.42545720252
2024-05-18 21:00:00,37513.77699852678
2024-05-18 22:00:00,33096.69443629461
2024-05-18 23:00:00,29751.957216953884
2024-05-19 00:00:00,27682.663536855445
2024-05-19 01:00:00,26098.29123905419
2024-05-19 02:00:00,25094.729630825306
2024-05-19 03:00:00,23318.741522083998
2024-05-19 04:00:00,21754.801036334677
2024-05-19 05:00:00,25824.73996505593
2024-05-19 06:00:00,30819.232010866843
2024-05-19 07:00:00,33600.38602634058
2024-05-19 08:00:00,33920.938878648834
2024-05-19 09:00:00,34255.48379330428
2024-05-19 10:00:00,33982.54863420158
2024-05-19 11:00:00,34136.46184261768
2024-05-19 12:00:00,34055.28251064917
2024-05-19 13:00:00,33977.950263767845
2024-05-19 14:00:00,35048.37722960431
2024-05-19 15:00:00,38428.41676561057
2024-05-19 16:00:00,47051.074121408914
2024-05-19 17:00:00,56496.12479921596
2024-05-19 18:00:00,52439.796304248805
2024-05-19 19:00:00,45738.21748355105
2024-05-19 20:00:00,41153.3118731724
2024-05-19 21:00:00,37572.03316818356
2024-05-19 22:00:00,33167.13949842574
2024-05-19 23:00:00,29860.931856573163
2024-05-20 00:00:00,27754.197622293665
2024-05-20 01:00:00,26485.105804122573
2024-05-20 02:00:00,25507.599033344206
2024-05-20 03:00:00,23759.762151384693
2024-05-20 04:00:00,22232.185345595903
2024-05-20 05:00:00,26176.219215539073
2024-05-20 06:00:00,30697.455274905955
2024-05-20 07:00:00,33333.08530672454
2024-05-20 08:00:00,33764.06698969789
2024-05-20 09:00:00,34038.409759502625
2024-05-20 10:00:00,33698.202036090675
2024-05-20 11:00:00,33855.06437903065
2024-05-20 12:00:00,33726.76033658427
2024-05-20 13:00:00,33601.464508843565
2024-05-20 14:00:00,34696.65113871709
2024-05-20 15:00:00,38092.7393639335
2024-05-20 16:00:00,47342.537528741836
2024-05-20 17:00:00,56718.85051345407
2024-05-20 18:00:00,52707.05719582568
2024-05-20 19:00:00,46372.66072441474
2024-05-20 20:00:00,41813.39726791949
2024-05-20 21:00:00,38186.31669771033
2024-05-20 22:00:00,33559.72974091496
2024-05-20 23:00:00,30461.557645236146
2024-05-21 00:00:00,28298.650420100905
2024-05-21 01:00:00,26767.809909274303
2024-05-21 02:00:00,25750.058435712148
2024-05-21 03:00:00,23998.966262881186
2024-05-21 04:00:00,22478.916497596816
2024-05-21 05:00:00,26654.218523118194
2024-05-21 06:00:00,31561.774925005167
2024-05-21 07:00:00,33932.6339368688
2024-05-21 08:00:00,33920.15325329685
2024-05-21 09:00:00,34045.760237627364
2024-05-21 10:00:00,33717.70443383158
2024-05-21 11:00:00,33931.84877230405
2024-05-21 12:00:00,34011.81527089677
2024-05-21 13:00:00,33937.49377272808
2024-05-21 14:00:00,35008.53532729352
2024-05-21 15:00:00,38269.567920784364
2024-05-21 16:00:00,46890.8219305169
2024-05-21 17:00:00,56330.66585363551
2024-05-21 18:00:00,52495.53887715073
2024-05-21 19:00:00,45610.29656276579
2024-05-21 20:00:00,41142.387493342016
2024-05-21 21:00:00,37535.277496944356
2024-05-21 22:00:00,33078.70342213062
2024-05-21 23:00:00,30168.721640911317
2024-05-22 00:00:00,27963.652649723885
2024-05-22 01:00:00,26359.52744514407
2024-05-22 02:00:00,25290.54124656998
2024-05-22 03:00:00,23547.16760811385
2024-05-22 04:00:00,21960.736831036902
2024-05-22 05:00:00,25813.83514679569
2024-05-22 06:00:00,30699.39419969561
2024-05-22 07:00:00,33323.970779905474
2024-05-22 08:00:00,33447.162189527044
2024-05-22 09:00:00,33558.21098944119
2024-05-22 10:00:00,33331.4884985962
2024-05-22 11:00:00,33571.70510578722
2024-05-22 12:00:00,33542.502910882045
2024-05-22 13:00:00,33330.91723592424
2024-05-22 14:00:00,34239.05166174686
2024-05-22 15:00:00,37486.743441091836
2024-05-22 16:00:00,46610.87188224019
2024-05-22 17:00:00,56105.27238051057
2024-05-22 18:00:00,51856.98762088045
2024-05-22 19:00:00,45166.74209107103
2024-05-22 20:00:00,40706.628561014
2024-05-22 21:00:00,37266.51961637502
2024-05-22 22:00:00,32903.360209407765
2024-05-22 23:00:00,29620.14439787476
2024-05-23 00:00:00,27559.919213899437
2024-05-23 01:00:00,26071.63482923606
2024-05-23 02:00:00,25080.869971458556
2024-05-23 03:00:00,23294.294455896776
2024-05-23 04:00:00,21650.771830546182
2024-05-23 05:00:00,25644.362288505465
2024-05-23 06:00:00,30659.721983683747
2024-05-23 07:00:00,33124.857468044625
2024-05-23 08:00:00,33107.79053712559
2024-05-23 09:00:00,33320.73397456006
2024-05-23 10:00:00,33040.09104338049
2024-05-23 11:00:00,33226.0696724344
2024-05-23 12:00:00,33136.16820620779
2024-05-23 13:00:00,33056.87533942561
2024-05-23 14:00:00,34102.05823168714
2024-05-23 15:00:00,37480.11848979409
2024-05-23 16:00:00,46610.94625885672
2024-05-23 17:00:00,56093.46964428457
2024-05-23 18:00:00,52145.697105634594
2024-05-23 19:00:00,45732.23117994904
2024-05-23 20:00:00,41154.50008028705
2024-05-23 21:00:00,37420.81469269898
2024-05-23 22:00:00,32942.88065297756
2024-05-23 23:00:00,29714.278393834826
2024-05-24 00:00:00,27587.32554377247
2024-05-24 01:00:00,26066.572897921775
2024-05-24 02:00:00,25073.02660780162
2024-05-24 03:00:00,23329.527732279977
2024-05-24 04:00:00,21803.469466475257
2024-05-24 05:00:00,26025.108195624292
2024-05-24 06:00:00,31068.054842072474
2024-05-24 07:00:00,33547.27123111217
2024-05-24 08:00:00,33461.94377869947
2024-05-24 09:00:00,33792.43271332759
2024-05-24 10:00:00,33945.79335034636
2024-05-24 11:00:00,34122.38050661173
2024-05-24 12:00:00,34047.26497030745
2024-05-24 13:00:00,33966.20850045511
2024-05-24 14:00:00,35034.70912487931
2024-05-24 15:00:00,38258.87878711189
2024-05-24 16:00:00,46828.007982797164
2024-05-24 17:00:00,56259.446833479575
2024-05-24 18:00:00,52299.37613203852
2024-05-24 19:00:00,45736.07292415834
2024-05-24 20:00:00,40915.64193897675
2024-05-24 21:00:00,37351.42193359414
2024-05-24 22:00:00,32890.34890973183
2024-05-24 23:00:00,29575.28213530245
2024-05-25 00:00:00,27516.304392392118
2024-05-25 01:00:00,26064.72704154991
2024-05-25 02:00:00,25065.031514300645
2024-05-25 03:00:00,23309.629596930914
2024-05-25 04:00:00,21829.021831797854
2024-05-25 05:00:00,26114.32798199002
2024-05-25 06:00:00,31234.895644514057
2024-05-25 07:00:00,34283.64983955946
2024-05-25 08:00:00,34302.455618192944
2024-05-25 09:00:00,34401.90093080296
2024-05-25 10:00:00,34051.55992660228
2024-05-25 11:00:00,34181.54738211891
2024-05-25 12:00:00,34114.046993818185
2024-05-25 13:00:00,34021.470116507204
2024-05-25 14:00:00,35063.70721008006
2024-05-25 15:00:00,38421.253760935884
2024-05-25 16:00:00,47034.56502376041
2024-05-25 17:00:00,56284.24607093439
2024-05-25 18:00:00,52267.40559042217
2024-05-25 19:00:00,45795.556956461136
2024-05-25 20:00:00,41091.1630027847
2024-05-25 21:00:00,37449.281349686506
2024-05-25 22:00:00,33081.500763879056
2024-05-25 23:00:00,29901.733069575017
2024-05-26 00:00:00,27798.697977781485
2024-05-26 01:00:00,26316.681478660157
2024-05-26 02:00:00,25316.895020811528
2024-05-26 03:00:00,23547.57466963929
2024-05-26 04:00:00,21974.10442875015
2024-05-26 05:00:00,25969.766784463292
2024-05-26 06:00:00,30807.35503029666
2024-05-26 07:00:00,33038.85158138049
2024-05-26 08:00:00,33102.36253384965
2024-05-26 09:00:00,33411.13616753376
2024-05-26 10:00:00,33083.03817219636
2024-05-26 11:00:00,33289.34314677943
2024-05-26 12:00:00,33209.49327763615
2024-05-26 13:00:00,33233.60486353727
2024-05-26 14:00:00,34267.0631233184
2024-05-26 15:00:00,37597.471008923145
2024-05-26 16:00:00,46648.446871312495
2024-05-26 17:00:00,56129.54610241357
2024-05-26 18:00:00,52122.69980086227
2024-05-26 19:00:00,45389.535175629266
2024-05-26 20:00:00,40723.211948766504
2024-05-26 21:00:00,37243.38257812614
2024-05-26 22:00:00,32872.8726102572
2024-05-26 23:00:00,29684.499557563217
2024-05-27 00:00:00,27606.72781532942
2024-05-27 01:00:00,26103.592939960115
2024-05-27 02:00:00,25124.7024038947
2024-05-27 03:00:00,23398.215652343944
2024-05-27 04:00:00,21849.29549528455
2024-05-27 05:00:00,25953.258933436195
2024-05-27 06:00:00,30706.240729191235
2024-05-27 07:00:00,33292.62468845666
2024-05-27 08:00:00,33348.94475593334
2024-05-27 09:00:00,33590.785478670135
2024-05-27 10:00:00,33274.63295699963
2024-05-27 11:00:00,33470.45060507798
2024-05-27 12:00:00,33423.33809499843
2024-05-27 13:00:00,33340.37461267323
2024-05-27 14:00:00,34290.802216853175
2024-05-27 15:00:00,37593.065051645084
2024-05-27 16:00:00,46697.3969786941
2024-05-27 17:00:00,56275.88860562556
2024-05-27 18:00:00,52315.7626677838
2024-05-27 19:00:00,45661.571633876585
2024-05-27 20:00:00,41248.25730865413
2024-05-27 21:00:00,37639.45462914795
2024-05-27 22:00:00,33170.43396037348
2024-05-27 23:00:00,29972.2071768123
2024-05-28 00:00:00,28027.821919475075
2024-05-28 01:00:00,26532.959532828547
2024-05-28 02:00:00,25587.39760782852
2024-05-28 03:00:00,23871.330586817017
2024-05-28 04:00:00,22375.703548068443
2024-05-28 05:00:00,26498.591128861055
2024-05-28 06:00:00,31318.448874459267
2024-05-28 07:00:00,33737.77662330262
2024-05-28 08:00:00,33696.6583717262
2024-05-28 09:00:00,33933.35585993316
2024-05-28 10:00:00,33584.03290868533
2024-05-28 11:00:00,33760.508861792594
2024-05-28 12:00:00,33670.30332960415
2024-05-28 13:00:00,33574.031103808054
2024-05-28 14:00:00,34508.28385993799
2024-05-28 15:00:00,37587.458553256416
2024-05-28 16:00:00,46651.96862104805
2024-05-28 17:00:00,56242.83705313856
2024-05-28 18:00:00,52323.551991860055
2024-05-28 19:00:00,45692.94842362831
2024-05-28 20:00:00,40945.05952637531
2024-05-28 21:00:00,37303.58971251216
2024-05-28 22:00:00,32991.33229879999
2024-05-28 23:00:00,29677.89404849049
2024-05-29 00:00:00,27545.96755669824
2024-05-29 01:00:00,26148.077099478458
2024-05-29 02:00:00,25143.31017324981
2024-05-29 03:00:00,23406.25643796836
2024-05-29 04:00:00,21906.386165850887
2024-05-29 05:00:00,26014.085145267807
2024-05-29 06:00:00,30988.422458749526
2024-05-29 07:00:00,33355.433793540964
2024-05-29 08:00:00,33258.64191459135
2024-05-29 09:00:00,33453.288724135164
2024-05-29 10:00:00,33180.167220807285
2024-05-29 11:00:00,33358.48469631747
2024-05-29 12:00:00,33333.76088124243
2024-05-29 13:00:00,33303.48366488856
2024-05-29 14:00:00,34388.242107892336
2024-05-29 15:00:00,37613.936554489585
2024-05-29 16:00:00,46803.30715629882
2024-05-29 17:00:00,56242.90982310645
2024-05-29 18:00:00,52210.78826102609
2024-05-29 19:00:00,45377.541515823905
2024-05-29 20:00:00,40831.27450156548
2024-05-29 21:00:00,37386.49313988776
2024-05-29 22:00:00,32933.29821805926
2024-05-29 23:00:00,29752.510920721965
2024-05-30 00:00:00,27743.17588361716
2024-05-30 01:00:00,26346.566773064584
2024-05-30 02:00:00,25396.325523780364
2024-05-30 03:00:00,23656.565373264762
2024-05-30 04:00:00,22143.00904445963
2024-05-30 05:00:00,26095.824115942283
2024-05-30 06:00:00,31045.499155555415
2024-05-30 07:00:00,33433.57548495828
2024-05-30 08:00:00,33263.16033389691
2024-05-30 09:00:00,33542.146612191114
2024-05-30 10:00:00,33252.9044423243
2024-05-30 11:00:00,33450.322800308306
2024-05-30 12:00:00,33374.32820097541
2024-05-30 13:00:00,33357.08200177356
2024-05-30 14:00:00,34520.52983690196
2024-05-30 15:00:00,37900.472220738855
2024-05-30 16:00:00,46908.841518216504
2024-05-30 17:00:00,56292.809579705936
2024-05-30 18:00:00,52461.35089687521
2024-05-30 19:00:00,45964.077078739436
2024-05-30 20:00:00,41271.81857559089
2024-05-30 21:00:00,37529.32211797037
2024-05-30 22:00:00,33118.90259108307
2024-05-30 23:00:00,29791.88792605596
2024-05-31 00:00:00,27656.063322839414
2024-05-31 01:00:00,26222.624571317345
2024-05-31 02:00:00,25301.336089369743
2024-05-31 03:00:00,23625.81436442027
2024-05-31 04:00:00,22129.073902237193
2024-05-31 05:00:00,26362.985686955053
2024-05-31 06:00:00,31314.24882631854
2024-05-31 07:00:00,33660.36980255325
2024-05-31 08:00:00,33628.504779485265
2024-05-31 09:00:00,33880.249869242594
2024-05-31 10:00:00,33581.17188776122
2024-05-31 11:00:00,33914.21897388864
2024-05-31 12:00:00,33953.58902815898
2024-05-31 13:00:00,33919.89270245641
2024-05-31 14:00:00,34952.232975353225
2024-05-31 15:00:00,38244.950554441406
2024-05-31 16:00:00,47099.92238223475
2024-05-31 17:00:00,56673.563977905695
2024-05-31 18:00:00,52829.00052925071
2024-05-31 19:00:00,46266.02403476728
2024-05-31 20:00:00,41593.44628358337
2024-05-31 21:00:00,37883.542656689104
2024-05-31 22:00:00,33330.54550044616
2024-05-31 23:00:00,30385.682489802188
2024-06-01 00:00:00,28280.591947717992
2024-06-01 01:00:00,26918.657067100863
2024-06-01 02:00:00,26012.32451998814
2024-06-01 03:00:00,24259.406689098716
2024-06-01 04:00:00,22814.373913411524
2024-06-01 05:00:00,27055.419796485057
2024-06-01 06:00:00,32037.73877104423
2024-06-01 07:00:00,34446.406082587666
2024-06-01 08:00:00,34318.74428384264
2024-06-01 09:00:00,34392.77514774573
2024-06-01 10:00:00,34041.947628313865
2024-06-01 11:00:00,34152.23219703928
2024-06-01 12:00:00,34080.45233114786
2024-06-01 13:00:00,34006.778148898076
2024-06-01 14:00:00,35063.64151653731
2024-06-01 15:00:00,38487.45655299228
2024-06-01 16:00:00,47639.14589461862
2024-06-01 17:00:00,57114.15783490959
2024-06-01 18:00:00,52911.95766494742
2024-06-01 19:00:00,46346.76497639938
2024-06-01 20:00:00,41566.90648079928
2024-06-01 21:00:00,38071.85035729881
2024-06-01 22:00:00,33493.79456081931
2024-06-01 23:00:00,29737.45556526042
2024-06-02 00:00:00,27705.404016629593
2024-06-02 01:00:00,26198.98164983663
2024-06-02 02:00:00,25444.50283030678
2024-06-02 03:00:00,23785.874515787677
2024-06-02 04:00:00,22297.323373439056
2024-06-02 05:00:00,26359.35344274996
2024-06-02 06:00:00,31028.394516247605
2024-06-02 07:00:00,33194.93369988004
2024-06-02 08:00:00,33149.2961084844
2024-06-02 09:00:00,33452.80505045777
2024-06-02 10:00:00,33166.936328666925
2024-06-02 11:00:00,33384.587104237115
2024-06-02 12:00:00,33349.01936933582
2024-06-02 13:00:00,33331.7796169713
2024-06-02 14:00:00,34445.714690005654
2024-06-02 15:00:00,37745.06765664457
2024-06-02 16:00:00,46774.97913938818
2024-06-02 17:00:00,56013.081070831395
2024-06-02 18:00:00,51990.52227146982
2024-06-02 19:00:00,45088.14284786853
2024-06-02 20:00:00,40483.609032945315
2024-06-02 21:00:00,37119.60121518138
2024-06-02 22:00:00,32875.238657598624
2024-06-02 23:00:00,29604.87386228251
2024-06-03 00:00:00,27536.158982398127
2024-06-03 01:00:00,26030.265347044646
2024-06-03 02:00:00,25135.517421706583
2024-06-03 03:00:00,23461.95687141246
2024-06-03 04:00:00,21828.63275883016
2024-06-03 05:00:00,25499.05250728687
2024-06-03 06:00:00,30103.732465117046
2024-06-03 07:00:00,32931.979501576796
2024-06-03 08:00:00,33063.245594430984
2024-06-03 09:00:00,33385.48867706795
2024-06-03 10:00:00,33238.831651648725
2024-06-03 11:00:00,33463.27273984618
2024-06-03 12:00:00,33501.69750896242
2024-06-03 13:00:00,33542.92192712853
2024-06-03 14:00:00,34581.586118761355
2024-06-03 15:00:00,37893.63165325145
2024-06-03 16:00:00,46970.76242502327
2024-06-03 17:00:00,56422.865129006874
2024-06-03 18:00:00,52483.15840861749
2024-06-03 19:00:00,45917.79877090864
2024-06-03 20:00:00,41164.26381052452
2024-06-03 21:00:00,37554.54052429322
2024-06-03 22:00:00,33277.82642402288
2024-06-03 23:00:00,30620.651695590896
2024-06-04 00:00:00,28342.57947477452
2024-06-04 01:00:00,26826.32975861819
2024-06-04 02:00:00,25843.810530677103
2024-06-04 03:00:00,24125.03891141573
2024-06-04 04:00:00,22606.19861759883
2024-06-04 05:00:00,26726.000569571435
2024-06-04 06:00:00,31582.33204689352
2024-06-04 07:00:00,33921.74837724165
2024-06-04 08:00:00,33850.584762205704
2024-06-04 09:00:00,33965.18311142758
2024-06-04 10:00:00,33580.614545394834
2024-06-04 11:00:00,33756.55201297382
2024-06-04 12:00:00,33712.662701578956
2024-06-04 13:00:00,33698.98137298877
2024-06-04 14:00:00,34738.070375447125
2024-06-04 15:00:00,38026.59274475753
2024-06-04 16:00:00,46870.80384770375
2024-06-04 17:00:00,56193.655568932605
2024-06-04 18:00:00,52202.562394636014
2024-06-04 19:00:00,45518.54522174053
2024-06-04 20:00:00,40806.66769214355
2024-06-04 21:00:00,37161.71707303794
2024-06-04 22:00:00,32900.54865119146
2024-06-04 23:00:00,29812.282700995118
2024-06-05 00:00:00,27731.83388776535
2024-06-05 01:00:00,26241.564725948036
2024-06-05 02:00:00,25266.227623199567
2024-06-05 03:00:00,23480.490058023704
2024-06-05 04:00:00,21898.29667831601
2024-06-05 05:00:00,25888.526541247822
2024-06-05 06:00:00,30792.65205422018
2024-06-05 07:00:00,33423.61581050944
2024-06-05 08:00:00,33820.47253674856
2024-06-05 09:00:00,33887.53714841899
2024-06-05 10:00:00,33711.367325554515
2024-06-05 11:00:00,33874.47703467788
2024-06-05 12:00:00,33810.72460692974
2024-06-05 13:00:00,33671.26820780146
2024-06-05 14:00:00,34657.291955419314
2024-06-05 15:00:00,37814.28883017247
2024-06-05 16:00:00,46714.12650037229
2024-06-05 17:00:00,56228.23463906475
2024-06-05 18:00:00,52274.79905191881
2024-06-05 19:00:00,45423.50354545345
2024-06-05 20:00:00,40741.93200681799
2024-06-05 21:00:00,37245.54225903268
2024-06-05 22:00:00,32892.2616102753
2024-06-05 23:00:00,29658.26111802682
2024-06-06 00:00:00,27559.203751739296
2024-06-06 01:00:00,26077.746199560253
2024-06-06 02:00:00,25124.30901345192
2024-06-06 03:00:00,23434.87230238097
2024-06-06 04:00:00,21876.219633171764
2024-06-06 05:00:00,25942.329002986975
2024-06-06 06:00:00,30849.825036479804
2024-06-06 07:00:00,33369.415588770615
2024-06-06 08:00:00,33462.23031073523
2024-06-06 09:00:00,33759.55723783745
2024-06-06 10:00:00,33586.454577796394
2024-06-06 11:00:00,33766.098159852576
2024-06-06 12:00:00,33743.49025265066
2024-06-06 13:00:00,33745.81631315269
2024-06-06 14:00:00,34855.513008698596
2024-06-06 15:00:00,38080.258765505954
2024-06-06 16:00:00,46916.19067946433
2024-06-06 17:00:00,56318.308375422515
2024-06-06 18:00:00,52375.28767554708
2024-06-06 19:00:00,45742.57100025994
2024-06-06 20:00:00,40920.761004602275
2024-06-06 21:00:00,37370.74128079314
2024-06-06 22:00:00,33053.63135840551
2024-06-06 23:00:00,29776.141057105593
2024-06-07 00:00:00,27975.80910066211
2024-06-07 01:00:00,26611.4217345872
2024-06-07 02:00:00,25697.158055112508
2024-06-07 03:00:00,24000.64857806659
2024-06-07 04:00:00,22544.597956045796
2024-06-07 05:00:00,26766.851750276786
2024-06-07 06:00:00,31704.539962975025
2024-06-07 07:00:00,34005.32679567458
2024-06-07 08:00:00,34195.17323435712
2024-06-07 09:00:00,34417.87665268356
2024-06-07 10:00:00,34075.26842322433
2024-06-07 11:00:00,34212.72420236554
2024-06-07 12:00:00,34182.04034029657
2024-06-07 13:00:00,34103.21223551163
2024-06-07 14:00:00,35151.09463645314
2024-06-07 15:00:00,38391.54293611738
2024-06-07 16:00:00,47582.96988884218
2024-06-07 17:00:00,56916.6510114053
2024-06-07 18:00:00,53129.120493433344
2024-06-07 19:00:00,46715.657767113
2024-06-07 20:00:00,42063.771685026244
2024-06-07 21:00:00,38284.28560276282
2024-06-07 22:00:00,33730.97767944434
2024-06-07 23:00:00,30018.681151823228
2024-06-08 00:00:00,28332.037718210606
2024-06-08 01:00:00,26919.032251236073
2024-06-08 02:00:00,26008.702406408993
2024-06-08 03:00:00,24341.666692172614
2024-06-08 04:00:00,22899.72719691074
2024-06-08 05:00:00,27116.886588215817
2024-06-08 06:00:00,32101.260475286195
2024-06-08 07:00:00,34483.125133160036
2024-06-08 08:00:00,34357.27983689744
2024-06-08 09:00:00,34503.85702394201
2024-06-08 10:00:00,34218.8300555467
2024-06-08 11:00:00,34422.26707501277
2024-06-08 12:00:00,34391.46048176072
2024-06-08 13:00:00,34353.61336461767
2024-06-08 14:00:00,35318.814843393055
2024-06-08 15:00:00,38415.081586554676
2024-06-08 16:00:00,47581.72422469411
2024-06-08 17:00:00,56762.52460067745
2024-06-08 18:00:00,53103.61732365506
2024-06-08 19:00:00,46649.68251154485
2024-06-08 20:00:00,41960.26764214499
2024-06-08 21:00:00,38170.0870488838
2024-06-08 22:00:00,33624.47450192771
2024-06-08 23:00:00,30377.056452626362
2024-06-09 00:00:00,28247.98433818664
2024-06-09 01:00:00,26725.819316094276
2024-06-09 02:00:00,25722.75536486645
2024-06-09 03:00:00,24018.126602572444
2024-06-09 04:00:00,22544.20277958065
2024-06-09 05:00:00,26734.40768174563
2024-06-09 06:00:00,31657.22498077064
2024-06-09 07:00:00,34023.03519654761
2024-06-09 08:00:00,33901.76484269357
2024-06-09 09:00:00,34021.557475990376
2024-06-09 10:00:00,33631.16060478692
2024-06-09 11:00:00,33700.62929234661
2024-06-09 12:00:00,33583.90217088266
2024-06-09 13:00:00,33499.65959688327
2024-06-09 14:00:00,34555.475556115365
2024-06-09 15:00:00,37997.61971856197
2024-06-09 16:00:00,47005.93409766843
2024-06-09 17:00:00,56465.37095069739
2024-06-09 18:00:00,52271.807470029285
2024-06-09 19:00:00,45797.57454188238
2024-06-09 20:00:00,41248.73612511371
2024-06-09 21:00:00,37541.190525756865
2024-06-09 22:00:00,33199.2989370841
2024-06-09 23:00:00,30120.9980972406
2024-06-10 00:00:00,28004.49621565163
2024-06-10 01:00:00,26426.43625933903
2024-06-10 02:00:00,25499.09209791921
2024-06-10 03:00:00,23744.19593808873
2024-06-10 04:00:00,22271.721388785336
2024-06-10 05:00:00,26339.641332815896
2024-06-10 06:00:00,31016.227692738892
2024-06-10 07:00:00,33463.20873934208
2024-06-10 08:00:00,33573.705447100845
2024-06-10 09:00:00,33861.17692200276
2024-06-10 10:00:00,33690.29217259347
2024-06-10 11:00:00,34009.80251825552
2024-06-10 12:00:00,33984.78001505942
2024-06-10 13:00:00,33921.343487672406
2024-06-10 14:00:00,34979.3752855353
2024-06-10 15:00:00,38195.46519272545
2024-06-10 16:00:00,46957.53515515688
2024-06-10 17:00:00,56390.677943964314
2024-06-10 18:00:00,52400.453118025056
2024-06-10 19:00:00,45688.83204111358
2024-06-10 20:00:00,41073.40298082652
2024-06-10 21:00:00,37495.89337240613
2024-06-10 22:00:00,33511.80395730233
2024-06-10 23:00:00,29840.7196173256
2024-06-11 00:00:00,27748.0029729793
2024-06-11 01:00:00,26319.710800003875
2024-06-11 02:00:00,25329.579301974594
2024-06-11 03:00:00,23666.499843004378
2024-06-11 04:00:00,22117.76283988756
2024-06-11 05:00:00,25911.96114802103
2024-06-11 06:00:00,30855.904026970198
2024-06-11 07:00:00,33330.23616192759
2024-06-11 08:00:00,33557.927747584
2024-06-11 09:00:00,33800.77075158932
2024-06-11 10:00:00,33538.52899454668
2024-06-11 11:00:00,33682.593712771304
2024-06-11 12:00:00,33577.8302345974
2024-06-11 13:00:00,33497.14932742196
2024-06-11 14:00:00,34540.694654601764
2024-06-11 15:00:00,37834.309514592176
2024-06-11 16:00:00,46995.073537159
2024-06-11 17:00:00,56394.676752111984
2024-06-11 18:00:00,52145.00244306956
2024-06-11 19:00:00,45451.80773843719
2024-06-11 20:00:00,40996.64803929174
2024-06-11 21:00:00,37189.89506206819
2024-06-11 22:00:00,32862.32344523157
2024-06-11 23:00:00,29686.439282200237
2024-06-12 00:00:00,27641.276007531582
2024-06-12 01:00:00,26179.985043955556
2024-06-12 02:00:00,25219.92991021902
2024-06-12 03:00:00,23521.043940024763
2024-06-12 04:00:00,21936.63429628381
2024-06-12 05:00:00,26241.741265682715
2024-06-12 06:00:00,30778.458635314313
2024-06-12 07:00:00,33307.05368830182
2024-06-12 08:00:00,33516.44092935548
2024-06-12 09:00:00,33784.788896805665
2024-06-12 10:00:00,33478.51733099205
2024-06-12 11:00:00,33645.643815577874
2024-06-12 12:00:00,33526.61208108263
2024-06-12 13:00:00,33458.544189965454
2024-06-12 14:00:00,34464.28594539861
2024-06-12 15:00:00,37532.08871491994
2024-06-12 16:00:00,46650.38034291659
2024-06-12 17:00:00,55979.14592607389
2024-06-12 18:00:00,52118.866413383665
2024-06-12 19:00:00,45200.29270092719
2024-06-12 20:00:00,40740.239870694284
2024-06-12 21:00:00,37412.1415450009
2024-06-12 22:00:00,33107.732423367444
2024-06-12 23:00:00,30013.19632589222
2024-06-13 00:00:00,27986.871404140707
2024-06-13 01:00:00,26520.829979547223
2024-06-13 02:00:00,25557.776382323325
2024-06-13 03:00:00,23876.919463832885
2024-06-13 04:00:00,22364.252168844407
2024-06-13 05:00:00,26402.41597485367
2024-06-13 06:00:00,31124.61836828996
2024-06-13 07:00:00,33345.73351175152
2024-06-13 08:00:00,33196.27049044678
2024-06-13 09:00:00,33503.00809959633
2024-06-13 10:00:00,33286.95958996482
2024-06-13 11:00:00,33659.13302324022
2024-06-13 12:00:00,33570.032794320745
2024-06-13 13:00:00,33517.70526142486
2024-06-13 14:00:00,34570.29933749315
2024-06-13 15:00:00,37792.301248408265
2024-06-13 16:00:00,46700.34457595163
2024-06-13 17:00:00,56148.586746648936
2024-06-13 18:00:00,52208.97546302405
2024-06-13 19:00:00,45632.052949848614
2024-06-13 20:00:00,41092.65865244412
2024-06-13 21:00:00,37690.765699206655
2024-06-13 22:00:00,33396.52909603822
2024-06-13 23:00:00,30117.782667682914
2024-06-14 00:00:00,28188.982994338006
2024-06-14 01:00:00,26785.286854903406
2024-06-14 02:00:00,25802.171139867227
2024-06-14 03:00:00,24158.660823926763
2024-06-14 04:00:00,22849.761420368046
2024-06-14 05:00:00,27203.45244519735
2024-06-14 06:00:00,32161.29410419487
2024-06-14 07:00:00,34503.51557395103
2024-06-14 08:00:00,34349.08454318137
2024-06-14 09:00:00,34435.84077743224
2024-06-14 10:00:00,34059.041055818096
2024-06-14 11:00:00,34141.27273411791
2024-06-14 12:00:00,34022.91612794367
2024-06-14 13:00:00,33936.31156213287
2024-06-14 14:00:00,35009.17839326668
2024-06-14 15:00:00,38366.678182828866
2024-06-14 16:00:00,47565.62801677632
2024-06-14 17:00:00,57160.46871403788
2024-06-14 18:00:00,53022.21574319067
2024-06-14 19:00:00,46359.6811118917
2024-06-14 20:00:00,41643.570404524435
2024-06-14 21:00:00,37911.976135882534
2024-06-14 22:00:00,33609.69051103835
2024-06-14 23:00:00,30519.97841396676
2024-06-15 00:00:00,28534.651842574942
2024-06-15 01:00:00,27068.20422181851
2024-06-15 02:00:00,26095.649971122064
2024-06-15 03:00:00,24390.517681997007
2024-06-15 04:00:00,22940.94412326296
2024-06-15 05:00:00,27196.08435386597
2024-06-15 06:00:00,32160.5711942897
2024-06-15 07:00:00,34507.28282211726
2024-06-15 08:00:00,34359.656048188765
2024-06-15 09:00:00,34433.43249590268
2024-06-15 10:00:00,34057.24044639828
2024-06-15 11:00:00,34147.84742776836
2024-06-15 12:00:00,34023.191446271536
2024-06-15 13:00:00,33947.51683548982
2024-06-15 14:00:00,35008.815099689564
2024-06-15 15:00:00,38369.36540722579
2024-06-15 16:00:00,47553.765827144605
2024-06-15 17:00:00,56521.368899335044
2024-06-15 18:00:00,52347.244332881884
2024-06-15 19:00:00,45716.25491629152
2024-06-15 20:00:00,41041.01194985136
2024-06-15 21:00:00,37297.26053367074
2024-06-15 22:00:00,33003.64280087926
2024-06-15 23:00:00,29940.959842492775
2024-06-16 00:00:00,27903.946928325626
2024-06-16 01:00:00,26372.056536504897
2024-06-16 02:00:00,25344.891701830384
2024-06-16 03:00:00,23640.527084416488
2024-06-16 04:00:00,22024.028581562543
2024-06-16 05:00:00,26018.477190963265
2024-06-16 06:00:00,30689.264469854184
2024-06-16 07:00:00,33206.99754481118
2024-06-16 08:00:00,33402.64817715775
2024-06-16 09:00:00,33731.49886757045
2024-06-16 10:00:00,33508.358281116314
2024-06-16 11:00:00,33668.43866142364
2024-06-16 12:00:00,33570.24236578164
2024-06-16 13:00:00,33450.20344435661
2024-06-16 14:00:00,34459.55257122684
2024-06-16 15:00:00,37607.49376286594
2024-06-16 16:00:00,46527.108109511195
2024-06-16 17:00:00,55863.1057798056
2024-06-16 18:00:00,51899.90368710947
2024-06-16 19:00:00,45012.96603800885
2024-06-16 20:00:00,40190.501529856476
2024-06-16 21:00:00,37185.2772906529
2024-06-16 22:00:00,32923.89979178004
2024-06-16 23:00:00,29714.198658247573
2024-06-17 00:00:00,27641.19451596937
2024-06-17 01:00:00,26145.48982580788
2024-06-17 02:00:00,25131.92264152904
2024-06-17 03:00:00,23410.254270669007
2024-06-17 04:00:00,21907.10500040722
2024-06-17 05:00:00,25737.61894921783
2024-06-17 06:00:00,30720.346377989616
2024-06-17 07:00:00,33437.84700947315
2024-06-17 08:00:00,33447.85508720064
2024-06-17 09:00:00,33645.18535377102
2024-06-17 10:00:00,33435.88358529419
2024-06-17 11:00:00,33563.40318485242
2024-06-17 12:00:00,33438.83797407649
2024-06-17 13:00:00,33352.70118587363
2024-06-17 14:00:00,34362.49443009931
2024-06-17 15:00:00,37468.611739501335
2024-06-17 16:00:00,46503.55741392355
2024-06-17 17:00:00,55755.37157457617
2024-06-17 18:00:00,51678.630222680375
2024-06-17 19:00:00,45117.83830986648
2024-06-17 20:00:00,40888.71878041079
2024-06-17 21:00:00,37452.67379023584
2024-06-17 22:00:00,33035.131823756725
2024-06-17 23:00:00,29681.20816244059
2024-06-18 00:00:00,27629.95733040307
2024-06-18 01:00:00,26155.07370643287
2024-06-18 02:00:00,25173.820953339207
2024-06-18 03:00:00,23490.698602925808
2024-06-18 04:00:00,22044.174303850697
2024-06-18 05:00:00,25992.186197219748
2024-06-18 06:00:00,30925.03577484492
2024-06-18 07:00:00,33352.2620952567
2024-06-18 08:00:00,33477.410436447215
2024-06-18 09:00:00,33797.473324308856
2024-06-18 10:00:00,33551.76791625273
2024-06-18 11:00:00,33673.74303826561
2024-06-18 12:00:00,33633.29295045507
2024-06-18 13:00:00,33672.70484267713
2024-06-18 14:00:00,34765.79403609747
2024-06-18 15:00:00,38038.622666468524
2024-06-18 16:00:00,47064.96245233641
2024-06-18 17:00:00,56710.62509959526
2024-06-18 18:00:00,53015.30238278032
2024-06-18 19:00:00,46516.434887517986
2024-06-18 20:00:00,41889.50844476266
2024-06-18 21:00:00,38081.61982694751
2024-06-18 22:00:00,33560.83173479259
2024-06-18 23:00:00,29982.374389033226
2024-06-19 00:00:00,27775.236697482596
2024-06-19 01:00:00,26246.47055889642
2024-06-19 02:00:00,25254.475057528238
2024-06-19 03:00:00,23549.116196792893
2024-06-19 04:00:00,22026.421217057716
2024-06-19 05:00:00,26000.990505477967
2024-06-19 06:00:00,30929.27544319611
2024-06-19 07:00:00,33366.259436809785
2024-06-19 08:00:00,33456.79667011135
2024-06-19 09:00:00,33672.235835604166
2024-06-19 10:00:00,33393.04402338322
2024-06-19 11:00:00,33513.50435004551
2024-06-19 12:00:00,33405.97434203787
2024-06-19 13:00:00,33297.83030400832
2024-06-19 14:00:00,34239.176726993224
2024-06-19 15:00:00,37562.74644652822
2024-06-19 16:00:00,46397.82070544579
2024-06-19 17:00:00,55780.233563017704
2024-06-19 18:00:00,51695.73833092811
2024-06-19 19:00:00,44794.62406338121
2024-06-19 20:00:00,40933.88526387901
2024-06-19 21:00:00,37364.93236020792
2024-06-19 22:00:00,32996.938939374326
2024-06-19 23:00:00,29673.73736344093
2024-06-20 00:00:00,27640.6452370552
2024-06-20 01:00:00,26124.3858574611
2024-06-20 02:00:00,25156.074723027057
2024-06-20 03:00:00,23466.93514365634
2024-06-20 04:00:00,22038.070330413804
2024-06-20 05:00:00,26184.61867359899
2024-06-20 06:00:00,30821.419491985806
2024-06-20 07:00:00,33158.595711542876
2024-06-20 08:00:00,33109.91714143498
2024-06-20 09:00:00,33304.2914120529
2024-06-20 10:00:00,33042.18768350272
2024-06-20 11:00:00,33140.402019469424
2024-06-20 12:00:00,33079.61359998544
2024-06-20 13:00:00,33058.18632553228
2024-06-20 14:00:00,34069.50936346313
2024-06-20 15:00:00,37339.60629815418
2024-06-20 16:00:00,46364.374472333075
2024-06-20 17:00:00,55876.387639940454
2024-06-20 18:00:00,52123.80186757908
2024-06-20 19:00:00,45752.206937253155
2024-06-20 20:00:00,41209.89596669392
2024-06-20 21:00:00,37541.54146420399
2024-06-20 22:00:00,33141.831681833
2024-06-20 23:00:00,29907.235186645103
2024-06-21 00:00:00,27872.24719757276
2024-06-21 01:00:00,26434.883850707647
2024-06-21 02:00:00,25577.13730284354
2024-06-21 03:00:00,23882.251686947995
2024-06-21 04:00:00,22489.78627824633
2024-06-21 05:00:00,26600.74036550668
2024-06-21 06:00:00,31656.136948779156
2024-06-21 07:00:00,34024.60205047579
2024-06-21 08:00:00,33975.78629983381
2024-06-21 09:00:00,34293.42116562987
2024-06-21 10:00:00,34010.40062806637
2024-06-21 11:00:00,34102.51587050925
2024-06-21 12:00:00,34004.24987650478
2024-06-21 13:00:00,33912.34562478662
2024-06-21 14:00:00,34963.78839022454
2024-06-21 15:00:00,38260.61906057274
2024-06-21 16:00:00,47008.47725797717
2024-06-21 17:00:00,56198.86599351629
2024-06-21 18:00:00,52171.31711817189
2024-06-21 19:00:00,45659.45225520047
2024-06-21 20:00:00,40996.96222012476
2024-06-21 21:00:00,37381.3781092543
2024-06-21 22:00:00,33056.300689093725
2024-06-21 23:00:00,29791.180589708598
2024-06-22 00:00:00,27772.7128738142
2024-06-22 01:00:00,26337.888384347956
2024-06-22 02:00:00,25353.351873110627
2024-06-22 03:00:00,23691.85255274372
2024-06-22 04:00:00,22321.4574733392
2024-06-22 05:00:00,26638.876459624644
2024-06-22 06:00:00,31690.52444620756
2024-06-22 07:00:00,34310.08952813952
2024-06-22 08:00:00,34319.00270184439
2024-06-22 09:00:00,34435.197793375766
2024-06-22 10:00:00,34034.38304526837
2024-06-22 11:00:00,34118.38519404282
2024-06-22 12:00:00,33998.81830298466
2024-06-22 13:00:00,33913.01974187392
2024-06-22 14:00:00,34985.083679850824
2024-06-22 15:00:00,38307.16045661009
2024-06-22 16:00:00,47225.562752693826
2024-06-22 17:00:00,56295.39036796909
2024-06-22 18:00:00,52307.11442933478
2024-06-22 19:00:00,45736.67227693168
2024-06-22 20:00:00,41091.05084327287
2024-06-22 21:00:00,37333.367849314
2024-06-22 22:00:00,32943.76897693999
2024-06-22 23:00:00,29616.177731285225
2024-06-23 00:00:00,27629.098553497937
2024-06-23 01:00:00,26186.289002046986
2024-06-23 02:00:00,25201.186288229597
2024-06-23 03:00:00,23493.678739455754
2024-06-23 04:00:00,21936.637483787934
2024-06-23 05:00:00,25770.797838954793
2024-06-23 06:00:00,30691.166436165713
2024-06-23 07:00:00,33380.37452563148
2024-06-23 08:00:00,33479.08444060673
2024-06-23 09:00:00,33832.16713372036
2024-06-23 10:00:00,33626.65363504413
2024-06-23 11:00:00,33780.583906596235
2024-06-23 12:00:00,33666.160965959585
2024-06-23 13:00:00,33561.57226333234
2024-06-23 14:00:00,34423.127392449715
2024-06-23 15:00:00,37556.50446656875
2024-06-23 16:00:00,46547.16126462738
2024-06-23 17:00:00,55981.17993078108
2024-06-23 18:00:00,51697.80781250866
2024-06-23 19:00:00,44677.00498774304
2024-06-23 20:00:00,40633.940003766045
2024-06-23 21:00:00,37306.841676400094
2024-06-23 22:00:00,33032.359964762196
2024-06-23 23:00:00,29811.99916015153
2024-06-24 00:00:00,27713.456502771925
2024-06-24 01:00:00,26189.85286651311
2024-06-24 02:00:00,25195.13322153356
2024-06-24 03:00:00,23491.513876389166
2024-06-24 04:00:00,21967.28885439674
2024-06-24 05:00:00,26017.579155641408
2024-06-24 06:00:00,30854.131677963134
2024-06-24 07:00:00,33374.80277320368
2024-06-24 08:00:00,33534.03934815827
2024-06-24 09:00:00,33895.67623750628
2024-06-24 10:00:00,33906.78266330672
2024-06-24 11:00:00,34129.408794161645
2024-06-24 12:00:00,33951.16989147616
2024-06-24 13:00:00,33906.95952687174
2024-06-24 14:00:00,34827.2623175646
2024-06-24 15:00:00,37753.88484241039
2024-06-24 16:00:00,46635.45959770914
2024-06-24 17:00:00,56000.680398388016
2024-06-24 18:00:00,51965.42859838414
2024-06-24 19:00:00,45487.940614219006
2024-06-24 20:00:00,41011.915349099334
2024-06-24 21:00:00,37417.99603408546
2024-06-24 22:00:00,33054.09550113468
2024-06-24 23:00:00,30175.17680890521
2024-06-25 00:00:00,28104.564142056573
2024-06-25 01:00:00,26610.52954532594
2024-06-25 02:00:00,25667.169997348865
2024-06-25 03:00:00,23943.669644006914
2024-06-25 04:00:00,22421.43974505779
2024-06-25 05:00:00,26499.139319301812
2024-06-25 06:00:00,31329.556788562862
2024-06-25 07:00:00,33629.43489929382
2024-06-25 08:00:00,33701.50630069294
2024-06-25 09:00:00,34030.881073526056
2024-06-25 10:00:00,33649.31651451525
2024-06-25 11:00:00,33759.52632952327
2024-06-25 12:00:00,33622.22761506635
2024-06-25 13:00:00,33528.48337563195
2024-06-25 14:00:00,34588.61164847738
2024-06-25 15:00:00,37864.7175816564
2024-06-25 16:00:00,46815.302864304205
2024-06-25 17:00:00,56024.25972103365
2024-06-25 18:00:00,52413.654318251276
2024-06-25 19:00:00,45760.77190708355
2024-06-25 20:00:00,41267.39606628588
2024-06-25 21:00:00,37678.933329237596
2024-06-25 22:00:00,33447.4976084849
2024-06-25 23:00:00,29733.12629953327
2024-06-26 00:00:00,27692.923925630374
2024-06-26 01:00:00,26242.80039368572
2024-06-26 02:00:00,25226.801420132815
2024-06-26 03:00:00,23583.439365194277
2024-06-26 04:00:00,22111.83744051061
2024-06-26 05:00:00,26003.991017123735
2024-06-26 06:00:00,30843.534370959762
2024-06-26 07:00:00,33256.23666412366
2024-06-26 08:00:00,33378.98900232505
2024-06-26 09:00:00,33691.46686082297
2024-06-26 10:00:00,33494.321016090355
2024-06-26 11:00:00,33756.22963197118
2024-06-26 12:00:00,33639.89142386456
2024-06-26 13:00:00,33601.70007356294
2024-06-26 14:00:00,34694.32755478182
2024-06-26 15:00:00,38005.68031070436
2024-06-26 16:00:00,46906.85629145817
2024-06-26 17:00:00,56167.46817039844
2024-06-26 18:00:00,52164.52360536918
2024-06-26 19:00:00,44770.47666190024
2024-06-26 20:00:00,40288.68986281061
2024-06-26 21:00:00,37206.61056988834
2024-06-26 22:00:00,32921.20448377315
2024-06-26 23:00:00,29724.666279915036
2024-06-27 00:00:00,27599.023042971246
2024-06-27 01:00:00,26181.129067592377
2024-06-27 02:00:00,25261.57602377359
2024-06-27 03:00:00,23524.545321199123
2024-06-27 04:00:00,22028.701030776283
2024-06-27 05:00:00,25981.381733953596
2024-06-27 06:00:00,31018.7720254964
2024-06-27 07:00:00,33702.05016922902
2024-06-27 08:00:00,33915.42894952511
2024-06-27 09:00:00,34193.390904773405
2024-06-27 10:00:00,34027.90558661873
2024-06-27 11:00:00,34144.098997941335
2024-06-27 12:00:00,34053.18667994155
2024-06-27 13:00:00,34012.35247717152
2024-06-27 14:00:00,35060.89710413094
2024-06-27 15:00:00,38357.26941142638
2024-06-27 16:00:00,47408.431562484766
2024-06-27 17:00:00,56712.9869257425
2024-06-27 18:00:00,52945.079189212134
2024-06-27 19:00:00,46113.34577261429
2024-06-27 20:00:00,41086.173346196
2024-06-27 21:00:00,37194.5195073162
2024-06-27 22:00:00,32842.288429529355
2024-06-27 23:00:00,29573.790078568014
2024-06-28 00:00:00,27456.32151699357
2024-06-28 01:00:00,25937.9231082076
2024-06-28 02:00:00,24958.959753215033
2024-06-28 03:00:00,23284.897123033046
2024-06-28 04:00:00,21914.019763742777
2024-06-28 05:00:00,26272.41878445145
2024-06-28 06:00:00,31322.425461174927
2024-06-28 07:00:00,33802.729752089406
2024-06-28 08:00:00,34048.46454136025
2024-06-28 09:00:00,34385.75242067254
2024-06-28 10:00:00,34050.21923565826
2024-06-28 11:00:00,34125.88977277817
2024-06-28 12:00:00,33997.20139194199
2024-06-28 13:00:00,33899.78312134321
2024-06-28 14:00:00,34932.71930146802
2024-06-28 15:00:00,38147.18130260359
2024-06-28 16:00:00,46658.42827462024
2024-06-28 17:00:00,55873.17186015188
2024-06-28 18:00:00,51963.942374093655
2024-06-28 19:00:00,45446.05666316654
2024-06-28 20:00:00,41101.74788846411
2024-06-28 21:00:00,37486.32322744036
2024-06-28 22:00:00,33010.79929573997
2024-06-28 23:00:00,30026.958172326646
2024-06-29 00:00:00,27980.264774196687
2024-06-29 01:00:00,26402.614572161696
2024-06-29 02:00:00,25411.431883095865
2024-06-29 03:00:00,23748.2291729639
2024-06-29 04:00:00,22489.76379293955
2024-06-29 05:00:00,26768.82835948623
2024-06-29 06:00:00,32023.17944898884
2024-06-29 07:00:00,34479.84997588025
2024-06-29 08:00:00,34373.16534483354
2024-06-29 09:00:00,34443.44011756804
2024-06-29 10:00:00,34050.673675477854
2024-06-29 11:00:00,34124.729452977976
2024-06-29 12:00:00,33993.11377526785
2024-06-29 13:00:00,33904.71935354059
2024-06-29 14:00:00,34944.82369023985
2024-06-29 15:00:00,38266.607160978776
2024-06-29 16:00:00,47019.85083110514
2024-06-29 17:00:00,56249.08836876188
2024-06-29 18:00:00,52402.71026852411
2024-06-29 19:00:00,45883.11053066331
2024-06-29 20:00:00,41221.74880785135
2024-06-29 21:00:00,37461.77046956152
2024-06-29 22:00:00,33019.93647408711
2024-06-29 23:00:00,29749.601281048144
2024-06-30 00:00:00,27728.024950595576
2024-06-30 01:00:00,26275.347405102515
2024-06-30 02:00:00,25291.02300574456
2024-06-30 03:00:00,23625.750348052774
2024-06-30 04:00:00,22166.660546239444
2024-06-30 05:00:00,25991.220377509107
2024-06-30 06:00:00,30727.48086063652
2024-06-30 07:00:00,33111.29816335774
2024-06-30 08:00:00,33119.867605550746
2024-06-30 09:00:00,33316.64078561056
2024-06-30 10:00:00,33085.39914928458
2024-06-30 11:00:00,33382.32602822794
2024-06-30 12:00:00,33512.61958715392
2024-06-30 13:00:00,33506.44899888332
2024-06-30 14:00:00,34577.38509210249
2024-06-30 15:00:00,37924.661628375
2024-06-30 16:00:00,46807.33022614863
2024-06-30 17:00:00,56215.83335017109
2024-06-30 18:00:00,52272.05968790175
2024-06-30 19:00:00,45810.42891260666
2024-06-30 20:00:00,40954.779943679365
2024-06-30 21:00:00,37429.536011954224
2024-06-30 22:00:00,33080.03832699904
2024-06-30 23:00:00,29921.485160578057
2024-07-01 00:00:00,27979.869007595236
2024-07-01 01:00:00,26588.93164249258
2024-07-01 02:00:00,25562.575080291357
2024-07-01 03:00:00,23960.493592196217
2024-07-01 04:00:00,22509.86839613799
2024-07-01 05:00:00,26584.829332090037
2024-07-01 06:00:00,31518.16050764365
2024-07-01 07:00:00,33644.43536864243
2024-07-01 08:00:00,33636.72846210986
2024-07-01 09:00:00,34005.11710288483
2024-07-01 10:00:00,33651.72744253119
2024-07-01 11:00:00,33726.704606652456
2024-07-01 12:00:00,33602.25463257624
2024-07-01 13:00:00,33512.83062060651
2024-07-01 14:00:00,34574.44338228676
2024-07-01 15:00:00,37894.069151444266
2024-07-01 16:00:00,47023.00741722732
2024-07-01 17:00:00,56623.9767802682
2024-07-01 18:00:00,52967.537127150645
2024-07-01 19:00:00,46527.17641130979
2024-07-01 20:00:00,41708.429734683916
2024-07-01 21:00:00,38085.040463376645
2024-07-01 22:00:00,33610.12820993159
2024-07-01 23:00:00,30398.179628764236
2024-07-02 00:00:00,28272.333689505165
2024-07-02 01:00:00,26754.0856172988
2024-07-02 02:00:00,25764.173243944893
2024-07-02 03:00:00,24047.58213071421
2024-07-02 04:00:00,22426.126285597104
2024-07-02 05:00:00,26397.966720929773
2024-07-02 06:00:00,31173.135317497083
2024-07-02 07:00:00,33406.845562555915
2024-07-02 08:00:00,33762.6479887006
2024-07-02 09:00:00,33961.32436695725
2024-07-02 10:00:00,33602.495026432036
2024-07-02 11:00:00,33683.15046945683
2024-07-02 12:00:00,33543.341127673055
2024-07-02 13:00:00,33431.084935595245
2024-07-02 14:00:00,34460.49320184599
2024-07-02 15:00:00,37698.87334197716
2024-07-02 16:00:00,46522.53637399447
2024-07-02 17:00:00,55959.971353815505
2024-07-02 18:00:00,52113.509839772494
2024-07-02 19:00:00,45263.86355723052
2024-07-02 20:00:00,41184.18920795943
2024-07-02 21:00:00,37618.630018194555
2024-07-02 22:00:00,33290.20459242175
2024-07-02 23:00:00,30160.269943205418
2024-07-03 00:00:00,28334.058092459472
2024-07-03 01:00:00,26925.868425835357
2024-07-03 02:00:00,25977.466384396634
2024-07-03 03:00:00,24379.013517602547
2024-07-03 04:00:00,22981.093083703796
2024-07-03 05:00:00,27083.60346292215
2024-07-03 06:00:00,31939.558671147177
2024-07-03 07:00:00,34215.80463004572
2024-07-03 08:00:00,34137.39134412247
2024-07-03 09:00:00,34426.83246259491
2024-07-03 10:00:00,34050.687354321024
2024-07-03 11:00:00,34121.44649107249
2024-07-03 12:00:00,34043.52203886267
2024-07-03 13:00:00,34103.422857200145
2024-07-03 14:00:00,35085.96893080385
2024-07-03 15:00:00,38320.78411505517
2024-07-03 16:00:00,47403.754497953305
2024-07-03 17:00:00,56924.812380800446
2024-07-03 18:00:00,53032.09628605843
2024-07-03 19:00:00,46483.82770710644
2024-07-03 20:00:00,41925.82955905178
2024-07-03 21:00:00,38168.80864978673
2024-07-03 22:00:00,33635.5736614671
2024-07-03 23:00:00,30739.58435954447
2024-07-04 00:00:00,28625.303329254362
2024-07-04 01:00:00,27114.803806706288
2024-07-04 02:00:00,26145.671609398716
2024-07-04 03:00:00,24456.56621301641
2024-07-04 04:00:00,23036.16571795442
2024-07-04 05:00:00,27164.619415374334
2024-07-04 06:00:00,31955.71476640395
2024-07-04 07:00:00,34221.09762623775
2024-07-04 08:00:00,34185.50819368088
2024-07-04 09:00:00,34416.23313351261
2024-07-04 10:00:00,34046.090413343096
2024-07-04 11:00:00,34120.51431315222
2024-07-04 12:00:00,33991.78137278968
2024-07-04 13:00:00,33896.101622606846
2024-07-04 14:00:00,34932.783201657185
2024-07-04 15:00:00,38235.715594976675
2024-07-04 16:00:00,47208.07227724823
2024-07-04 17:00:00,56711.47089242927
2024-07-04 18:00:00,52939.810468590505
2024-07-04 19:00:00,46561.732980557776
2024-07-04 20:00:00,41685.084754996096
2024-07-04 21:00:00,37672.241596026746
2024-07-04 22:00:00,33110.227690307955
2024-07-04 23:00:00,29859.112123552597
2024-07-05 00:00:00,27940.174821695364
2024-07-05 01:00:00,26449.244575035824
2024-07-05 02:00:00,25657.091948984875
2024-07-05 03:00:00,24060.11468284833
2024-07-05 04:00:00,22931.21425743189
2024-07-05 05:00:00,27332.87206713047
2024-07-05 06:00:00,32227.638283482338
2024-07-05 07:00:00,34539.348144399424
2024-07-05 08:00:00,34392.27589250215
2024-07-05 09:00:00,34450.93011112173
2024-07-05 10:00:00,34050.91968981168
2024-07-05 11:00:00,34119.46239044678
2024-07-05 12:00:00,33985.4738243181
2024-07-05 13:00:00,33910.019496059474
2024-07-05 14:00:00,34960.36579159435
2024-07-05 15:00:00,38260.215909936356
2024-07-05 16:00:00,47390.38982351298
2024-07-05 17:00:00,56962.93541791256
2024-07-05 18:00:00,53342.923219479766
2024-07-05 19:00:00,46907.18251621628
2024-07-05 20:00:00,42250.891807239896
2024-07-05 21:00:00,38398.3476302504
2024-07-05 22:00:00,33905.559633140336
2024-07-05 23:00:00,30819.368071766796
2024-07-06 00:00:00,28683.576206598358
2024-07-06 01:00:00,27172.420421862225
2024-07-06 02:00:00,26185.926226334872
2024-07-06 03:00:00,24497.753607270446
2024-07-06 04:00:00,23114.11191221268
2024-07-06 05:00:00,27405.579932733206
2024-07-06 06:00:00,32293.895473729888
2024-07-06 07:00:00,34587.69411015837
2024-07-06 08:00:00,34470.8788278451
2024-07-06 09:00:00,34563.546834455694
2024-07-06 10:00:00,34185.70150516852
2024-07-06 11:00:00,34269.45601251711
2024-07-06 12:00:00,34151.034005572896
2024-07-06 13:00:00,34118.91234774211
2024-07-06 14:00:00,35064.306662273055
2024-07-06 15:00:00,38318.66483141667
2024-07-06 16:00:00,47383.76590601355
2024-07-06 17:00:00,56258.19214477045
2024-07-06 18:00:00,52327.31062028527
2024-07-06 19:00:00,45639.95372674254
2024-07-06 20:00:00,40929.51692132935
2024-07-06 21:00:00,37307.35884004514
2024-07-06 22:00:00,32973.72855172511
2024-07-06 23:00:00,29904.813114168366
2024-07-07 00:00:00,27824.51950942679
2024-07-07 01:00:00,26334.73658062033
2024-07-07 02:00:00,25311.590399715893
2024-07-07 03:00:00,23645.682030745378
2024-07-07 04:00:00,22230.144132995727
2024-07-07 05:00:00,26180.456523840283
2024-07-07 06:00:00,30909.7292454154
2024-07-07 07:00:00,33456.061828185695
2024-07-07 08:00:00,33530.17091043807
2024-07-07 09:00:00,33848.143956281114
2024-07-07 10:00:00,33619.81605922814
2024-07-07 11:00:00,33760.83254808772
2024-07-07 12:00:00,33650.92655426227
2024-07-07 13:00:00,33550.34611461533
2024-07-07 14:00:00,34512.99891578022
2024-07-07 15:00:00,37528.12477036282
2024-07-07 16:00:00,46476.7840250733
2024-07-07 17:00:00,55816.60595854552
2024-07-07 18:00:00,51819.84518504967
2024-07-07 19:00:00,44183.21023479072
2024-07-07 20:00:00,40404.335551619355
2024-07-07 21:00:00,37323.56810259482
2024-07-07 22:00:00,33031.01918726313
2024-07-07 23:00:00,29637.659957475276
2024-07-08 00:00:00,27609.40648673123
2024-07-08 01:00:00,26123.496815930506
2024-07-08 02:00:00,25163.493098123705
2024-07-08 03:00:00,23521.862670698174
2024-07-08 04:00:00,22041.908605633078
2024-07-08 05:00:00,26173.20500087827
2024-07-08 06:00:00,31142.163882816418
2024-07-08 07:00:00,33533.91531027558
2024-07-08 08:00:00,33648.38550551084
2024-07-08 09:00:00,33931.11262545382
2024-07-08 10:00:00,33672.693465636476
2024-07-08 11:00:00,33870.20576859056
2024-07-08 12:00:00,33800.44731289343
2024-07-08 13:00:00,33831.22315534561
2024-07-08 14:00:00,34798.340900918905
2024-07-08 15:00:00,37639.346855419295
2024-07-08 16:00:00,46453.149550223454
2024-07-08 17:00:00,55845.83930475668
2024-07-08 18:00:00,52091.07614206499
2024-07-08 19:00:00,45706.837924505424
2024-07-08 20:00:00,41224.63931638977
2024-07-08 21:00:00,38087.365903135775
2024-07-08 22:00:00,33609.08203514537
2024-07-08 23:00:00,30456.340591238622
2024-07-09 00:00:00,28316.96466534259
2024-07-09 01:00:00,26832.357275586735
2024-07-09 02:00:00,25865.738516437916
2024-07-09 03:00:00,24172.26904339663
2024-07-09 04:00:00,22768.04254879387
2024-07-09 05:00:00,26978.422723648095
2024-07-09 06:00:00,31822.859188859
2024-07-09 07:00:00,33655.13941841203
2024-07-09 08:00:00,33523.6970292088
2024-07-09 09:00:00,33726.19755081145
2024-07-09 10:00:00,33425.25485840334
2024-07-09 11:00:00,33586.86547333595
2024-07-09 12:00:00,33521.023325170325
2024-07-09 13:00:00,33288.442120460655
2024-07-09 14:00:00,34326.74534476431
2024-07-09 15:00:00,37574.84056620545
2024-07-09 16:00:00,46463.58558409016
2024-07-09 17:00:00,56056.054760398576
2024-07-09 18:00:00,52203.312417993046
2024-07-09 19:00:00,45656.093372622345
2024-07-09 20:00:00,40659.39534319062
2024-07-09 21:00:00,37317.36665959128
2024-07-09 22:00:00,33020.69909148355
2024-07-09 23:00:00,29745.76320056467
2024-07-10 00:00:00,27791.671748516692
2024-07-10 01:00:00,26306.69763490237
2024-07-10 02:00:00,25297.59282959164
2024-07-10 03:00:00,23611.802400499277
2024-07-10 04:00:00,22221.858544592946
2024-07-10 05:00:00,26233.511308361944
2024-07-10 06:00:00,30971.557522176397
2024-07-10 07:00:00,33400.079540726554
2024-07-10 08:00:00,33407.59155182636
2024-07-10 09:00:00,33551.27435089561
2024-07-10 10:00:00,33303.70963449306
2024-07-10 11:00:00,33470.22095643321
2024-07-10 12:00:00,33441.6254406204
2024-07-10 13:00:00,33377.20379251234
2024-07-10 14:00:00,34355.71801471106
2024-07-10 15:00:00,37550.11599751186
2024-07-10 16:00:00,46436.77166041674
2024-07-10 17:00:00,55915.14449126645
2024-07-10 18:00:00,52003.40444929084
2024-07-10 19:00:00,44897.21183721611
2024-07-10 20:00:00,40474.86965227714
2024-07-10 21:00:00,37230.550933579536
2024-07-10 22:00:00,32962.21409511621
2024-07-10 23:00:00,29674.905366172854
2024-07-11 00:00:00,27710.612947173282
2024-07-11 01:00:00,26256.422030144837
2024-07-11 02:00:00,25295.785582356537
2024-07-11 03:00:00,23659.527637814288
2024-07-11 04:00:00,22257.961536020943
2024-07-11 05:00:00,26236.453623542646
2024-07-11 06:00:00,31090.551666813888
2024-07-11 07:00:00,33369.142153537694
2024-07-11 08:00:00,33260.77077312692
2024-07-11 09:00:00,33382.183630334905
2024-07-11 10:00:00,33043.146463706915
2024-07-11 11:00:00,33179.80082855135
2024-07-11 12:00:00,33093.55865390427
2024-07-11 13:00:00,32998.895164396636
2024-07-11 14:00:00,34038.19209790064
2024-07-11 15:00:00,37291.87295472561
2024-07-11 16:00:00,46462.5799503791
2024-07-11 17:00:00,55923.97595602566
2024-07-11 18:00:00,52226.08605622195
2024-07-11 19:00:00,45933.82399557152
2024-07-11 20:00:00,41281.66180180428
2024-07-11 21:00:00,37632.380897903065
2024-07-11 22:00:00,33277.50040017034
2024-07-11 23:00:00,30446.152672780667
2024-07-12 00:00:00,28326.176557369814
2024-07-12 01:00:00,26784.12145862732
2024-07-12 02:00:00,25822.927730494754
2024-07-12 03:00:00,24154.086587515085
2024-07-12 04:00:00,22807.526456562853
2024-07-12 05:00:00,27112.90262685318
2024-07-12 06:00:00,32017.310910581447
2024-07-12 07:00:00,34303.555942199935
2024-07-12 08:00:00,34176.34519663273
2024-07-12 09:00:00,34400.78087323862
2024-07-12 10:00:00,34050.26700376398
2024-07-12 11:00:00,34112.73002093332
2024-07-12 12:00:00,33983.42432961079
2024-07-12 13:00:00,33881.400752332294
2024-07-12 14:00:00,34913.407477720786
2024-07-12 15:00:00,38210.541370057654
2024-07-12 16:00:00,47341.95364193723
2024-07-12 17:00:00,56602.97579754504
2024-07-12 18:00:00,52739.33006788786
2024-07-12 19:00:00,46111.41945368166
2024-07-12 20:00:00,41485.19217856095
2024-07-12 21:00:00,37707.661483634576
2024-07-12 22:00:00,33356.09397486149
2024-07-12 23:00:00,29827.74619510209
2024-07-13 00:00:00,27984.068497271808
2024-07-13 01:00:00,26554.685441718233
2024-07-13 02:00:00,25700.862035174378
2024-07-13 03:00:00,24098.720409861977
2024-07-13 04:00:00,22748.93853609096
2024-07-13 05:00:00,27105.26678662122
2024-07-13 06:00:00,32175.10078408521
2024-07-13 07:00:00,34602.171521100165
2024-07-13 08:00:00,34439.49473658983
2024-07-13 09:00:00,34493.6986476232
2024-07-13 10:00:00,34088.862277066444
2024-07-13 11:00:00,34159.03889971704
2024-07-13 12:00:00,34030.05768382984
2024-07-13 13:00:00,33942.33800396227
2024-07-13 14:00:00,34970.39236197755
2024-07-13 15:00:00,38336.462446096586
2024-07-13 16:00:00,47335.582238564486
2024-07-13 17:00:00,56395.31431354967
2024-07-13 18:00:00,52313.518495439705
2024-07-13 19:00:00,45688.941011873634
2024-07-13 20:00:00,41126.54829949256
2024-07-13 21:00:00,37403.593747641775
2024-07-13 22:00:00,33086.17290775528
2024-07-13 23:00:00,29936.360811182
2024-07-14 00:00:00,27951.34101211803
2024-07-14 01:00:00,26526.070408335978
2024-07-14 02:00:00,25657.43700278614
2024-07-14 03:00:00,23943.63261522347
2024-07-14 04:00:00,22443.80679375263
2024-07-14 05:00:00,26746.540950302908
2024-07-14 06:00:00,31615.998520325
2024-07-14 07:00:00,33884.151606098436
2024-07-14 08:00:00,33966.225234863334
2024-07-14 09:00:00,34062.551039790415
2024-07-14 10:00:00,33924.07972439851
2024-07-14 11:00:00,34109.98863754264
2024-07-14 12:00:00,33970.79349074525
2024-07-14 13:00:00,33869.32477703583
2024-07-14 14:00:00,34868.110098037876
2024-07-14 15:00:00,37721.80358270751
2024-07-14 16:00:00,46408.37674471443
2024-07-14 17:00:00,55626.35403636804
2024-07-14 18:00:00,51202.91877120631
2024-07-14 19:00:00,44547.561207903
2024-07-14 20:00:00,40757.17149760664
2024-07-14 21:00:00,37552.300794330564
2024-07-14 22:00:00,33164.24033937052
2024-07-14 23:00:00,29968.242204048613
2024-07-15 00:00:00,27980.52208534104
2024-07-15 01:00:00,26591.656373710564
2024-07-15 02:00:00,25789.66599700574
2024-07-15 03:00:00,24103.862395028602
2024-07-15 04:00:00,22611.019511452872
2024-07-15 05:00:00,26680.804961415153
2024-07-15 06:00:00,31455.53032099496
2024-07-15 07:00:00,33757.936940106556
2024-07-15 08:00:00,33714.14745786041
2024-07-15 09:00:00,34221.09020987809
2024-07-15 10:00:00,34034.68709589367
2024-07-15 11:00:00,34087.06771697824
2024-07-15 12:00:00,33821.13164471375
2024-07-15 13:00:00,33821.118457386576
2024-07-15 14:00:00,34888.866192370704
2024-07-15 15:00:00,38214.870497286574
2024-07-15 16:00:00,47073.25911672332
2024-07-15 17:00:00,56193.83177487071
2024-07-15 18:00:00,52366.401496318394
2024-07-15 19:00:00,45583.2341863651
2024-07-15 20:00:00,41051.94605597788
2024-07-15 21:00:00,37401.579569170295
2024-07-15 22:00:00,33116.985497783615
2024-07-15 23:00:00,29847.950470142852
2024-07-16 00:00:00,27878.742445675816
2024-07-16 01:00:00,26365.524578278815
2024-07-16 02:00:00,25414.02031887438
2024-07-16 03:00:00,23738.807587011685
2024-07-16 04:00:00,22313.652590944
2024-07-16 05:00:00,26478.602066005322
2024-07-16 06:00:00,31234.006282002472
2024-07-16 07:00:00,33430.22162691675
2024-07-16 08:00:00,33555.218049244686
2024-07-16 09:00:00,33810.59777647669
2024-07-16 10:00:00,33582.41234889462
2024-07-16 11:00:00,33743.355177556696
2024-07-16 12:00:00,33722.615766770294
2024-07-16 13:00:00,33743.62727687336
2024-07-16 14:00:00,34751.813425697444
2024-07-16 15:00:00,37774.78897882512
2024-07-16 16:00:00,46622.709356546795
2024-07-16 17:00:00,55962.235452730085
2024-07-16 18:00:00,52081.24155811929
2024-07-16 19:00:00,45464.069417052626
2024-07-16 20:00:00,40760.94320530751
2024-07-16 21:00:00,37298.396005702474
2024-07-16 22:00:00,33028.868777384356
2024-07-16 23:00:00,30067.67860848469
2024-07-17 00:00:00,27879.988980746803
2024-07-17 01:00:00,26442.188395378096
2024-07-17 02:00:00,25469.15295098006
2024-07-17 03:00:00,23837.740048915315
2024-07-17 04:00:00,22740.55220237078
2024-07-17 05:00:00,26519.326391768343
2024-07-17 06:00:00,31299.17439963915
2024-07-17 07:00:00,33858.22567970662
2024-07-17 08:00:00,33894.53901782343
2024-07-17 09:00:00,34057.399354456895
2024-07-17 10:00:00,33669.67217538443
2024-07-17 11:00:00,33727.2606726996
2024-07-17 12:00:00,33586.17033844018
2024-07-17 13:00:00,33480.48423997352
2024-07-17 14:00:00,34508.17210984072
2024-07-17 15:00:00,37910.76137373262
2024-07-17 16:00:00,46349.171864093965
2024-07-17 17:00:00,55852.4630387845
2024-07-17 18:00:00,51842.71996101904
2024-07-17 19:00:00,44861.433406273594
2024-07-17 20:00:00,40347.536092709845
2024-07-17 21:00:00,37245.636574294
2024-07-17 22:00:00,32919.779828787
2024-07-17 23:00:00,29819.50796676178
2024-07-18 00:00:00,27798.007254451473
2024-07-18 01:00:00,26289.85564461932
2024-07-18 02:00:00,25332.873394355593
2024-07-18 03:00:00,23631.85917303439
2024-07-18 04:00:00,22193.104662683556
2024-07-18 05:00:00,26261.549109280855
2024-07-18 06:00:00,31145.98757768297
2024-07-18 07:00:00,33519.17100105685
2024-07-18 08:00:00,33511.647933427186
2024-07-18 09:00:00,33680.53635283254
2024-07-18 10:00:00,33391.80506830618
2024-07-18 11:00:00,33609.74839912312
2024-07-18 12:00:00,33555.35354123828
2024-07-18 13:00:00,33454.98220763364
2024-07-18 14:00:00,34420.86909495532
2024-07-18 15:00:00,37487.732592968045
2024-07-18 16:00:00,46433.53391525607
2024-07-18 17:00:00,55848.383200637174
2024-07-18 18:00:00,51933.27749993957
2024-07-18 19:00:00,44894.6554774489
2024-07-18 20:00:00,40981.28252840608
2024-07-18 21:00:00,37386.4836691272
2024-07-18 22:00:00,33035.91287659237
2024-07-18 23:00:00,29768.52073655376
2024-07-19 00:00:00,27698.91625930218
2024-07-19 01:00:00,26198.123202462717
2024-07-19 02:00:00,25204.34987460195
2024-07-19 03:00:00,23490.27589664949
2024-07-19 04:00:00,22150.579901783953
2024-07-19 05:00:00,26513.579765728442
2024-07-19 06:00:00,31406.182953705673
2024-07-19 07:00:00,33861.29773612706
2024-07-19 08:00:00,33868.60109638253
2024-07-19 09:00:00,34409.05095782528
2024-07-19 10:00:00,34050.741761932804
2024-07-19 11:00:00,34108.503891264525
2024-07-19 12:00:00,33963.02966187067
2024-07-19 13:00:00,33861.929743035435
2024-07-19 14:00:00,34925.94596146467
2024-07-19 15:00:00,38172.1890242283
2024-07-19 16:00:00,46707.641873526656
2024-07-19 17:00:00,55914.17035464116
2024-07-19 18:00:00,52033.61027513031
2024-07-19 19:00:00,45421.921824251665
2024-07-19 20:00:00,41104.46582135441
2024-07-19 21:00:00,37640.52118855377
2024-07-19 22:00:00,33226.9595900433
2024-07-19 23:00:00,30118.229899461207
2024-07-20 00:00:00,28071.75169810347
2024-07-20 01:00:00,26570.679885866517
2024-07-20 02:00:00,25537.63449621233
2024-07-20 03:00:00,23804.66687675811
2024-07-20 04:00:00,22365.49081232176
2024-07-20 05:00:00,26799.431845953608
2024-07-20 06:00:00,31742.476397889524
2024-07-20 07:00:00,34083.69301163218
2024-07-20 08:00:00,34310.85499925641
2024-07-20 09:00:00,34467.19085122065
2024-07-20 10:00:00,34050.4144015838
2024-07-20 11:00:00,34104.994272185584
2024-07-20 12:00:00,33962.44759097021
2024-07-20 13:00:00,33859.25121816676
2024-07-20 14:00:00,34892.64728024419
2024-07-20 15:00:00,38194.25652607549
2024-07-20 16:00:00,46616.446386008734
2024-07-20 17:00:00,55956.85517280246
2024-07-20 18:00:00,52042.08963283812
2024-07-20 19:00:00,45665.351108503826
2024-07-20 20:00:00,40939.70723081894
2024-07-20 21:00:00,37358.061582313545
2024-07-20 22:00:00,33051.34589473245
2024-07-20 23:00:00,29477.38879883044
2024-07-21 00:00:00,27620.821916354933
2024-07-21 01:00:00,26217.176055989214
2024-07-21 02:00:00,25242.26260974002
2024-07-21 03:00:00,23636.995571447114
2024-07-21 04:00:00,22326.521393420207
2024-07-21 05:00:00,26310.645552309143
2024-07-21 06:00:00,31035.372689129388
2024-07-21 07:00:00,33351.27201178745
2024-07-21 08:00:00,33373.376753538345
2024-07-21 09:00:00,33757.59683348186
2024-07-21 10:00:00,33612.361666235054
2024-07-21 11:00:00,33817.014808768225
2024-07-21 12:00:00,33698.24792116951
2024-07-21 13:00:00,33637.620866916586
2024-07-21 14:00:00,34662.030783468275
2024-07-21 15:00:00,37935.64436044391
2024-07-21 16:00:00,46583.28532942334
2024-07-21 17:00:00,55943.42330234213
2024-07-21 18:00:00,52139.75308243548
2024-07-21 19:00:00,45357.43121777845
2024-07-21 20:00:00,40747.12233105978
2024-07-21 21:00:00,37335.92879583657
2024-07-21 22:00:00,32991.20714260348
2024-07-21 23:00:00,29904.431057247937
2024-07-22 00:00:00,27865.356963036967
2024-07-22 01:00:00,26370.35681033409
2024-07-22 02:00:00,25455.574467411796
2024-07-22 03:00:00,23767.33783609435
2024-07-22 04:00:00,22396.543499486765
2024-07-22 05:00:00,26417.705812120355
2024-07-22 06:00:00,31087.083816276423
2024-07-22 07:00:00,33397.647114010564
2024-07-22 08:00:00,33454.635531144915
2024-07-22 09:00:00,33697.68974065052
2024-07-22 10:00:00,33362.292113139796
2024-07-22 11:00:00,33616.27724344953
2024-07-22 12:00:00,33529.25842160054
2024-07-22 13:00:00,33449.5020317074
2024-07-22 14:00:00,34417.49434151569
2024-07-22 15:00:00,37460.18619966351
2024-07-22 16:00:00,46381.6137665435
2024-07-22 17:00:00,55946.217585685896
2024-07-22 18:00:00,52167.5876377347
2024-07-22 19:00:00,45611.23780585605
2024-07-22 20:00:00,41173.91777450824
2024-07-22 21:00:00,37467.201870360834
2024-07-22 22:00:00,33035.35815167932
2024-07-22 23:00:00,29897.641184040498
2024-07-23 00:00:00,27829.149117799883
2024-07-23 01:00:00,26381.647088935973
2024-07-23 02:00:00,25396.757342579276
2024-07-23 03:00:00,23925.86647811937
2024-07-23 04:00:00,22780.107594964837
2024-07-23 05:00:00,27060.432340608244
2024-07-23 06:00:00,31888.86016894392
2024-07-23 07:00:00,33995.10083932529
2024-07-23 08:00:00,34029.82993525612
2024-07-23 09:00:00,34191.0423376357
2024-07-23 10:00:00,33813.070225125695
2024-07-23 11:00:00,34084.726611072816
2024-07-23 12:00:00,33959.00757634125
2024-07-23 13:00:00,33874.704873762006
2024-07-23 14:00:00,34907.73834942846
2024-07-23 15:00:00,38159.15900167045
2024-07-23 16:00:00,46826.53661482822
2024-07-23 17:00:00,56252.4746579246
2024-07-23 18:00:00,52233.97230797728
2024-07-23 19:00:00,45702.29004601311
2024-07-23 20:00:00,40991.2726422747
2024-07-23 21:00:00,37356.49092590457
2024-07-23 22:00:00,33113.230061315604
2024-07-23 23:00:00,29896.744031120696
2024-07-24 00:00:00,27839.830994768796
2024-07-24 01:00:00,26343.700472473978
2024-07-24 02:00:00,25328.196937776214
2024-07-24 03:00:00,23709.52402710952
2024-07-24 04:00:00,22198.645462628185
2024-07-24 05:00:00,26364.014666895415
2024-07-24 06:00:00,31177.040891950037
2024-07-24 07:00:00,33623.00500799074
2024-07-24 08:00:00,33630.845126076245
2024-07-24 09:00:00,33854.72165581127
2024-07-24 10:00:00,33636.24555135755
2024-07-24 11:00:00,33828.8158990638
2024-07-24 12:00:00,33761.09464330112
2024-07-24 13:00:00,33700.85526368766
2024-07-24 14:00:00,34589.40353209198
2024-07-24 15:00:00,37576.574017147424
2024-07-24 16:00:00,46362.772655282344
2024-07-24 17:00:00,55738.08403001772
2024-07-24 18:00:00,51888.04211412115
2024-07-24 19:00:00,45252.396411267306
2024-07-24 20:00:00,40855.82001964513
2024-07-24 21:00:00,37456.239384506516
2024-07-24 22:00:00,33109.738822175575
2024-07-24 23:00:00,29927.89852116243
2024-07-25 00:00:00,27886.127213893447
2024-07-25 01:00:00,26357.754805673543
2024-07-25 02:00:00,25359.971003429928
2024-07-25 03:00:00,23707.697405364223
2024-07-25 04:00:00,22346.05036770787
2024-07-25 05:00:00,26648.971466364557
2024-07-25 06:00:00,31209.43865686313
2024-07-25 07:00:00,33479.21118113359
2024-07-25 08:00:00,33354.21943751526
2024-07-25 09:00:00,33458.12962812088
2024-07-25 10:00:00,33138.102539107604
2024-07-25 11:00:00,33315.28576806701
2024-07-25 12:00:00,33246.224020537
2024-07-25 13:00:00,33172.58385623568
2024-07-25 14:00:00,34116.416968729005
2024-07-25 15:00:00,37359.08810953066
2024-07-25 16:00:00,46260.35098621353
2024-07-25 17:00:00,55759.59440819102
2024-07-25 18:00:00,52017.936357699815
2024-07-25 19:00:00,45305.49201655455
2024-07-25 20:00:00,40752.19527056323
2024-07-25 21:00:00,37383.32484953117
2024-07-25 22:00:00,32964.26797297251
2024-07-25 23:00:00,29672.08658752217
2024-07-26 00:00:00,27556.26078498856
2024-07-26 01:00:00,26114.11302421385
2024-07-26 02:00:00,25162.116702094336
2024-07-26 03:00:00,23536.91819140001
2024-07-26 04:00:00,22238.342076824163
2024-07-26 05:00:00,26594.354206881988
2024-07-26 06:00:00,31487.3206881272
2024-07-26 07:00:00,33700.39202835789
2024-07-26 08:00:00,33683.56169666573
2024-07-26 09:00:00,33793.00859051484
2024-07-26 10:00:00,33603.11769591893
2024-07-26 11:00:00,33785.540738932956
2024-07-26 12:00:00,33753.174466981065
2024-07-26 13:00:00,33644.9209986814
2024-07-26 14:00:00,34485.52237548803
2024-07-26 15:00:00,37412.64948700314
2024-07-26 16:00:00,46269.92021977251
2024-07-26 17:00:00,55632.033901309296
2024-07-26 18:00:00,51923.72441321045
2024-07-26 19:00:00,45543.054842992
2024-07-26 20:00:00,40942.66388998002
2024-07-26 21:00:00,37362.939218850544
2024-07-26 22:00:00,32963.888755106695
2024-07-26 23:00:00,29604.46767346129
2024-07-27 00:00:00,27646.60447517545
2024-07-27 01:00:00,26213.392098743814
2024-07-27 02:00:00,25317.376018196137
2024-07-27 03:00:00,23696.941546354377
2024-07-27 04:00:00,22367.758826189176
2024-07-27 05:00:00,26732.300823387788
2024-07-27 06:00:00,31603.149648841958
2024-07-27 07:00:00,34368.04600152213
2024-07-27 08:00:00,34389.78606333537
2024-07-27 09:00:00,34476.085707941704
2024-07-27 10:00:00,34078.02513736487
2024-07-27 11:00:00,34267.50761828651
2024-07-27 12:00:00,34285.74340389359
2024-07-27 13:00:00,34390.36394516169
2024-07-27 14:00:00,35252.16909660129
2024-07-27 15:00:00,38317.57955703229
2024-07-27 16:00:00,47262.24057864466
2024-07-27 17:00:00,56528.52323917275
2024-07-27 18:00:00,52549.17084979247
2024-07-27 19:00:00,46020.8152646893
2024-07-27 20:00:00,41435.77995327884
2024-07-27 21:00:00,37688.497882819174
2024-07-27 22:00:00,33211.492792529956
2024-07-27 23:00:00,30067.167133049956
2024-07-28 00:00:00,27949.991994149903
2024-07-28 01:00:00,26428.987040608958
2024-07-28 02:00:00,25672.313423116102
2024-07-28 03:00:00,24003.36225766079
2024-07-28 04:00:00,22653.76422038241
2024-07-28 05:00:00,26680.756171729776
2024-07-28 06:00:00,31291.292476481103
2024-07-28 07:00:00,33552.81984389248
2024-07-28 08:00:00,33732.98088561079
2024-07-28 09:00:00,34358.534887030415
2024-07-28 10:00:00,34052.56117827851
2024-07-28 11:00:00,34099.98293995279
2024-07-28 12:00:00,33969.00630820562
2024-07-28 13:00:00,33853.21074413025
2024-07-28 14:00:00,34874.335838888604
2024-07-28 15:00:00,38010.603660443136
2024-07-28 16:00:00,46509.736936678346
2024-07-28 17:00:00,55705.9875160883
2024-07-28 18:00:00,51866.450736548526
2024-07-28 19:00:00,44970.252365080196
2024-07-28 20:00:00,40815.9419129844
2024-07-28 21:00:00,37363.993986894755
2024-07-28 22:00:00,33050.71750618534
2024-07-28 23:00:00,29965.104687606934
2024-07-29 00:00:00,27866.557832945116
2024-07-29 01:00:00,26317.44445245246
2024-07-29 02:00:00,25297.566882185252
2024-07-29 03:00:00,23591.869763038063
2024-07-29 04:00:00,22145.91879969463
2024-07-29 05:00:00,26298.79312280605
2024-07-29 06:00:00,31156.365384161658
2024-07-29 07:00:00,33542.93970508211
2024-07-29 08:00:00,33688.98390129884
2024-07-29 09:00:00,34057.45025895622
2024-07-29 10:00:00,33962.812507407034
2024-07-29 11:00:00,34084.70650252136
2024-07-29 12:00:00,33948.34654275173
2024-07-29 13:00:00,33841.025330743054
2024-07-29 14:00:00,34722.46261867048
2024-07-29 15:00:00,37704.53197690631
2024-07-29 16:00:00,46350.17184819575
2024-07-29 17:00:00,55624.95568148154
2024-07-29 18:00:00,51781.61478305654
2024-07-29 19:00:00,44991.06311239866
2024-07-29 20:00:00,40646.007914158006
2024-07-29 21:00:00,37282.30225853477
2024-07-29 22:00:00,32951.550972270146
2024-07-29 23:00:00,29732.397592777394
2024-07-30 00:00:00,27738.938397236994
2024-07-30 01:00:00,26253.046917322252
2024-07-30 02:00:00,25309.47432577599
2024-07-30 03:00:00,23634.998498821074
2024-07-30 04:00:00,22221.50286454196
2024-07-30 05:00:00,26426.02160160233
2024-07-30 06:00:00,31205.058266877808
2024-07-30 07:00:00,33595.808861350975
2024-07-30 08:00:00,33567.36597378137
2024-07-30 09:00:00,33852.611657792375
2024-07-30 10:00:00,33675.443960309625
2024-07-30 11:00:00,33852.026194908096
2024-07-30 12:00:00,33819.549176867775
2024-07-30 13:00:00,33641.83499983044
2024-07-30 14:00:00,34512.63529772967
2024-07-30 15:00:00,37772.79005638881
2024-07-30 16:00:00,46369.34795289441
2024-07-30 17:00:00,55701.13740008931
2024-07-30 18:00:00,51912.15707494986
2024-07-30 19:00:00,45396.33614609399
2024-07-30 20:00:00,41037.00284985956
2024-07-30 21:00:00,37398.78730859624
2024-07-30 22:00:00,32980.32231384842
2024-07-30 23:00:00,29760.13634862742
2024-07-31 00:00:00,27682.99948161801
2024-07-31 01:00:00,26236.200378131725
2024-07-31 02:00:00,25298.24328837257
2024-07-31 03:00:00,23627.52110934626
2024-07-31 04:00:00,22172.287265620762
2024-07-31 05:00:00,26331.285850670294
2024-07-31 06:00:00,31240.984124991868
2024-07-31 07:00:00,33479.244735830885
2024-07-31 08:00:00,33443.07072694043
2024-07-31 09:00:00,33617.44907802113
2024-07-31 10:00:00,33291.96408499642
2024-07-31 11:00:00,33376.77535060919
2024-07-31 12:00:00,33268.136300500104
2024-07-31 13:00:00,33139.60857388072
2024-07-31 14:00:00,34074.79105117167
2024-07-31 15:00:00,37320.41333942552
2024-07-31 16:00:00,46160.810298416545
2024-07-31 17:00:00,55617.54403881878
2024-07-31 18:00:00,51929.96380850557
2024-07-31 19:00:00,45342.94367162206
2024-07-31 20:00:00,40906.8959872591
2024-07-31 21:00:00,37302.965035479414
2024-07-31 22:00:00,32876.90118068881
2024-07-31 23:00:00,29789.407976645452
2024-08-01 00:00:00,27720.780748065466
2024-08-01 01:00:00,26224.01333036027
2024-08-01 02:00:00,25313.530598292076
2024-08-01 03:00:00,23621.890692559293
2024-08-01 04:00:00,22231.401721154547
2024-08-01 05:00:00,26392.431373573065
2024-08-01 06:00:00,31103.34094577
2024-08-01 07:00:00,33401.57111503376
2024-08-01 08:00:00,33284.722632492056
2024-08-01 09:00:00,33453.42604767391
2024-08-01 10:00:00,33179.2887772631
2024-08-01 11:00:00,33268.786712019966
2024-08-01 12:00:00,33249.20790236198
2024-08-01 13:00:00,33235.26407389179
2024-08-01 14:00:00,34296.42274894216
2024-08-01 15:00:00,37415.58630661182
2024-08-01 16:00:00,46334.632111156745
2024-08-01 17:00:00,55639.68836164283
2024-08-01 18:00:00,51744.83201886459
2024-08-01 19:00:00,45248.51077118885
2024-08-01 20:00:00,40931.38340236611
2024-08-01 21:00:00,37285.30443991878
2024-08-01 22:00:00,32952.036936038894
2024-08-01 23:00:00,29692.3948066189
2024-08-02 00:00:00,27610.32743941609
2024-08-02 01:00:00,26167.580637693503
2024-08-02 02:00:00,25247.12268511515
2024-08-02 03:00:00,23632.810483144578
2024-08-02 04:00:00,22264.308298293792
2024-08-02 05:00:00,26508.37062964614
2024-08-02 06:00:00,31381.45545514282
2024-08-02 07:00:00,33726.757477667474
2024-08-02 08:00:00,33717.188259992385
2024-08-02 09:00:00,34119.09008480688
2024-08-02 10:00:00,33822.37980560502
2024-08-02 11:00:00,33928.78748682648
2024-08-02 12:00:00,33870.6469048555
2024-08-02 13:00:00,33786.86701739308
2024-08-02 14:00:00,34722.501044683595
2024-08-02 15:00:00,37781.7013946285
2024-08-02 16:00:00,46373.589186468525
2024-08-02 17:00:00,55590.42648013699
2024-08-02 18:00:00,51946.07328914858
2024-08-02 19:00:00,45539.86341613301
2024-08-02 20:00:00,40825.94962437412
2024-08-02 21:00:00,37230.40563673364
2024-08-02 22:00:00,32926.25059292893
2024-08-02 23:00:00,29608.58087802082
2024-08-03 00:00:00,27587.17483437477
2024-08-03 01:00:00,26129.11226063884
2024-08-03 02:00:00,25209.443050586375
2024-08-03 03:00:00,23611.330113087668
2024-08-03 04:00:00,22373.192169341793
2024-08-03 05:00:00,26765.683380302864
2024-08-03 06:00:00,31637.64720450928
2024-08-03 07:00:00,33961.0171996908
2024-08-03 08:00:00,34145.15753394948
2024-08-03 09:00:00,34393.8585227431
2024-08-03 10:00:00,34027.7905454554
2024-08-03 11:00:00,34091.66467841698
2024-08-03 12:00:00,33941.532371524
2024-08-03 13:00:00,33855.0127012844
2024-08-03 14:00:00,34859.0589544782
2024-08-03 15:00:00,38130.5898542582
2024-08-03 16:00:00,46940.688898870554
2024-08-03 17:00:00,56012.4802965869
2024-08-03 18:00:00,52205.25825678294
2024-08-03 19:00:00,45881.11515047236
2024-08-03 20:00:00,41227.11244801943
2024-08-03 21:00:00,37554.661014942976
2024-08-03 22:00:00,33318.705681978136
2024-08-03 23:00:00,30310.72066011625
2024-08-04 00:00:00,28210.236088456153
2024-08-04 01:00:00,26730.798882952866
2024-08-04 02:00:00,25753.917506960082
2024-08-04 03:00:00,24080.687548690257
2024-08-04 04:00:00,22463.174683000885
2024-08-04 05:00:00,26310.823480947893
2024-08-04 06:00:00,30930.587328236994
2024-08-04 07:00:00,33403.11176386676
2024-08-04 08:00:00,33309.15523545353
2024-08-04 09:00:00,33649.58730403941
2024-08-04 10:00:00,33329.486927987506
2024-08-04 11:00:00,33450.65274573825
2024-08-04 12:00:00,33467.89289988235
2024-08-04 13:00:00,33421.359851910216
2024-08-04 14:00:00,34279.586364646726
2024-08-04 15:00:00,37351.61150139216
2024-08-04 16:00:00,46227.88625305376
2024-08-04 17:00:00,55513.26488685899
2024-08-04 18:00:00,51454.99922874736
2024-08-04 19:00:00,44073.49150738363
2024-08-04 20:00:00,40371.988556439406
2024-08-04 21:00:00,37215.84933875922
2024-08-04 22:00:00,32908.12811919172
2024-08-04 23:00:00,29690.483158873227
2024-08-05 00:00:00,27655.034137713075
2024-08-05 01:00:00,26218.95780007753
2024-08-05 02:00:00,25297.933506082747
2024-08-05 03:00:00,23650.65823707787
2024-08-05 04:00:00,22243.606628140034
2024-08-05 05:00:00,26264.518580489414
2024-08-05 06:00:00,31056.820030906736
2024-08-05 07:00:00,33728.45764624393
2024-08-05 08:00:00,33629.20904880753
2024-08-05 09:00:00,34082.23987590104
2024-08-05 10:00:00,33810.43794960355
2024-08-05 11:00:00,33912.629270313955
2024-08-05 12:00:00,33905.04951780085
2024-08-05 13:00:00,33773.54201402964
2024-08-05 14:00:00,34636.06208782061
2024-08-05 15:00:00,37688.77785873397
2024-08-05 16:00:00,46257.32324354399
2024-08-05 17:00:00,55535.33755474807
2024-08-05 18:00:00,51204.724014861764
2024-08-05 19:00:00,44285.44112278673
2024-08-05 20:00:00,40375.50864084111
2024-08-05 21:00:00,37234.663460168296
2024-08-05 22:00:00,32940.74813136408
2024-08-05 23:00:00,29822.313030331552
2024-08-06 00:00:00,27794.530189739547
2024-08-06 01:00:00,26332.14776821936
2024-08-06 02:00:00,25322.519912003554
2024-08-06 03:00:00,23646.67081739617
2024-08-06 04:00:00,22153.641470270904
2024-08-06 05:00:00,26247.52504375307
2024-08-06 06:00:00,31040.468432809826
2024-08-06 07:00:00,33464.92595036568
2024-08-06 08:00:00,33469.60688284543
2024-08-06 09:00:00,33662.32252456289
2024-08-06 10:00:00,33349.714171608175
2024-08-06 11:00:00,33616.81041822656
2024-08-06 12:00:00,33543.428841202876
2024-08-06 13:00:00,33251.08636527169
2024-08-06 14:00:00,34074.392290970536
2024-08-06 15:00:00,37168.41603726257
2024-08-06 16:00:00,45992.175869501356
2024-08-06 17:00:00,55525.437840389444
2024-08-06 18:00:00,51813.45571608524
2024-08-06 19:00:00,45196.391121972694
2024-08-06 20:00:00,40778.87017763487
2024-08-06 21:00:00,37298.20382125009
2024-08-06 22:00:00,32909.54955683006
2024-08-06 23:00:00,29766.655393209294
2024-08-07 00:00:00,27741.877871613782
2024-08-07 01:00:00,26243.447060521386
2024-08-07 02:00:00,25270.823244484487
2024-08-07 03:00:00,23629.812278774585
2024-08-07 04:00:00,22252.90348581032
2024-08-07 05:00:00,26425.530883822554
2024-08-07 06:00:00,31080.47549352668
2024-08-07 07:00:00,33408.288049678165
2024-08-07 08:00:00,33270.61478567545
2024-08-07 09:00:00,33522.75568438214
2024-08-07 10:00:00,33247.472387454094
2024-08-07 11:00:00,33450.28314013917
2024-08-07 12:00:00,33480.922329847825
2024-08-07 13:00:00,33462.493723583495
2024-08-07 14:00:00,34397.76624727029
2024-08-07 15:00:00,37481.968501340816
2024-08-07 16:00:00,46262.297285676956
2024-08-07 17:00:00,55567.574861698646
2024-08-07 18:00:00,51597.32879692113
2024-08-07 19:00:00,44654.02155944647
2024-08-07 20:00:00,40768.200893810514
2024-08-07 21:00:00,37417.5054861847
2024-08-07 22:00:00,33012.96407186306
2024-08-07 23:00:00,29748.70214152853
2024-08-08 00:00:00,27903.862925153622
2024-08-08 01:00:00,26861.2909227012
2024-08-08 02:00:00,26023.977011448405
2024-08-08 03:00:00,24500.684963392196
2024-08-08 04:00:00,23290.70950387173
2024-08-08 05:00:00,27532.157497773347
2024-08-08 06:00:00,32299.403038125984
2024-08-08 07:00:00,34456.30497115317
2024-08-08 08:00:00,34144.49666205261
2024-08-08 09:00:00,34389.1777376203
2024-08-08 10:00:00,34044.07392264307
2024-08-08 11:00:00,34088.097058742445
2024-08-08 12:00:00,33935.52072948703
2024-08-08 13:00:00,33830.660039283735
2024-08-08 14:00:00,34848.05723551612
2024-08-08 15:00:00,38122.83997555066
2024-08-08 16:00:00,47130.378493718796
2024-08-08 17:00:00,56521.59426359006
2024-08-08 18:00:00,52861.813314810766
2024-08-08 19:00:00,46537.19906073348
2024-08-08 20:00:00,41971.245053650826
2024-08-08 21:00:00,38269.07607619023
2024-08-08 22:00:00,33721.50571164722
2024-08-08 23:00:00,30625.352214767045
2024-08-09 00:00:00,28473.44464070604
2024-08-09 01:00:00,27050.503798351263
2024-08-09 02:00:00,26156.757890306544
2024-08-09 03:00:00,24527.04442098778
2024-08-09 04:00:00,23248.30004981948
2024-08-09 05:00:00,27554.478631105194
2024-08-09 06:00:00,32313.98122498226
2024-08-09 07:00:00,34530.412558722506
2024-08-09 08:00:00,34471.49115502582
2024-08-09 09:00:00,34524.728887057434
2024-08-09 10:00:00,34187.68053582801
2024-08-09 11:00:00,34339.16586999834
2024-08-09 12:00:00,34389.65387385789
2024-08-09 13:00:00,34269.57666912511
2024-08-09 14:00:00,35177.26703084903
2024-08-09 15:00:00,38210.91920171679
2024-08-09 16:00:00,47151.48689355394
2024-08-09 17:00:00,56562.20710643103
2024-08-09 18:00:00,52914.212556736675
2024-08-09 19:00:00,46380.30109272692
2024-08-09 20:00:00,41831.272163002286
2024-08-09 21:00:00,38016.06586336851
2024-08-09 22:00:00,33580.60519109252
2024-08-09 23:00:00,30331.857664235526
2024-08-10 00:00:00,28232.115110686693
2024-08-10 01:00:00,26734.51838431897
2024-08-10 02:00:00,25757.083821004413
2024-08-10 03:00:00,24122.90766945648
2024-08-10 04:00:00,22836.30986497232
2024-08-10 05:00:00,27145.63956902276
2024-08-10 06:00:00,31717.325194121073
2024-08-10 07:00:00,34390.34607540088
2024-08-10 08:00:00,34475.93331117644
2024-08-10 09:00:00,34548.427597235364
2024-08-10 10:00:00,34218.99937749771
2024-08-10 11:00:00,34445.39915906165
2024-08-10 12:00:00,34603.50195484845
2024-08-10 13:00:00,34379.94473535379
2024-08-10 14:00:00,35194.49587082476
2024-08-10 15:00:00,38170.88217174241
2024-08-10 16:00:00,47129.1663114776
2024-08-10 17:00:00,55697.65191537305
2024-08-10 18:00:00,51688.618160457074
2024-08-10 19:00:00,45318.41283238195
2024-08-10 20:00:00,40860.93634595261
2024-08-10 21:00:00,37324.458918862365
2024-08-10 22:00:00,32971.25016995653
2024-08-10 23:00:00,29674.423308818303
2024-08-11 00:00:00,27674.18706551725
2024-08-11 01:00:00,26274.026609711516
2024-08-11 02:00:00,25296.927162831744
2024-08-11 03:00:00,23638.563174275172
2024-08-11 04:00:00,22073.050083179543
2024-08-11 05:00:00,25977.13576616769
2024-08-11 06:00:00,30779.713287279366
2024-08-11 07:00:00,33412.652083529
2024-08-11 08:00:00,33693.90878909735
2024-08-11 09:00:00,34043.2501178755
2024-08-11 10:00:00,33870.86402451114
2024-08-11 11:00:00,33972.16851512728
2024-08-11 12:00:00,33851.02056809972
2024-08-11 13:00:00,33661.287636426016
2024-08-11 14:00:00,34526.88946395011
2024-08-11 15:00:00,37565.49963565114
2024-08-11 16:00:00,46137.07642058127
2024-08-11 17:00:00,55300.834259619995
2024-08-11 18:00:00,50816.44269482941
2024-08-11 19:00:00,44331.50018047355
2024-08-11 20:00:00,40834.170756262814
2024-08-11 21:00:00,37358.20552612757
2024-08-11 22:00:00,32940.17180945791
2024-08-11 23:00:00,29738.161845744966
2024-08-12 00:00:00,27753.061681146315
2024-08-12 01:00:00,26321.316915879535
2024-08-12 02:00:00,25514.419692347874
2024-08-12 03:00:00,23882.68141068892
2024-08-12 04:00:00,22398.717913166136
2024-08-12 05:00:00,26317.514102126923
2024-08-12 06:00:00,31203.217196348716
2024-08-12 07:00:00,33515.24302459759
2024-08-12 08:00:00,33717.306145647446
2024-08-12 09:00:00,33874.30385010716
2024-08-12 10:00:00,33522.728681665765
2024-08-12 11:00:00,33601.57443762328
2024-08-12 12:00:00,33474.942331083854
2024-08-12 13:00:00,33277.284911097886
2024-08-12 14:00:00,34408.455652928875
2024-08-12 15:00:00,37400.37029663039
2024-08-12 16:00:00,45954.11178633217
2024-08-12 17:00:00,55342.91922626732
2024-08-12 18:00:00,50996.398817871246
2024-08-12 19:00:00,44687.08170341326
2024-08-12 20:00:00,40844.52506184958
2024-08-12 21:00:00,37305.44799101144
2024-08-12 22:00:00,32885.52048922364
2024-08-12 23:00:00,29869.837899400783
2024-08-13 00:00:00,27728.45759681782
2024-08-13 01:00:00,26263.233931151834
2024-08-13 02:00:00,25260.329196866922
2024-08-13 03:00:00,23592.9456903586
2024-08-13 04:00:00,22170.008914550628
2024-08-13 05:00:00,26263.745503565144
2024-08-13 06:00:00,30984.426990781754
2024-08-13 07:00:00,33355.53652998335
2024-08-13 08:00:00,33262.069818574215
2024-08-13 09:00:00,33563.61786939735
2024-08-13 10:00:00,33184.305163238925
2024-08-13 11:00:00,33265.93456942795
2024-08-13 12:00:00,33080.74910710445
2024-08-13 13:00:00,32974.25554515651
2024-08-13 14:00:00,33917.72508026326
2024-08-13 15:00:00,37045.14014182953
2024-08-13 16:00:00,45940.868008117584
2024-08-13 17:00:00,55411.36317425309
2024-08-13 18:00:00,51305.42390991011
2024-08-13 19:00:00,44391.23363302648
2024-08-13 20:00:00,40601.47006690754
2024-08-13 21:00:00,37203.98150645192
2024-08-13 22:00:00,32829.185294798284
2024-08-13 23:00:00,29617.173120764335
2024-08-14 00:00:00,27509.885927363845
2024-08-14 01:00:00,26055.262468930858
2024-08-14 02:00:00,25212.8926191181
2024-08-14 03:00:00,23569.56252980069
2024-08-14 04:00:00,22156.370374636805
2024-08-14 05:00:00,26383.94397216107
2024-08-14 06:00:00,31168.67574040124
2024-08-14 07:00:00,33426.11649444648
2024-08-14 08:00:00,33462.473189188284
2024-08-14 09:00:00,33833.76380894402
2024-08-14 10:00:00,33827.125549213226
2024-08-14 11:00:00,33971.67444593074
2024-08-14 12:00:00,33924.83421363676
2024-08-14 13:00:00,33810.98792376229
2024-08-14 14:00:00,34784.62711267048
2024-08-14 15:00:00,37725.09744939196
2024-08-14 16:00:00,46251.95307252313
2024-08-14 17:00:00,55308.35077316368
2024-08-14 18:00:00,51511.59066427182
2024-08-14 19:00:00,45045.39110018794
2024-08-14 20:00:00,40904.7010466912
2024-08-14 21:00:00,37304.104413969086
2024-08-14 22:00:00,33013.241284622985
2024-08-14 23:00:00,29943.671660926764
2024-08-15 00:00:00,27921.41193150032
2024-08-15 01:00:00,26309.550524862792
2024-08-15 02:00:00,25396.840510842554
2024-08-15 03:00:00,23666.026885049418
2024-08-15 04:00:00,22352.22461363331
2024-08-15 05:00:00,26294.851674360536
2024-08-15 06:00:00,31015.185898367454
2024-08-15 07:00:00,33318.91933717951
2024-08-15 08:00:00,33354.395807034125
2024-08-15 09:00:00,33643.63292301742
2024-08-15 10:00:00,33379.61649144548
2024-08-15 11:00:00,33512.818222082715
2024-08-15 12:00:00,33363.31597964824
2024-08-15 13:00:00,33275.01122336783
2024-08-15 14:00:00,34219.60203780936
2024-08-15 15:00:00,37168.673729673894
2024-08-15 16:00:00,45947.97735235022
2024-08-15 17:00:00,55132.03785611319
2024-08-15 18:00:00,50518.435895573304
2024-08-15 19:00:00,44112.83355877374
2024-08-15 20:00:00,40337.533967446325
2024-08-15 21:00:00,37043.37069081098
2024-08-15 22:00:00,32759.361456502636
2024-08-15 23:00:00,29655.285522358266
2024-08-16 00:00:00,27517.456391153384
2024-08-16 01:00:00,26083.461206545548
2024-08-16 02:00:00,25138.4463151813
2024-08-16 03:00:00,23413.854432211327
2024-08-16 04:00:00,22148.280013106632
2024-08-16 05:00:00,26546.827554910287
2024-08-16 06:00:00,31368.258126716908
2024-08-16 07:00:00,33562.565120499596
2024-08-16 08:00:00,33546.85878493647
2024-08-16 09:00:00,33719.60045362325
2024-08-16 10:00:00,33443.303206191216
2024-08-16 11:00:00,33555.16074328504
2024-08-16 12:00:00,33466.249328691
2024-08-16 13:00:00,33365.42068096879
2024-08-16 14:00:00,34383.734747596136
2024-08-16 15:00:00,37431.8520813852
2024-08-16 16:00:00,46113.722703152096
2024-08-16 17:00:00,55295.028433370106
2024-08-16 18:00:00,51522.06426985504
2024-08-16 19:00:00,45163.51248857472
2024-08-16 20:00:00,40838.68800193263
2024-08-16 21:00:00,37242.5228044254
2024-08-16 22:00:00,32875.614855592205
2024-08-16 23:00:00,29603.366147558496
2024-08-17 00:00:00,27479.228254107275
2024-08-17 01:00:00,26051.232261937406
2024-08-17 02:00:00,25091.50170157947
2024-08-17 03:00:00,23483.16338838056
2024-08-17 04:00:00,22220.819180739607
2024-08-17 05:00:00,26635.411041127914
2024-08-17 06:00:00,31472.4418330982
2024-08-17 07:00:00,33736.84270972553
2024-08-17 08:00:00,33567.904713225624
2024-08-17 09:00:00,33691.247481670725
2024-08-17 10:00:00,33237.357939697846
2024-08-17 11:00:00,33338.8916322352
2024-08-17 12:00:00,33543.20502525516
2024-08-17 13:00:00,33606.199615779115
2024-08-17 14:00:00,34403.979921941
2024-08-17 15:00:00,37599.13167835881
2024-08-17 16:00:00,46174.46056818727
2024-08-17 17:00:00,55687.560218333296
2024-08-17 18:00:00,51917.63726578417
2024-08-17 19:00:00,45578.51726077866
2024-08-17 20:00:00,41028.88332304921
2024-08-17 21:00:00,37300.83853697405
2024-08-17 22:00:00,32947.08238052481
2024-08-17 23:00:00,29766.144655864253
2024-08-18 00:00:00,27735.31686120952
2024-08-18 01:00:00,26249.050071329453
2024-08-18 02:00:00,25333.521250965652
2024-08-18 03:00:00,23714.09915489137
2024-08-18 04:00:00,22418.19547823695
2024-08-18 05:00:00,26312.979679414537
2024-08-18 06:00:00,30837.393243422077
2024-08-18 07:00:00,33275.86345836128
2024-08-18 08:00:00,33230.66276245981
2024-08-18 09:00:00,33414.414467317445
2024-08-18 10:00:00,33044.20639629395
2024-08-18 11:00:00,33132.13943562374
2024-08-18 12:00:00,33034.38292312408
2024-08-18 13:00:00,32903.38051418327
2024-08-18 14:00:00,33934.258484571525
2024-08-18 15:00:00,37141.93769499286
2024-08-18 16:00:00,45962.38301570195
2024-08-18 17:00:00,55342.79195795693
2024-08-18 18:00:00,50843.7154226574
2024-08-18 19:00:00,44543.67536412395
2024-08-18 20:00:00,40687.03205893682
2024-08-18 21:00:00,37418.37324192969
2024-08-18 22:00:00,33095.70369030586
2024-08-18 23:00:00,29817.777370990352
2024-08-19 00:00:00,27972.056096269698
2024-08-19 01:00:00,26789.969240663508
2024-08-19 02:00:00,25832.708304109707
2024-08-19 03:00:00,24239.801301085598
2024-08-19 04:00:00,22981.22117299574
2024-08-19 05:00:00,27163.168450384088
2024-08-19 06:00:00,31656.143885323185
2024-08-19 07:00:00,33519.21771686961
2024-08-19 08:00:00,33348.74965286948
2024-08-19 09:00:00,33822.91363219167
2024-08-19 10:00:00,33524.60114534871
2024-08-19 11:00:00,33709.22229662362
2024-08-19 12:00:00,33713.235147450396
2024-08-19 13:00:00,33576.00867011871
2024-08-19 14:00:00,34568.63885296813
2024-08-19 15:00:00,37689.33728753058
2024-08-19 16:00:00,46028.07452642869
2024-08-19 17:00:00,55288.557211959516
2024-08-19 18:00:00,51694.14385526974
2024-08-19 19:00:00,45199.150414950054
2024-08-19 20:00:00,40910.30430776759
2024-08-19 21:00:00,37387.97563493502
2024-08-19 22:00:00,33000.38576506837
2024-08-19 23:00:00,29880.309109452235
2024-08-20 00:00:00,27891.7758742813
2024-08-20 01:00:00,26548.99224681079
2024-08-20 02:00:00,25715.59669258181
2024-08-20 03:00:00,24265.65609327795
2024-08-20 04:00:00,22995.162088484154
2024-08-20 05:00:00,27280.978987111925
2024-08-20 06:00:00,31995.627510490765
2024-08-20 07:00:00,33861.91370865216
2024-08-20 08:00:00,33975.06929720976
2024-08-20 09:00:00,34501.87093171793
2024-08-20 10:00:00,34106.38412769878
2024-08-20 11:00:00,34161.434547072466
2024-08-20 12:00:00,33961.2784497701
2024-08-20 13:00:00,33837.11651174323
2024-08-20 14:00:00,34877.868609105055
2024-08-20 15:00:00,38218.99907742778
2024-08-20 16:00:00,47056.05594590598
2024-08-20 17:00:00,55902.62655753416
2024-08-20 18:00:00,52334.79325734631
2024-08-20 19:00:00,46168.18816760796
2024-08-20 20:00:00,41596.75539958173
2024-08-20 21:00:00,37674.40176800988
2024-08-20 22:00:00,33349.87418327431
2024-08-20 23:00:00,30636.96789743326
2024-08-21 00:00:00,28367.626759446266
2024-08-21 01:00:00,26957.461142598866
2024-08-21 02:00:00,26062.683689800746
2024-08-21 03:00:00,24493.2779511978
2024-08-21 04:00:00,23300.39492778695
2024-08-21 05:00:00,27546.507461187695
2024-08-21 06:00:00,32351.374450664855
2024-08-21 07:00:00,34390.98236973346
2024-08-21 08:00:00,34333.04872136222
2024-08-21 09:00:00,34416.85282071689
2024-08-21 10:00:00,34050.852437885966
2024-08-21 11:00:00,34080.20146164816
2024-08-21 12:00:00,33943.434022405236
2024-08-21 13:00:00,33814.52175708108
2024-08-21 14:00:00,34864.24796322333
2024-08-21 15:00:00,38074.410185084256
2024-08-21 16:00:00,46854.42319271539
2024-08-21 17:00:00,55994.981008487914
2024-08-21 18:00:00,52419.178744525416
2024-08-21 19:00:00,46072.87692691323
2024-08-21 20:00:00,41579.27813983689
2024-08-21 21:00:00,37910.73581415181
2024-08-21 22:00:00,33427.4755490958
2024-08-21 23:00:00,30580.641055637803
2024-08-22 00:00:00,28303.882118745376
2024-08-22 01:00:00,26880.982365964253
2024-08-22 02:00:00,26104.326750312805
2024-08-22 03:00:00,24571.65673471766
2024-08-22 04:00:00,23354.844492924723
2024-08-22 05:00:00,27624.168427916346
2024-08-22 06:00:00,32285.689457909783
2024-08-22 07:00:00,34438.2444781831
2024-08-22 08:00:00,34456.70941884553
2024-08-22 09:00:00,34506.04623524086
2024-08-22 10:00:00,34051.86302709137
2024-08-22 11:00:00,34075.927128907475
2024-08-22 12:00:00,33922.23787049541
2024-08-22 13:00:00,33819.51514648821
2024-08-22 14:00:00,34836.932843824354
2024-08-22 15:00:00,38115.957436069686
2024-08-22 16:00:00,47065.59343691457
2024-08-22 17:00:00,56380.03395665853
2024-08-22 18:00:00,52947.576990938214
2024-08-22 19:00:00,46650.317033855914
2024-08-22 20:00:00,42042.16341741843
2024-08-22 21:00:00,38244.32445929239
2024-08-22 22:00:00,33517.29943842451
2024-08-22 23:00:00,29804.222755530238
2024-08-23 00:00:00,27864.651338970874
2024-08-23 01:00:00,26375.511858979597
2024-08-23 02:00:00,25483.863005689298
2024-08-23 03:00:00,23803.35740772799
2024-08-23 04:00:00,22285.1197018496
2024-08-23 05:00:00,26680.0797473381
2024-08-23 06:00:00,31463.76881503188
2024-08-23 07:00:00,33891.682877634914
2024-08-23 08:00:00,34336.18921209559
2024-08-23 09:00:00,34507.41129738195
2024-08-23 10:00:00,34127.69705104673
2024-08-23 11:00:00,34212.655721472795
2024-08-23 12:00:00,34017.133870825935
2024-08-23 13:00:00,33885.41167630417
2024-08-23 14:00:00,34915.74298097613
2024-08-23 15:00:00,38157.26627971766
2024-08-23 16:00:00,47069.70633956246
2024-08-23 17:00:00,55817.89925132462
2024-08-23 18:00:00,52046.44043467706
2024-08-23 19:00:00,45914.76337574827
2024-08-23 20:00:00,41474.765704247446
2024-08-23 21:00:00,37824.13188736592
2024-08-23 22:00:00,33508.591557641776
2024-08-23 23:00:00,30859.88807414704
2024-08-24 00:00:00,28754.96777913917
2024-08-24 01:00:00,27258.926771071565
2024-08-24 02:00:00,26311.066701422224
2024-08-24 03:00:00,24694.641881998996
2024-08-24 04:00:00,23449.735813739684
2024-08-24 05:00:00,27809.363906822764
2024-08-24 06:00:00,32580.95508009836
2024-08-24 07:00:00,34750.18236152675
2024-08-24 08:00:00,34522.22285394202
2024-08-24 09:00:00,34576.30773947429
2024-08-24 10:00:00,34164.15743759275
2024-08-24 11:00:00,34247.07952277579
2024-08-24 12:00:00,34134.80697482105
2024-08-24 13:00:00,34014.48146220228
2024-08-24 14:00:00,34922.09134444612
2024-08-24 15:00:00,38118.26646559488
2024-08-24 16:00:00,47040.71848190032
2024-08-24 17:00:00,56098.07019483377
2024-08-24 18:00:00,51954.067811260036
2024-08-24 19:00:00,45469.74066132227
2024-08-24 20:00:00,41062.247831039385
2024-08-24 21:00:00,37424.100323242026
2024-08-24 22:00:00,33025.2351037792
2024-08-24 23:00:00,30644.742192684284
2024-08-25 00:00:00,28677.344427560998
2024-08-25 01:00:00,27225.877626974023
2024-08-25 02:00:00,26286.43650618587
2024-08-25 03:00:00,24675.41455807392
2024-08-25 04:00:00,23430.042208874944
2024-08-25 05:00:00,27540.52614961534
2024-08-25 06:00:00,32271.757135524196
2024-08-25 07:00:00,34405.972484394464
2024-08-25 08:00:00,34172.298779828154
2024-08-25 09:00:00,34228.81119317823
2024-08-25 10:00:00,33900.78285893621
2024-08-25 11:00:00,34016.44215145151
2024-08-25 12:00:00,33852.8061780769
2024-08-25 13:00:00,33607.46046813612
2024-08-25 14:00:00,34532.25420912156
2024-08-25 15:00:00,37640.11519506509
2024-08-25 16:00:00,45936.43878728059
2024-08-25 17:00:00,55284.54871111247
2024-08-25 18:00:00,50960.269275525476
2024-08-25 19:00:00,44290.42199198729
2024-08-25 20:00:00,40645.025499703275
2024-08-25 21:00:00,37297.77562894017
2024-08-25 22:00:00,32866.83524294393
2024-08-25 23:00:00,29761.987950534585
2024-08-26 00:00:00,27749.6917250274
2024-08-26 01:00:00,26301.98205614826
2024-08-26 02:00:00,25347.837520299123
2024-08-26 03:00:00,23727.544681490133
2024-08-26 04:00:00,22379.278796908904
2024-08-26 05:00:00,26414.393988229924
2024-08-26 06:00:00,31044.574380115915
2024-08-26 07:00:00,33511.01084281422
2024-08-26 08:00:00,33568.9930362108
2024-08-26 09:00:00,33699.28420114459
2024-08-26 10:00:00,33732.64768244048
2024-08-26 11:00:00,34026.42194630177
2024-08-26 12:00:00,33894.21423354731
2024-08-26 13:00:00,33762.22516951494
2024-08-26 14:00:00,34544.10766351937
2024-08-26 15:00:00,37545.268935628075
2024-08-26 16:00:00,46043.55981333092
2024-08-26 17:00:00,55254.38525652125
2024-08-26 18:00:00,50517.10335074833
2024-08-26 19:00:00,44422.61238518764
2024-08-26 20:00:00,40889.32375851705
2024-08-26 21:00:00,37360.05106121119
2024-08-26 22:00:00,33025.3788678198
2024-08-26 23:00:00,29852.013065662264
2024-08-27 00:00:00,27734.938312189013
2024-08-27 01:00:00,26279.42448209509
2024-08-27 02:00:00,25306.54712211208
2024-08-27 03:00:00,23672.818145764646
2024-08-27 04:00:00,22436.130027479154
2024-08-27 05:00:00,26554.918648288745
2024-08-27 06:00:00,31157.98633015238
2024-08-27 07:00:00,33403.099090707066
2024-08-27 08:00:00,33330.97848096473
2024-08-27 09:00:00,33529.53152154857
2024-08-27 10:00:00,33279.4106659995
2024-08-27 11:00:00,33676.35673322877
2024-08-27 12:00:00,33789.34382411111
2024-08-27 13:00:00,33694.88090959055
2024-08-27 14:00:00,34193.57168846813
2024-08-27 15:00:00,37169.59259381329
2024-08-27 16:00:00,46002.52609256123
2024-08-27 17:00:00,55307.48380401214
2024-08-27 18:00:00,50833.49567183126
2024-08-27 19:00:00,44568.620894261774
2024-08-27 20:00:00,40838.76430198495
2024-08-27 21:00:00,37285.519165097874
2024-08-27 22:00:00,32944.32805925651
2024-08-27 23:00:00,29818.775117502486
2024-08-28 00:00:00,27706.623523338534
2024-08-28 01:00:00,26255.31733916357
2024-08-28 02:00:00,25314.9572519097
2024-08-28 03:00:00,23697.51329935091
2024-08-28 04:00:00,22343.255424108876
2024-08-28 05:00:00,26563.817366432926
2024-08-28 06:00:00,31109.510617181248
2024-08-28 07:00:00,33347.96922009676
2024-08-28 08:00:00,33296.2502709947
2024-08-28 09:00:00,33478.92140384136
2024-08-28 10:00:00,33104.390005352
2024-08-28 11:00:00,33331.91473710631
2024-08-28 12:00:00,33397.087271650315
2024-08-28 13:00:00,33209.14584048432
2024-08-28 14:00:00,33907.66754074776
2024-08-28 15:00:00,37036.00839123678
2024-08-28 16:00:00,45843.555610599855
2024-08-28 17:00:00,55253.84654773045
2024-08-28 18:00:00,50564.02228753861
2024-08-28 19:00:00,43672.96623650156
2024-08-28 20:00:00,40375.25658515255
2024-08-28 21:00:00,37136.91614027015
2024-08-28 22:00:00,32827.90266879545
2024-08-28 23:00:00,29636.446066813704
2024-08-29 00:00:00,27637.32564488653
2024-08-29 01:00:00,26215.543920303404
2024-08-29 02:00:00,25265.87663004086
2024-08-29 03:00:00,23639.71572972638
2024-08-29 04:00:00,22310.33203966596
2024-08-29 05:00:00,26315.031504993247
2024-08-29 06:00:00,30915.819723479126
2024-08-29 07:00:00,33269.55002558496
2024-08-29 08:00:00,33242.59318254797
2024-08-29 09:00:00,33412.314615302064
2024-08-29 10:00:00,33042.24345939009
2024-08-29 11:00:00,33102.90309511989
2024-08-29 12:00:00,33003.79424677605
2024-08-29 13:00:00,32897.32330685095
2024-08-29 14:00:00,33876.994320951155
2024-08-29 15:00:00,37086.064648558815
2024-08-29 16:00:00,45906.77409775641
2024-08-29 17:00:00,55186.45795253772
2024-08-29 18:00:00,51398.83304730636
2024-08-29 19:00:00,45253.192306931516
2024-08-29 20:00:00,40970.80916648459
2024-08-29 21:00:00,37451.010451975846
2024-08-29 22:00:00,32993.301727037826
2024-08-29 23:00:00,29662.10968406906
2024-08-30 00:00:00,27604.649367302136
2024-08-30 01:00:00,26121.707730204744
2024-08-30 02:00:00,25203.655091731835
2024-08-30 03:00:00,23623.484466010916
2024-08-30 04:00:00,22385.22767502403
2024-08-30 05:00:00,26624.282285021138
2024-08-30 06:00:00,31373.556921463478
2024-08-30 07:00:00,33537.313149789865
2024-08-30 08:00:00,33567.47195865666
2024-08-30 09:00:00,33840.77160655924
2024-08-30 10:00:00,33845.2192935495
2024-08-30 11:00:00,34062.512597503446
2024-08-30 12:00:00,33908.253375595734
2024-08-30 13:00:00,33789.96820642015
2024-08-30 14:00:00,34765.26611736406
2024-08-30 15:00:00,37773.588011767126
2024-08-30 16:00:00,46114.72707705732
2024-08-30 17:00:00,55208.49528281963
2024-08-30 18:00:00,51355.02429259938
2024-08-30 19:00:00,45367.6204456126
2024-08-30 20:00:00,41029.38410193919
2024-08-30 21:00:00,37415.97432190959
2024-08-30 22:00:00,33062.01814924923
2024-08-30 23:00:00,29818.94316114386
2024-08-31 00:00:00,27800.742230093336
2024-08-31 01:00:00,26366.733354438147
2024-08-31 02:00:00,25424.338952444316
2024-08-31 03:00:00,23815.3796902178
2024-08-31 04:00:00,22632.933509512437
2024-08-31 05:00:00,27037.938555984387
2024-08-31 06:00:00,31812.799352848797
2024-08-31 07:00:00,34093.94968313761
2024-08-31 08:00:00,34059.08995183626
2024-08-31 09:00:00,34373.42754069011
2024-08-31 10:00:00,34059.74050446883
2024-08-31 11:00:00,34104.90790812534
2024-08-31 12:00:00,33930.692817252966
2024-08-31 13:00:00,33836.46435816628
2024-08-31 14:00:00,34847.42458690766
2024-08-31 15:00:00,37749.080692644224
2024-08-31 16:00:00,46127.57454717482
2024-08-31 17:00:00,55292.20593909635
2024-08-31 18:00:00,51536.36544520126
2024-08-31 19:00:00,45396.80859203059
2024-08-31 20:00:00,41023.35988860209
2024-08-31 21:00:00,37390.470422164
2024-08-31 22:00:00,33036.51741497244
2024-08-31 23:00:00,29848.108670694364
2024-09-01 00:00:00,27703.614239947143
2024-09-01 01:00:00,26233.777002206694
2024-09-01 02:00:00,25281.62355428067
2024-09-01 03:00:00,23687.713436055306
2024-09-01 04:00:00,22359.773144502873
2024-09-01 05:00:00,26587.03896744422
2024-09-01 06:00:00,31131.926963294485
2024-09-01 07:00:00,33297.688762429374
2024-09-01 08:00:00,33148.800793635965
2024-09-01 09:00:00,33364.18182060974
2024-09-01 10:00:00,33032.43623125344
2024-09-01 11:00:00,33112.5844926065
2024-09-01 12:00:00,33076.088740145526
2024-09-01 13:00:00,32959.71819508806
2024-09-01 14:00:00,33867.2930552158
2024-09-01 15:00:00,36981.97877202137
2024-09-01 16:00:00,45732.94861388914
2024-09-01 17:00:00,54962.62582707967
2024-09-01 18:00:00,50142.34352845244
2024-09-01 19:00:00,44422.068843214125
2024-09-01 20:00:00,40749.01290680756
2024-09-01 21:00:00,37252.30344738636
2024-09-01 22:00:00,32898.14265771281
2024-09-01 23:00:00,29755.54469062164
2024-09-02 00:00:00,27724.96723380224
2024-09-02 01:00:00,26245.655784794177
2024-09-02 02:00:00,25278.901850957376
2024-09-02 03:00:00,23642.06970342187
2024-09-02 04:00:00,22384.519622540698
2024-09-02 05:00:00,26492.346781551816
2024-09-02 06:00:00,30968.320855610902
2024-09-02 07:00:00,33278.60053610091
2024-09-02 08:00:00,33225.72281927653
2024-09-02 09:00:00,33409.66479774609
2024-09-02 10:00:00,33041.47488543322
2024-09-02 11:00:00,33114.19397867045
2024-09-02 12:00:00,32970.0656324663
2024-09-02 13:00:00,32832.109529719375
2024-09-02 14:00:00,33814.82616471076
2024-09-02 15:00:00,37005.41864079524
2024-09-02 16:00:00,45635.89116770217
2024-09-02 17:00:00,54065.2971691205
2024-09-02 18:00:00,49248.75637290645
2024-09-02 19:00:00,42966.57864744133
2024-09-02 20:00:00,39907.049389822416
2024-09-02 21:00:00,37038.63719919297
2024-09-02 22:00:00,32747.034189440634
2024-09-02 23:00:00,29659.98839059121
2024-09-03 00:00:00,27636.346723457948
2024-09-03 01:00:00,26164.488966185945
2024-09-03 02:00:00,25220.944474679767
2024-09-03 03:00:00,23616.328643448465
2024-09-03 04:00:00,22284.917505030215
2024-09-03 05:00:00,26274.628170053387
2024-09-03 06:00:00,30606.820934413045
2024-09-03 07:00:00,33035.76160190786
2024-09-03 08:00:00,33123.33494950695
2024-09-03 09:00:00,33317.256775389695
2024-09-03 10:00:00,32973.6153977591
2024-09-03 11:00:00,33032.441297363286
2024-09-03 12:00:00,32881.031565824574
2024-09-03 13:00:00,32773.29668755164
2024-09-03 14:00:00,33744.485360706356
2024-09-03 15:00:00,36882.22047018255
2024-09-03 16:00:00,45595.22942066712
2024-09-03 17:00:00,54745.39901367271
2024-09-03 18:00:00,49596.8327962796
2024-09-03 19:00:00,44735.21813405209
2024-09-03 20:00:00,40762.964094305775
2024-09-03 21:00:00,37313.31592816414
2024-09-03 22:00:00,32945.82336451331
2024-09-03 23:00:00,29738.147706827665
2024-09-04 00:00:00,27709.685045569735
2024-09-04 01:00:00,26265.907151336723
2024-09-04 02:00:00,25349.164899355434
2024-09-04 03:00:00,23822.40724540663
2024-09-04 04:00:00,22937.10893917181
2024-09-04 05:00:00,26996.189287119367
2024-09-04 06:00:00,31647.343898847077
2024-09-04 07:00:00,34174.230298596725
2024-09-04 08:00:00,34083.52278762617
2024-09-04 09:00:00,33791.007543692045
2024-09-04 10:00:00,34049.665997038726
2024-09-04 11:00:00,34064.06553412907
2024-09-04 12:00:00,33903.60068993064
2024-09-04 13:00:00,33772.94264797187
2024-09-04 14:00:00,34804.796166067914
2024-09-04 15:00:00,38020.784801066045
2024-09-04 16:00:00,46573.67054590205
2024-09-04 17:00:00,55860.97565988055
2024-09-04 18:00:00,52417.122509113324
2024-09-04 19:00:00,46260.44671687302
2024-09-04 20:00:00,41773.87899657552
2024-09-04 21:00:00,38137.5423023364
2024-09-04 22:00:00,33717.02614737301
2024-09-04 23:00:00,30625.969144525712
2024-09-05 00:00:00,28548.711191122606
2024-09-05 01:00:00,27053.9650143855
2024-09-05 02:00:00,26104.235070365627
2024-09-05 03:00:00,24480.235768247803
2024-09-05 04:00:00,23246.540116735054
2024-09-05 05:00:00,27584.305493145726
2024-09-05 06:00:00,32176.03647493429
2024-09-05 07:00:00,34308.346147197444
2024-09-05 08:00:00,34089.91732874051
2024-09-05 09:00:00,34185.33387937716
2024-09-05 10:00:00,33825.78529962641
2024-09-05 11:00:00,33909.73051838618
2024-09-05 12:00:00,33752.97461554567
2024-09-05 13:00:00,33607.00074238621
2024-09-05 14:00:00,34611.165532886924
2024-09-05 15:00:00,37848.00926906426
2024-09-05 16:00:00,46500.16736411768
2024-09-05 17:00:00,55637.83831224389
2024-09-05 18:00:00,51862.16747307389
2024-09-05 19:00:00,45649.1876686332
2024-09-05 20:00:00,41401.1854527557
2024-09-05 21:00:00,38010.30751870903
2024-09-05 22:00:00,33589.565935789156
2024-09-05 23:00:00,29728.145409238776
2024-09-06 00:00:00,27689.799241439745
2024-09-06 01:00:00,26216.307202623426
2024-09-06 02:00:00,25294.28086862061
2024-09-06 03:00:00,23674.56268926071
2024-09-06 04:00:00,22439.23869429211
2024-09-06 05:00:00,26789.213421445013
2024-09-06 06:00:00,31505.250709902437
2024-09-06 07:00:00,33723.49665843803
2024-09-06 08:00:00,33590.46698522542
2024-09-06 09:00:00,33945.00591771812
2024-09-06 10:00:00,33891.93751177479
2024-09-06 11:00:00,34000.011669318585
2024-09-06 12:00:00,33880.06953581985
2024-09-06 13:00:00,33763.22009798194
2024-09-06 14:00:00,34682.79336305006
2024-09-06 15:00:00,37456.53853112813
2024-09-06 16:00:00,45828.14053147089
2024-09-06 17:00:00,55024.9981939551
2024-09-06 18:00:00,51290.43781028832
2024-09-06 19:00:00,45273.55600760144
2024-09-06 20:00:00,41074.13594856969
2024-09-06 21:00:00,37492.05816137201
2024-09-06 22:00:00,33061.453864698764
2024-09-06 23:00:00,29823.14103245199
2024-09-07 00:00:00,27805.094622619345
2024-09-07 01:00:00,26342.077126839682
2024-09-07 02:00:00,25413.431804184063
2024-09-07 03:00:00,23813.02779482633
2024-09-07 04:00:00,22583.259991652165
2024-09-07 05:00:00,26986.846608793665
2024-09-07 06:00:00,31740.73177745486
2024-09-07 07:00:00,33936.746817624124
2024-09-07 08:00:00,34081.85080770073
2024-09-07 09:00:00,34431.09756510879
2024-09-07 10:00:00,34045.977552961886
2024-09-07 11:00:00,34060.135434581134
2024-09-07 12:00:00,33889.96143188148
2024-09-07 13:00:00,33753.30148522034
2024-09-07 14:00:00,34739.20828637608
2024-09-07 15:00:00,37351.81042877229
2024-09-07 16:00:00,45882.19197728478
2024-09-07 17:00:00,55123.83476903
2024-09-07 18:00:00,51579.15846751937
2024-09-07 19:00:00,45324.90243298281
2024-09-07 20:00:00,40900.31256697895
2024-09-07 21:00:00,37339.68811215319
2024-09-07 22:00:00,32972.93130040591
2024-09-07 23:00:00,29908.183845369647
2024-09-08 00:00:00,27814.385458925695
2024-09-08 01:00:00,26339.201415494685
2024-09-08 02:00:00,25415.467816132106
2024-09-08 03:00:00,23786.253861793735
2024-09-08 04:00:00,22582.125918327234
2024-09-08 05:00:00,26601.026716883694
2024-09-08 06:00:00,31089.618834309535
2024-09-08 07:00:00,33010.79068319818
2024-09-08 08:00:00,33084.44703295503
2024-09-08 09:00:00,33281.446343239215
2024-09-08 10:00:00,32920.77291613125
2024-09-08 11:00:00,32994.16475471445
2024-09-08 12:00:00,32888.27193259285
2024-09-08 13:00:00,32843.909055849086
2024-09-08 14:00:00,33830.25644115799
2024-09-08 15:00:00,37123.02514135804
2024-09-08 16:00:00,45911.3811182487
2024-09-08 17:00:00,55181.85887619334
2024-09-08 18:00:00,51681.011622091304
2024-09-08 19:00:00,45770.257646979946
2024-09-08 20:00:00,41483.51954069686
2024-09-08 21:00:00,38144.26784010561
2024-09-08 22:00:00,33682.82603656814
2024-09-08 23:00:00,30857.04061915979
2024-09-09 00:00:00,28744.934387921207
2024-09-09 01:00:00,27260.93606996489
2024-09-09 02:00:00,26330.357375430107
2024-09-09 03:00:00,24744.795812360404
2024-09-09 04:00:00,23551.15197241678
2024-09-09 05:00:00,27917.80012189815
2024-09-09 06:00:00,32419.917909956042
2024-09-09 07:00:00,34046.072528900135
2024-09-09 08:00:00,33934.986948311656
2024-09-09 09:00:00,34101.42334648144
2024-09-09 10:00:00,33944.11481151586
2024-09-09 11:00:00,34058.33975381792
2024-09-09 12:00:00,33887.963629046135
2024-09-09 13:00:00,33764.452107192075
2024-09-09 14:00:00,34770.45350661843
2024-09-09 15:00:00,37999.484975530555
2024-09-09 16:00:00,46716.99676442402
2024-09-09 17:00:00,56154.77214291861
2024-09-09 18:00:00,52623.380065766345
2024-09-09 19:00:00,46362.04443065828
2024-09-09 20:00:00,41857.757321341815
2024-09-09 21:00:00,38175.01122725157
2024-09-09 22:00:00,33692.820245701405
2024-09-09 23:00:00,30654.31958437988
2024-09-10 00:00:00,28610.635405055404
2024-09-10 01:00:00,27097.85767246691
2024-09-10 02:00:00,26126.321792993076
2024-09-10 03:00:00,24480.3025189551
2024-09-10 04:00:00,23256.655017344554
2024-09-10 05:00:00,27405.431349610546
2024-09-10 06:00:00,31628.57779993382
2024-09-10 07:00:00,33565.58032953723
2024-09-10 08:00:00,33448.686326525414
2024-09-10 09:00:00,33697.22392587921
2024-09-10 10:00:00,33636.85640267567
2024-09-10 11:00:00,33688.918097642876
2024-09-10 12:00:00,33582.62836107462
2024-09-10 13:00:00,33457.94894065407
2024-09-10 14:00:00,34431.753003477475
2024-09-10 15:00:00,37615.10363953071
2024-09-10 16:00:00,45995.779107411196
2024-09-10 17:00:00,55274.82893677571
2024-09-10 18:00:00,51583.99057723352
2024-09-10 19:00:00,45335.0941107172
2024-09-10 20:00:00,40916.94102928245
2024-09-10 21:00:00,37382.87786180517
2024-09-10 22:00:00,32924.016304774785
2024-09-10 23:00:00,29869.923674463367
2024-09-11 00:00:00,27837.442418117684
2024-09-11 01:00:00,26382.82574275884
2024-09-11 02:00:00,25426.874597097023
2024-09-11 03:00:00,23820.58244835733
2024-09-11 04:00:00,22589.23988927837
2024-09-11 05:00:00,26743.050418591076
2024-09-11 06:00:00,31170.5046957104
2024-09-11 07:00:00,33285.99847738909
2024-09-11 08:00:00,33386.218459955475
2024-09-11 09:00:00,33575.043719522546
2024-09-11 10:00:00,33148.846095178684
2024-09-11 11:00:00,33175.006689936454
2024-09-11 12:00:00,33006.68470757178
2024-09-11 13:00:00,32860.30144346801
2024-09-11 14:00:00,33812.46219911588
2024-09-11 15:00:00,36966.08370442241
2024-09-11 16:00:00,45701.54131016909
2024-09-11 17:00:00,54798.308306067396
2024-09-11 18:00:00,49583.3856610788
2024-09-11 19:00:00,43943.875700723125
2024-09-11 20:00:00,40804.15989947047
2024-09-11 21:00:00,37406.180774253364
2024-09-11 22:00:00,33030.01665965313
2024-09-11 23:00:00,29759.65975998456
2024-09-12 00:00:00,27755.534749266433
2024-09-12 01:00:00,26310.504581100242
2024-09-12 02:00:00,25371.927028501454
2024-09-12 03:00:00,23806.60884181466
2024-09-12 04:00:00,22584.61800798194
2024-09-12 05:00:00,26854.742454983607
2024-09-12 06:00:00,31344.28570538608
2024-09-12 07:00:00,33330.8901762969
2024-09-12 08:00:00,33243.889698434534
2024-09-12 09:00:00,33379.407634379386
2024-09-12 10:00:00,33024.44432943884
2024-09-12 11:00:00,33072.69228544626
2024-09-12 12:00:00,33019.722752305104
2024-09-12 13:00:00,33543.92917803716
2024-09-12 14:00:00,34326.13817975918
2024-09-12 15:00:00,37485.69153056854
2024-09-12 16:00:00,46399.91674503602
2024-09-12 17:00:00,55659.819395459184
2024-09-12 18:00:00,51940.16269665627
2024-09-12 19:00:00,45772.81819132472
2024-09-12 20:00:00,41432.47328352529
2024-09-12 21:00:00,37860.188913727274
2024-09-12 22:00:00,33378.347532888256
2024-09-12 23:00:00,30258.145671351213
2024-09-13 00:00:00,28222.602075527728
2024-09-13 01:00:00,26805.664899334344
2024-09-13 02:00:00,25840.727000300034
2024-09-13 03:00:00,24235.80078739089
2024-09-13 04:00:00,23080.8599610644
2024-09-13 05:00:00,27349.26670733619
2024-09-13 06:00:00,31966.508041541496
2024-09-13 07:00:00,33970.26329786115
2024-09-13 08:00:00,33802.8584296937
2024-09-13 09:00:00,34070.64724481832
2024-09-13 10:00:00,33960.27429572121
2024-09-13 11:00:00,34045.55375554731
2024-09-13 12:00:00,33878.61070113042
2024-09-13 13:00:00,33756.9235478268
2024-09-13 14:00:00,34761.27869153664
2024-09-13 15:00:00,37879.97937252546
2024-09-13 16:00:00,46189.199411354006
2024-09-13 17:00:00,55352.06276123995
2024-09-13 18:00:00,51517.4561324059
2024-09-13 19:00:00,45419.78071393543
2024-09-13 20:00:00,41045.53745989049
2024-09-13 21:00:00,37468.01779674099
2024-09-13 22:00:00,33111.59879254597
2024-09-13 23:00:00,30006.63777399104
2024-09-14 00:00:00,27999.01381703626
2024-09-14 01:00:00,26546.45598388093
2024-09-14 02:00:00,25596.63588862047
2024-09-14 03:00:00,24049.294665161346
2024-09-14 04:00:00,22848.04702516872
2024-09-14 05:00:00,27202.157091421264
2024-09-14 06:00:00,31743.148652714797
2024-09-14 07:00:00,33957.73694718708
2024-09-14 08:00:00,33945.629000169785
2024-09-14 09:00:00,34409.47794168964
2024-09-14 10:00:00,34050.14988478611
2024-09-14 11:00:00,34054.31042488357
2024-09-14 12:00:00,33857.98958854079
2024-09-14 13:00:00,33755.776882435064
2024-09-14 14:00:00,34761.145695283805
2024-09-14 15:00:00,37762.261750478836
2024-09-14 16:00:00,45990.13697766396
2024-09-14 17:00:00,55137.53557318821
2024-09-14 18:00:00,51437.99045118346
2024-09-14 19:00:00,45351.96715248366
2024-09-14 20:00:00,40935.841999137134
2024-09-14 21:00:00,37317.06538573941
2024-09-14 22:00:00,33023.677539311764
2024-09-14 23:00:00,29840.596822854
2024-09-15 00:00:00,27797.73505827002
2024-09-15 01:00:00,26316.486881545214
2024-09-15 02:00:00,25399.539198350314
2024-09-15 03:00:00,23821.007329702887
2024-09-15 04:00:00,22599.970985395565
2024-09-15 05:00:00,26774.6617814692
2024-09-15 06:00:00,31248.725875608958
2024-09-15 07:00:00,33185.879438753225
2024-09-15 08:00:00,33136.335163425894
2024-09-15 09:00:00,33269.53415051211
2024-09-15 10:00:00,32872.73265117589
2024-09-15 11:00:00,32976.180940425686
2024-09-15 12:00:00,32903.73762846441
2024-09-15 13:00:00,32844.55761844046
2024-09-15 14:00:00,33910.18874115137
2024-09-15 15:00:00,37123.54838922406
2024-09-15 16:00:00,45930.48714387843
2024-09-15 17:00:00,55184.8273197455
2024-09-15 18:00:00,51663.279048434626
2024-09-15 19:00:00,45512.294053272235
2024-09-15 20:00:00,41187.00503445492
2024-09-15 21:00:00,37633.425524977516
2024-09-15 22:00:00,33147.86890839072
2024-09-15 23:00:00,29925.139446456644
2024-09-16 00:00:00,27864.73433624216
2024-09-16 01:00:00,26394.09408751058
2024-09-16 02:00:00,25459.068927575303
2024-09-16 03:00:00,23873.038953769927
2024-09-16 04:00:00,22570.60363851738
2024-09-16 05:00:00,26779.159378816872
2024-09-16 06:00:00,31210.321362380637
2024-09-16 07:00:00,33285.14083413525
2024-09-16 08:00:00,33334.77361474036
2024-09-16 09:00:00,33451.47042833458
2024-09-16 10:00:00,33126.67261455161
2024-09-16 11:00:00,33381.56144259447
2024-09-16 12:00:00,33408.53587651806
2024-09-16 13:00:00,33462.266059650225
2024-09-16 14:00:00,34254.84459604292
2024-09-16 15:00:00,37142.41747027463
2024-09-16 16:00:00,45850.830982775886
2024-09-16 17:00:00,55119.459878231406
2024-09-16 18:00:00,51433.736929692015
2024-09-16 19:00:00,45483.99317827334
2024-09-16 20:00:00,41117.37714386125
2024-09-16 21:00:00,37507.49062691246
2024-09-16 22:00:00,33122.00740662402
2024-09-16 23:00:00,29930.25774892962
2024-09-17 00:00:00,27881.399528293878
2024-09-17 01:00:00,26359.983876769835
2024-09-17 02:00:00,25418.44186795873
2024-09-17 03:00:00,23849.01222366689
2024-09-17 04:00:00,22595.083723250205
2024-09-17 05:00:00,26823.35688328827
2024-09-17 06:00:00,31126.43625619005
2024-09-17 07:00:00,33338.351849071565
2024-09-17 08:00:00,33409.46729448959
2024-09-17 09:00:00,33649.086267550825
2024-09-17 10:00:00,33430.32941270744
2024-09-17 11:00:00,33990.03462573781
2024-09-17 12:00:00,33851.10987957586
2024-09-17 13:00:00,33736.51241968607
2024-09-17 14:00:00,34739.346545040105
2024-09-17 15:00:00,37522.792378537706
2024-09-17 16:00:00,45911.308920062474
2024-09-17 17:00:00,55101.07771494078
2024-09-17 18:00:00,51457.262730073984
2024-09-17 19:00:00,45514.68707582229
2024-09-17 20:00:00,41147.37977387222
2024-09-17 21:00:00,37506.56280262113
2024-09-17 22:00:00,33170.773922917775
2024-09-17 23:00:00,30029.517461073014
2024-09-18 00:00:00,27921.1859677668
2024-09-18 01:00:00,26425.62205582157
2024-09-18 02:00:00,25491.799983975994
2024-09-18 03:00:00,23889.298214065348
2024-09-18 04:00:00,22600.97829129042
2024-09-18 05:00:00,26737.49208101468
2024-09-18 06:00:00,31117.506741883295
2024-09-18 07:00:00,33442.27009179268
2024-09-18 08:00:00,33465.59290826137
2024-09-18 09:00:00,33697.310278623285
2024-09-18 10:00:00,33485.476808719824
2024-09-18 11:00:00,33994.9897497078
2024-09-18 12:00:00,33794.260447081404
2024-09-18 13:00:00,33701.0476026686
2024-09-18 14:00:00,34626.2696367346
2024-09-18 15:00:00,37311.60272548281
2024-09-18 16:00:00,45865.24582347558
2024-09-18 17:00:00,55086.2631767996
2024-09-18 18:00:00,51402.585666729094
2024-09-18 19:00:00,45452.00760024414
2024-09-18 20:00:00,41169.46075749634
2024-09-18 21:00:00,37516.204355416034
2024-09-18 22:00:00,33177.8215290672
2024-09-18 23:00:00,30073.121354958814
2024-09-19 00:00:00,27961.963789051115
2024-09-19 01:00:00,26479.33747469005
2024-09-19 02:00:00,25541.253010946526
2024-09-19 03:00:00,23946.389929095727
2024-09-19 04:00:00,22625.721649136776
2024-09-19 05:00:00,26806.471339592124
2024-09-19 06:00:00,31143.647902789646
2024-09-19 07:00:00,33620.00257057831
2024-09-19 08:00:00,33565.79663412376
2024-09-19 09:00:00,33841.7351990023
2024-09-19 10:00:00,33774.05470706251
2024-09-19 11:00:00,33957.42967340086
2024-09-19 12:00:00,33872.13009151722
2024-09-19 13:00:00,33743.65455716077
2024-09-19 14:00:00,34661.50293009159
2024-09-19 15:00:00,37474.7879072113
2024-09-19 16:00:00,45936.64576074168
2024-09-19 17:00:00,55174.10418469659
2024-09-19 18:00:00,51269.17958942949
2024-09-19 19:00:00,45501.2119416689
2024-09-19 20:00:00,41167.879699828096
2024-09-19 21:00:00,37528.43241068217
2024-09-19 22:00:00,33085.94637692296
2024-09-19 23:00:00,29898.17787299832
2024-09-20 00:00:00,27837.1280319854
2024-09-20 01:00:00,26384.95346650197
2024-09-20 02:00:00,25442.47104793975
2024-09-20 03:00:00,23817.120088843534
2024-09-20 04:00:00,22620.077872330334
2024-09-20 05:00:00,26908.35518747921
2024-09-20 06:00:00,31639.33797667934
2024-09-20 07:00:00,33884.67389431687
2024-09-20 08:00:00,33881.17849972983
2024-09-20 09:00:00,34292.00796249815
2024-09-20 10:00:00,34015.62174887137
2024-09-20 11:00:00,34048.84543721142
2024-09-20 12:00:00,33871.04280161311
2024-09-20 13:00:00,33747.44515558648
2024-09-20 14:00:00,34731.69123686453
2024-09-20 15:00:00,37430.929103466406
2024-09-20 16:00:00,45783.51899929423
2024-09-20 17:00:00,54925.13143573665
2024-09-20 18:00:00,51305.34340481973
2024-09-20 19:00:00,45456.83241298409
2024-09-20 20:00:00,41111.24584190994
2024-09-20 21:00:00,37462.289669494334
2024-09-20 22:00:00,33072.27739812555
2024-09-20 23:00:00,29793.261462244423
2024-09-21 00:00:00,27785.340856688104
2024-09-21 01:00:00,26297.21336723639
2024-09-21 02:00:00,25362.915911695578
2024-09-21 03:00:00,23771.872227675743
2024-09-21 04:00:00,22613.573451073127
2024-09-21 05:00:00,26970.334739051537
2024-09-21 06:00:00,31650.12321643454
2024-09-21 07:00:00,33874.84035322357
2024-09-21 08:00:00,33863.18368788416
2024-09-21 09:00:00,34246.37375779033
2024-09-21 10:00:00,33926.143587603576
2024-09-21 11:00:00,33939.51480575305
2024-09-21 12:00:00,33847.18004858805
2024-09-21 13:00:00,33740.698055486755
2024-09-21 14:00:00,34633.21620128715
2024-09-21 15:00:00,37266.440860450646
2024-09-21 16:00:00,45675.196771895346
2024-09-21 17:00:00,54864.17652338189
2024-09-21 18:00:00,51129.397995291154
2024-09-21 19:00:00,45300.93383271675
2024-09-21 20:00:00,40956.51746579746
2024-09-21 21:00:00,37403.79982753631
2024-09-21 22:00:00,33030.84086709852
2024-09-21 23:00:00,29871.862675193683
2024-09-22 00:00:00,27853.7184574336
2024-09-22 01:00:00,26352.7447444449
2024-09-22 02:00:00,25391.618249457737
2024-09-22 03:00:00,23818.433956974703
2024-09-22 04:00:00,22545.546779539425
2024-09-22 05:00:00,26546.370818548305
2024-09-22 06:00:00,30462.422247009916
2024-09-22 07:00:00,33150.97254271578
2024-09-22 08:00:00,33336.036490872604
2024-09-22 09:00:00,33479.46024329805
2024-09-22 10:00:00,33152.03926325485
2024-09-22 11:00:00,33161.93033469732
2024-09-22 12:00:00,33010.07741663217
2024-09-22 13:00:00,32878.09032636433
2024-09-22 14:00:00,33831.083518814594
2024-09-22 15:00:00,36806.8704512489
2024-09-22 16:00:00,45335.13152344174
2024-09-22 17:00:00,53644.73319281542
2024-09-22 18:00:00,49203.77214570725
2024-09-22 19:00:00,44708.514416912854
2024-09-22 20:00:00,40873.967795056626
2024-09-22 21:00:00,37377.90397687294
2024-09-22 22:00:00,33035.994199905566
2024-09-22 23:00:00,29901.979242554375
2024-09-23 00:00:00,27872.829319198805
2024-09-23 01:00:00,26371.5624804994
2024-09-23 02:00:00,25417.94387974416
2024-09-23 03:00:00,23863.35486058198
2024-09-23 04:00:00,22653.21701112164
2024-09-23 05:00:00,26808.441761786697
2024-09-23 06:00:00,31160.894216965997
2024-09-23 07:00:00,33422.76431365006
2024-09-23 08:00:00,33382.78997888896
2024-09-23 09:00:00,33503.6419890096
2024-09-23 10:00:00,33110.50401064769
2024-09-23 11:00:00,33196.88053347606
2024-09-23 12:00:00,33093.48273652451
2024-09-23 13:00:00,33046.54969281129
2024-09-23 14:00:00,33896.51004877343
2024-09-23 15:00:00,37016.06759038059
2024-09-23 16:00:00,45687.168026379084
2024-09-23 17:00:00,54996.0965204306
2024-09-23 18:00:00,51488.75290578766
2024-09-23 19:00:00,45568.050443126536
2024-09-23 20:00:00,41278.62108909174
2024-09-23 21:00:00,37673.44725426749
2024-09-23 22:00:00,33383.22760639658
2024-09-23 23:00:00,30643.436569452115
2024-09-24 00:00:00,28607.084182835566
2024-09-24 01:00:00,27126.932282798964
2024-09-24 02:00:00,26180.700972726187
2024-09-24 03:00:00,24561.55432846893
2024-09-24 04:00:00,23401.791314794864
2024-09-24 05:00:00,27725.983695433715
2024-09-24 06:00:00,32254.031266050733
2024-09-24 07:00:00,34378.879546493816
2024-09-24 08:00:00,34106.816915162024
2024-09-24 09:00:00,34278.97397149272
2024-09-24 10:00:00,33784.69994249571
2024-09-24 11:00:00,33831.26056576435
2024-09-24 12:00:00,33655.11543149582
2024-09-24 13:00:00,33522.467190780764
2024-09-24 14:00:00,34418.54585203316
2024-09-24 15:00:00,37097.31381131048
2024-09-24 16:00:00,45638.16542248351
2024-09-24 17:00:00,54571.92238193857
2024-09-24 18:00:00,50684.146942627296
2024-09-24 19:00:00,45227.04572608386
2024-09-24 20:00:00,41095.377102322214
2024-09-24 21:00:00,37480.1207700917
2024-09-24 22:00:00,33140.758533294196
2024-09-24 23:00:00,30152.599431182276
2024-09-25 00:00:00,28141.89321091552
2024-09-25 01:00:00,26726.814905198942
2024-09-25 02:00:00,25816.895720652738
2024-09-25 03:00:00,24293.947560160297
2024-09-25 04:00:00,23099.01517856404
2024-09-25 05:00:00,27258.708768198972
2024-09-25 06:00:00,31808.88735050894
2024-09-25 07:00:00,33922.99941158416
2024-09-25 08:00:00,33821.04945751612
2024-09-25 09:00:00,34029.05740074583
2024-09-25 10:00:00,33696.46957529042
2024-09-25 11:00:00,33853.914039232935
2024-09-25 12:00:00,33728.79546610377
2024-09-25 13:00:00,33591.389520552664
2024-09-25 14:00:00,34307.20716514153
2024-09-25 15:00:00,37415.4503954874
2024-09-25 16:00:00,46126.77668997209
2024-09-25 17:00:00,55418.17264656778
2024-09-25 18:00:00,51871.49824443238
2024-09-25 19:00:00,45816.83329996405
2024-09-25 20:00:00,41471.79921881835
2024-09-25 21:00:00,37920.14059437464
2024-09-25 22:00:00,33655.544091798074
2024-09-25 23:00:00,30894.326379445487
2024-09-26 00:00:00,28801.864277348897
2024-09-26 01:00:00,27315.532494323463
2024-09-26 02:00:00,26384.976899177575
2024-09-26 03:00:00,24810.33856214437
2024-09-26 04:00:00,23663.191996984933
2024-09-26 05:00:00,28074.222111092502
2024-09-26 06:00:00,32479.161138264964
2024-09-26 07:00:00,34413.79843642272
2024-09-26 08:00:00,34489.47880948809
2024-09-26 09:00:00,34451.8294679865
2024-09-26 10:00:00,33929.55753079615
2024-09-26 11:00:00,33935.53074866677
2024-09-26 12:00:00,33807.632933090565
2024-09-26 13:00:00,33686.216174596055
2024-09-26 14:00:00,34676.501779568425
2024-09-26 15:00:00,37882.49924162799
2024-09-26 16:00:00,46410.044444543804
2024-09-26 17:00:00,55605.83989847413
2024-09-26 18:00:00,52185.67213293322
2024-09-26 19:00:00,46030.55110051033
2024-09-26 20:00:00,41803.19618973335
2024-09-26 21:00:00,38213.41573202557
2024-09-26 22:00:00,33782.23105694645
2024-09-26 23:00:00,30874.693949622146
2024-09-27 00:00:00,28769.781662695714
2024-09-27 01:00:00,27280.359611159405
2024-09-27 02:00:00,26345.29863295094
2024-09-27 03:00:00,24775.150820774783
2024-09-27 04:00:00,23622.884357686828
2024-09-27 05:00:00,27948.116250928648
2024-09-27 06:00:00,32525.662551839912
2024-09-27 07:00:00,34570.874365583135
2024-09-27 08:00:00,34368.20925310499
2024-09-27 09:00:00,34437.26643986844
2024-09-27 10:00:00,34008.5936983115
2024-09-27 11:00:00,34035.429113931554
2024-09-27 12:00:00,33861.36468259084
2024-09-27 13:00:00,33729.92879121291
2024-09-27 14:00:00,34726.7194328741
2024-09-27 15:00:00,37824.8841188272
2024-09-27 16:00:00,46338.42695455636
2024-09-27 17:00:00,55817.445450136016
2024-09-27 18:00:00,52332.88336718304
2024-09-27 19:00:00,46291.16139099781
2024-09-27 20:00:00,41773.51154831042
2024-09-27 21:00:00,38108.64041849398
2024-09-27 22:00:00,33593.92892310507
2024-09-27 23:00:00,30484.26633700348
2024-09-28 00:00:00,28363.069905653527
2024-09-28 01:00:00,26825.04994745172
2024-09-28 02:00:00,25897.14952652841
2024-09-28 03:00:00,24168.284068493584
2024-09-28 04:00:00,22850.590280393204
2024-09-28 05:00:00,27227.02654499014
2024-09-28 06:00:00,31682.578248815058
2024-09-28 07:00:00,33782.07911036101
2024-09-28 08:00:00,33972.210065479376
2024-09-28 09:00:00,34532.76553475396
2024-09-28 10:00:00,34050.97735548635
2024-09-28 11:00:00,34041.93775116437
2024-09-28 12:00:00,33865.42542269412
2024-09-28 13:00:00,33733.17132294181
2024-09-28 14:00:00,34725.04159332009
2024-09-28 15:00:00,37446.569163810454
2024-09-28 16:00:00,45767.298681216016
2024-09-28 17:00:00,54580.755293856164
2024-09-28 18:00:00,50976.74353539122
2024-09-28 19:00:00,45463.06775897648
2024-09-28 20:00:00,41271.69023619913
2024-09-28 21:00:00,37782.25189901034
2024-09-28 22:00:00,33643.387004389
2024-09-28 23:00:00,30683.330202277048
2024-09-29 00:00:00,28678.2524187898
2024-09-29 01:00:00,27226.698349451228
2024-09-29 02:00:00,26323.442556534184
2024-09-29 03:00:00,24756.320107301814
2024-09-29 04:00:00,23492.13519076194
2024-09-29 05:00:00,27624.735879431384
2024-09-29 06:00:00,31888.88306547308
2024-09-29 07:00:00,33973.50365795154
2024-09-29 08:00:00,33911.91536022658
2024-09-29 09:00:00,34138.76210082132
2024-09-29 10:00:00,33816.587959191165
2024-09-29 11:00:00,33936.92584127531
2024-09-29 12:00:00,33835.42028016581
2024-09-29 13:00:00,33640.784603344946
2024-09-29 14:00:00,34476.5244113344
2024-09-29 15:00:00,37656.41027044828
2024-09-29 16:00:00,46447.80166831357
2024-09-29 17:00:00,55879.81275561383
2024-09-29 18:00:00,52436.02482980171
2024-09-29 19:00:00,46281.48248038293
2024-09-29 20:00:00,41921.92859547077
2024-09-29 21:00:00,38277.59879049025
2024-09-29 22:00:00,33952.19391094231
2024-09-29 23:00:00,30861.2259251521
2024-09-30 00:00:00,28807.239983875243
2024-09-30 01:00:00,27322.10636435902
2024-09-30 02:00:00,26387.553952525766
2024-09-30 03:00:00,24821.897947578593
2024-09-30 04:00:00,23612.768808289
2024-09-30 05:00:00,27730.784175978348
2024-09-30 06:00:00,32350.54946982417
2024-09-30 07:00:00,34411.54139773088
2024-09-30 08:00:00,34121.31152570996
2024-09-30 09:00:00,34116.68022217068
2024-09-30 10:00:00,33658.780960288444
2024-09-30 11:00:00,33648.18584049759
2024-09-30 12:00:00,33464.884363583544
2024-09-30 13:00:00,33332.63318430249
2024-09-30 14:00:00,34275.21485764286
2024-09-30 15:00:00,37435.59402000741
2024-09-30 16:00:00,46217.21237282149
2024-09-30 17:00:00,55665.5079865477
2024-09-30 18:00:00,52207.429636181485
2024-09-30 19:00:00,46133.568792819235
2024-09-30 20:00:00,41646.29390320501
2024-09-30 21:00:00,38017.225117119466
2024-09-30 22:00:00,33596.535047166355
2024-09-30 23:00:00,30247.378877980922
2024-10-01 00:00:00,28257.178124083784
2024-10-01 01:00:00,26762.894731796147
2024-10-01 02:00:00,25840.884099872623
2024-10-01 03:00:00,24281.279076136092
2024-10-01 04:00:00,23149.078383535536
2024-10-01 05:00:00,27217.328418868947
2024-10-01 06:00:00,31756.416025150374
2024-10-01 07:00:00,33504.198638431044
2024-10-01 08:00:00,33534.54430837468
2024-10-01 09:00:00,33822.06426032829
2024-10-01 10:00:00,33458.02226043308
2024-10-01 11:00:00,33391.15270993777
2024-10-01 12:00:00,32957.977301468796
2024-10-01 13:00:00,32843.730948030694
2024-10-01 14:00:00,33805.04132634286
2024-10-01 15:00:00,37006.335658307915
2024-10-01 16:00:00,45679.25984933458
2024-10-01 17:00:00,54955.49679128222
2024-10-01 18:00:00,51377.06302911362
2024-10-01 19:00:00,45399.48737787317
2024-10-01 20:00:00,41081.1236247214
2024-10-01 21:00:00,37453.649476177874
2024-10-01 22:00:00,33109.5254955348
2024-10-01 23:00:00,30143.930234537787
2024-10-02 00:00:00,28072.317570388528
2024-10-02 01:00:00,26595.794769909644
2024-10-02 02:00:00,25672.765051342674
2024-10-02 03:00:00,24112.8209432295
2024-10-02 04:00:00,22979.852164309017
2024-10-02 05:00:00,27388.208713588712
2024-10-02 06:00:00,31980.947228432404
2024-10-02 07:00:00,34021.58123859209
2024-10-02 08:00:00,33773.37425944061
2024-10-02 09:00:00,33775.235430333436
2024-10-02 10:00:00,33344.053947689616
2024-10-02 11:00:00,33510.22174345584
2024-10-02 12:00:00,33473.191877304955
2024-10-02 13:00:00,33281.98173857197
2024-10-02 14:00:00,34139.67589463407
2024-10-02 15:00:00,37175.89232214352
2024-10-02 16:00:00,45789.10418274487
2024-10-02 17:00:00,55025.05506382241
2024-10-02 18:00:00,51536.45256280681
2024-10-02 19:00:00,45464.14097363097
2024-10-02 20:00:00,41053.835418682625
2024-10-02 21:00:00,37478.52924626078
2024-10-02 22:00:00,33148.986087776764
2024-10-02 23:00:00,30071.135163964384
2024-10-03 00:00:00,27999.037396884258
2024-10-03 01:00:00,26519.54333546536
2024-10-03 02:00:00,25587.406009679115
2024-10-03 03:00:00,24022.867362253837
2024-10-03 04:00:00,22843.937268127553
2024-10-03 05:00:00,26974.83934039082
2024-10-03 06:00:00,31390.34036279379
2024-10-03 07:00:00,33298.79023164684
2024-10-03 08:00:00,33289.15050382266
2024-10-03 09:00:00,33430.82617801237
2024-10-03 10:00:00,33097.787863954654
2024-10-03 11:00:00,33195.54991119518
2024-10-03 12:00:00,33028.69189389901
2024-10-03 13:00:00,32868.83704726135
2024-10-03 14:00:00,33826.593667309375
2024-10-03 15:00:00,36905.75622276397
2024-10-03 16:00:00,45587.45104642015
2024-10-03 17:00:00,54771.525360706524
2024-10-03 18:00:00,51152.88315478153
2024-10-03 19:00:00,45287.879028483185
2024-10-03 20:00:00,41038.90619327384
2024-10-03 21:00:00,37377.155370635395
2024-10-03 22:00:00,33053.21724871724
2024-10-03 23:00:00,29856.886080458065
2024-10-04 00:00:00,27864.719055210648
2024-10-04 01:00:00,26417.207111813244
2024-10-04 02:00:00,25550.199038162173
2024-10-04 03:00:00,23988.687400253268
2024-10-04 04:00:00,22820.095973417374
2024-10-04 05:00:00,27171.328310213856
2024-10-04 06:00:00,31689.312807280974
2024-10-04 07:00:00,33647.72993411647
2024-10-04 08:00:00,33440.30075288158
2024-10-04 09:00:00,33630.25041804911
2024-10-04 10:00:00,33285.533694612684
2024-10-04 11:00:00,33459.756581999085
2024-10-04 12:00:00,33415.458944521306
2024-10-04 13:00:00,33229.66563050066
2024-10-04 14:00:00,34081.26582669776
2024-10-04 15:00:00,37090.831989335085
2024-10-04 16:00:00,45744.28358411493
2024-10-04 17:00:00,54695.45976377876
2024-10-04 18:00:00,51271.41709215786
2024-10-04 19:00:00,45469.45460507957
2024-10-04 20:00:00,41096.726960091975
2024-10-04 21:00:00,37543.62502555422
2024-10-04 22:00:00,33311.25490619427
2024-10-04 23:00:00,30171.85790488515
2024-10-05 00:00:00,28135.456677856884
2024-10-05 01:00:00,26669.367953777048
2024-10-05 02:00:00,25748.07493467167
2024-10-05 03:00:00,24203.37546494364
2024-10-05 04:00:00,23070.1224928862
2024-10-05 05:00:00,27496.547650848428
2024-10-05 06:00:00,32031.48940459961
2024-10-05 07:00:00,34153.17002452995
2024-10-05 08:00:00,33924.22386952843
2024-10-05 09:00:00,34160.10291602894
2024-10-05 10:00:00,33864.06928171531
2024-10-05 11:00:00,33915.82573838465
2024-10-05 12:00:00,33786.99752972855
2024-10-05 13:00:00,33691.05662575057
2024-10-05 14:00:00,34688.54306269433
2024-10-05 15:00:00,37310.33737328118
2024-10-05 16:00:00,45847.77965797249
2024-10-05 17:00:00,55044.330060543325
2024-10-05 18:00:00,51723.20937897721
2024-10-05 19:00:00,45850.56108314841
2024-10-05 20:00:00,41489.59312695269
2024-10-05 21:00:00,37837.507216791215
2024-10-05 22:00:00,33482.9832685425
2024-10-05 23:00:00,30514.98763252116
2024-10-06 00:00:00,28420.520794214466
2024-10-06 01:00:00,26960.87127457714
2024-10-06 02:00:00,26063.98022023208
2024-10-06 03:00:00,24453.375975283227
2024-10-06 04:00:00,23289.22075882423
2024-10-06 05:00:00,27649.489674563094
2024-10-06 06:00:00,32257.57143751802
2024-10-06 07:00:00,34272.1332807954
2024-10-06 08:00:00,34022.49771103032
2024-10-06 09:00:00,33996.69914539137
2024-10-06 10:00:00,33515.33246802696
2024-10-06 11:00:00,33522.27278339789
2024-10-06 12:00:00,33364.43432342985
2024-10-06 13:00:00,33174.873015960606
2024-10-06 14:00:00,34017.59920939791
2024-10-06 15:00:00,36906.67700874681
2024-10-06 16:00:00,45455.55348728574
2024-10-06 17:00:00,54115.32820082241
2024-10-06 18:00:00,50694.291732861595
2024-10-06 19:00:00,45298.11295003384
2024-10-06 20:00:00,41032.91313275377
2024-10-06 21:00:00,37464.11287150805
2024-10-06 22:00:00,33175.808499825725
2024-10-06 23:00:00,30092.563430027116
2024-10-07 00:00:00,28066.104553381578
2024-10-07 01:00:00,26617.945462236064
2024-10-07 02:00:00,25735.293129857077
2024-10-07 03:00:00,24179.595336710365
2024-10-07 04:00:00,22978.67309586667
2024-10-07 05:00:00,27197.856298666014
2024-10-07 06:00:00,31594.669090677497
2024-10-07 07:00:00,33707.0096726879
2024-10-07 08:00:00,33648.67759233511
2024-10-07 09:00:00,33657.188383321765
2024-10-07 10:00:00,33227.9488081706
2024-10-07 11:00:00,33288.27450879332
2024-10-07 12:00:00,33051.54375132199
2024-10-07 13:00:00,32862.263645579376
2024-10-07 14:00:00,33834.77551186991
2024-10-07 15:00:00,36854.02885418243
2024-10-07 16:00:00,45484.50412650299
2024-10-07 17:00:00,54605.480600862364
2024-10-07 18:00:00,51085.278473246144
2024-10-07 19:00:00,45379.20790912082
2024-10-07 20:00:00,41086.813606434924
2024-10-07 21:00:00,37522.19043874762
2024-10-07 22:00:00,33304.66036298354
2024-10-07 23:00:00,30209.928971328114
2024-10-08 00:00:00,28146.691759034475
2024-10-08 01:00:00,26692.628670121776
2024-10-08 02:00:00,25797.52972618974
2024-10-08 03:00:00,24209.751790379574
2024-10-08 04:00:00,23024.965032671764
2024-10-08 05:00:00,27197.444139149993
2024-10-08 06:00:00,31595.2972218499
2024-10-08 07:00:00,33657.018893592576
2024-10-08 08:00:00,33628.25682205561
2024-10-08 09:00:00,33750.546370162
2024-10-08 10:00:00,33379.41796306771
2024-10-08 11:00:00,33362.51560657116
2024-10-08 12:00:00,33174.680563506794
2024-10-08 13:00:00,32951.825678338384
2024-10-08 14:00:00,33836.35820997149
2024-10-08 15:00:00,36829.22548285193
2024-10-08 16:00:00,45439.14616027091
2024-10-08 17:00:00,54838.04756749665
2024-10-08 18:00:00,51370.56554179104
2024-10-08 19:00:00,45413.38408384201
2024-10-08 20:00:00,41074.4461712754
2024-10-08 21:00:00,37425.64559805876
2024-10-08 22:00:00,33139.284859399566
2024-10-08 23:00:00,30219.020202468364
2024-10-09 00:00:00,28295.020654762302
2024-10-09 01:00:00,26915.589704546506
2024-10-09 02:00:00,26050.063407701095
2024-10-09 03:00:00,24523.745145398174
2024-10-09 04:00:00,23303.526174746246
2024-10-09 05:00:00,27481.092080451705
2024-10-09 06:00:00,31891.201929545154
2024-10-09 07:00:00,34002.41621306402
2024-10-09 08:00:00,33848.91757558475
2024-10-09 09:00:00,33976.72774129994
2024-10-09 10:00:00,33614.47533567672
2024-10-09 11:00:00,33786.639817723975
2024-10-09 12:00:00,33665.56100389164
2024-10-09 13:00:00,33483.909848249714
2024-10-09 14:00:00,34282.32762596075
2024-10-09 15:00:00,37473.775936827216
2024-10-09 16:00:00,46320.80856683861
2024-10-09 17:00:00,55761.22857914532
2024-10-09 18:00:00,52356.91395185019
2024-10-09 19:00:00,46242.26606873459
2024-10-09 20:00:00,41749.68279214473
2024-10-09 21:00:00,38154.38412610849
2024-10-09 22:00:00,33707.230157936356
2024-10-09 23:00:00,30516.835866555182
2024-10-10 00:00:00,28432.91526047715
2024-10-10 01:00:00,26947.21398130099
2024-10-10 02:00:00,26008.909644002495
2024-10-10 03:00:00,24457.10960521757
2024-10-10 04:00:00,23341.857865384874
2024-10-10 05:00:00,27722.009311916383
2024-10-10 06:00:00,32188.501550202403
2024-10-10 07:00:00,34015.05263762062
2024-10-10 08:00:00,34005.57800249503
2024-10-10 09:00:00,34007.99476981461
2024-10-10 10:00:00,33562.46146205349
2024-10-10 11:00:00,33555.439332515794
2024-10-10 12:00:00,33376.53155637719
2024-10-10 13:00:00,33256.515377409785
2024-10-10 14:00:00,34248.7037325931
2024-10-10 15:00:00,37437.7013374342
2024-10-10 16:00:00,45996.32454991679
2024-10-10 17:00:00,54783.85068889645
2024-10-10 18:00:00,50968.38434450937
2024-10-10 19:00:00,45306.2669902927
2024-10-10 20:00:00,41025.330053871505
2024-10-10 21:00:00,37386.20359248488
2024-10-10 22:00:00,33077.624593168264
2024-10-10 23:00:00,29896.368937966745
2024-10-11 00:00:00,27932.77274467437
2024-10-11 01:00:00,26494.672356433963
2024-10-11 02:00:00,25572.048752211995
2024-10-11 03:00:00,24056.705633149373
2024-10-11 04:00:00,22998.897584649545
2024-10-11 05:00:00,27389.741778323983
2024-10-11 06:00:00,32252.87872754037
2024-10-11 07:00:00,34342.435701269846
2024-10-11 08:00:00,34142.648178535164
2024-10-11 09:00:00,34166.16175158972
2024-10-11 10:00:00,33666.49887834931
2024-10-11 11:00:00,33752.25284213882
2024-10-11 12:00:00,33680.723348071064
2024-10-11 13:00:00,33442.88334208247
2024-10-11 14:00:00,34298.47388560873
2024-10-11 15:00:00,37554.10199557152
2024-10-11 16:00:00,46099.37662001995
2024-10-11 17:00:00,55643.97368091276
2024-10-11 18:00:00,52329.35247914022
2024-10-11 19:00:00,46213.50914370739
2024-10-11 20:00:00,41708.717392799525
2024-10-11 21:00:00,38097.41392954407
2024-10-11 22:00:00,33777.88275999285
2024-10-11 23:00:00,30907.81008663052
2024-10-12 00:00:00,28825.16924207419
2024-10-12 01:00:00,27345.052707089868
2024-10-12 02:00:00,26420.05393032957
2024-10-12 03:00:00,24872.853163346856
2024-10-12 04:00:00,23768.032085737712
2024-10-12 05:00:00,28201.24460133338
2024-10-12 06:00:00,32840.79123480922
2024-10-12 07:00:00,34713.11434276893
2024-10-12 08:00:00,34501.70687162299
2024-10-12 09:00:00,34508.177036473346
2024-10-12 10:00:00,33981.3709103729
2024-10-12 11:00:00,33957.89171931236
2024-10-12 12:00:00,33760.41554020348
2024-10-12 13:00:00,33614.06812372231
2024-10-12 14:00:00,34549.984471451375
2024-10-12 15:00:00,37701.865357462346
2024-10-12 16:00:00,46480.45316733059
2024-10-12 17:00:00,55778.327370725776
2024-10-12 18:00:00,52167.049634377545
2024-10-12 19:00:00,46202.01997934589
2024-10-12 20:00:00,41708.968129357374
2024-10-12 21:00:00,38037.32861391507
2024-10-12 22:00:00,33649.565652883684
2024-10-12 23:00:00,30492.53906577473
2024-10-13 00:00:00,28431.088927524335
2024-10-13 01:00:00,26951.561972052827
2024-10-13 02:00:00,26032.832194887098
2024-10-13 03:00:00,24429.628641118696
2024-10-13 04:00:00,23075.813310328656
2024-10-13 05:00:00,27101.47544514254
2024-10-13 06:00:00,31401.55222720852
2024-10-13 07:00:00,33200.336364584626
2024-10-13 08:00:00,33291.39651485679
2024-10-13 09:00:00,33432.00417522592
2024-10-13 10:00:00,33005.27187011541
2024-10-13 11:00:00,33061.21965353116
2024-10-13 12:00:00,32912.11456163831
2024-10-13 13:00:00,32869.25691451227
2024-10-13 14:00:00,33713.12131637981
2024-10-13 15:00:00,36689.34888104391
2024-10-13 16:00:00,44945.56027405978
2024-10-13 17:00:00,53368.10230126724
2024-10-13 18:00:00,49814.619682339486
2024-10-13 19:00:00,44869.61420237668
2024-10-13 20:00:00,40857.83852168924
2024-10-13 21:00:00,37368.46349385863
2024-10-13 22:00:00,32999.093181550576
2024-10-13 23:00:00,29886.247547121307
2024-10-14 00:00:00,27857.729229878783
2024-10-14 01:00:00,26356.8422492176
2024-10-14 02:00:00,25477.89158069046
2024-10-14 03:00:00,23968.135987093494
2024-10-14 04:00:00,22775.94410308502
2024-10-14 05:00:00,26932.23658512769
2024-10-14 06:00:00,30791.78738888377
2024-10-14 07:00:00,32940.146121318816
2024-10-14 08:00:00,33376.50613778764
2024-10-14 09:00:00,33525.08780980585
2024-10-14 10:00:00,33119.45705711875
2024-10-14 11:00:00,33147.49085716879
2024-10-14 12:00:00,33032.39965664191
2024-10-14 13:00:00,32847.950436341154
2024-10-14 14:00:00,33752.507031870184
2024-10-14 15:00:00,36873.66362005104
2024-10-14 16:00:00,45363.29671780226
2024-10-14 17:00:00,54630.078299741086
2024-10-14 18:00:00,51670.5565031664
2024-10-14 19:00:00,45783.17614516715
2024-10-14 20:00:00,41388.16995392563
2024-10-14 21:00:00,37816.14750998361
2024-10-14 22:00:00,33605.01396833981
2024-10-14 23:00:00,30648.546339634082
2024-10-15 00:00:00,28685.733368855053
2024-10-15 01:00:00,27290.206386793634
2024-10-15 02:00:00,26382.420021608938
2024-10-15 03:00:00,24842.68376650475
2024-10-15 04:00:00,23694.47393748364
2024-10-15 05:00:00,27772.21520610848
2024-10-15 06:00:00,32345.14870764172
2024-10-15 07:00:00,34313.756868620614
2024-10-15 08:00:00,34085.21834016859
2024-10-15 09:00:00,34267.302125245114
2024-10-15 10:00:00,33892.19982703879
2024-10-15 11:00:00,33980.94446138285
2024-10-15 12:00:00,33812.926933476
2024-10-15 13:00:00,33652.6643763203
2024-10-15 14:00:00,34526.162003708276
2024-10-15 15:00:00,37498.50214028379
2024-10-15 16:00:00,46315.21923173294
2024-10-15 17:00:00,55739.42005347344
2024-10-15 18:00:00,52346.85089386646
2024-10-15 19:00:00,46233.17140515941
2024-10-15 20:00:00,41746.36508613509
2024-10-15 21:00:00,38120.27395628463
2024-10-15 22:00:00,33764.76035072902
2024-10-15 23:00:00,30720.20497201264
2024-10-16 00:00:00,28694.43737118055
2024-10-16 01:00:00,27233.891645254596
2024-10-16 02:00:00,26362.305716569106
2024-10-16 03:00:00,24769.526123096926
2024-10-16 04:00:00,23467.977596359342
2024-10-16 05:00:00,27839.209225434985
2024-10-16 06:00:00,32433.534084963303
2024-10-16 07:00:00,34466.5726217395
2024-10-16 08:00:00,34166.85275516308
2024-10-16 09:00:00,34136.29005816061
2024-10-16 10:00:00,33619.4290143178
2024-10-16 11:00:00,33588.944952322
2024-10-16 12:00:00,33375.41304940053
2024-10-16 13:00:00,33210.17173820696
2024-10-16 14:00:00,33970.074857777145
2024-10-16 15:00:00,36825.44105569517
2024-10-16 16:00:00,45361.53068266573
2024-10-16 17:00:00,54205.876810630136
2024-10-16 18:00:00,50832.83777182784
2024-10-16 19:00:00,45314.036457211114
2024-10-16 20:00:00,41034.45246306886
2024-10-16 21:00:00,37484.199515222856
2024-10-16 22:00:00,33140.326489884996
2024-10-16 23:00:00,30004.27014785952
2024-10-17 00:00:00,27921.831777353567
2024-10-17 01:00:00,26425.327477383682
2024-10-17 02:00:00,25543.29169509007
2024-10-17 03:00:00,23974.817161299234
2024-10-17 04:00:00,22853.409051222763
2024-10-17 05:00:00,27131.39965438425
2024-10-17 06:00:00,31208.184037331554
2024-10-17 07:00:00,33178.693384090606
2024-10-17 08:00:00,33377.80093619099
2024-10-17 09:00:00,33494.71305500246
2024-10-17 10:00:00,33094.3000786234
2024-10-17 11:00:00,33094.565520055476
2024-10-17 12:00:00,32933.44986800521
2024-10-17 13:00:00,32783.30033607533
2024-10-17 14:00:00,33734.5857930543
2024-10-17 15:00:00,36702.816059723875
2024-10-17 16:00:00,45198.4154132172
2024-10-17 17:00:00,54107.5439809699
2024-10-17 18:00:00,51146.071329126375
2024-10-17 19:00:00,45470.60495962978
2024-10-17 20:00:00,41043.36874011599
2024-10-17 21:00:00,37435.91889609287
2024-10-17 22:00:00,33103.009262782114
2024-10-17 23:00:00,29936.984958426965
2024-10-18 00:00:00,27902.631343974772
2024-10-18 01:00:00,26459.093532330167
2024-10-18 02:00:00,25586.091366275694
2024-10-18 03:00:00,24038.493392171284
2024-10-18 04:00:00,22945.11165270238
2024-10-18 05:00:00,27351.489522706208
2024-10-18 06:00:00,31863.26371536877
2024-10-18 07:00:00,33929.14585021296
2024-10-18 08:00:00,33676.401387482845
2024-10-18 09:00:00,33686.386161715716
2024-10-18 10:00:00,33228.99153255439
2024-10-18 11:00:00,33282.40729982108
2024-10-18 12:00:00,33148.10570348316
2024-10-18 13:00:00,32975.839218577836
2024-10-18 14:00:00,33791.71668471051
2024-10-18 15:00:00,36757.90812597746
2024-10-18 16:00:00,45467.571912891486
2024-10-18 17:00:00,54610.16317647436
2024-10-18 18:00:00,51406.25346576759
2024-10-18 19:00:00,45540.08419584587
2024-10-18 20:00:00,41116.240054596135
2024-10-18 21:00:00,37540.93904222456
2024-10-18 22:00:00,33240.28006179672
2024-10-18 23:00:00,30308.01103104171
2024-10-19 00:00:00,28219.361394268017
2024-10-19 01:00:00,26744.81074015995
2024-10-19 02:00:00,25805.311924834543
2024-10-19 03:00:00,24224.603178300036
2024-10-19 04:00:00,23448.662839385204
2024-10-19 05:00:00,27894.907747242738
2024-10-19 06:00:00,32461.362067611502
2024-10-19 07:00:00,34396.55417582516
2024-10-19 08:00:00,34114.033545872044
2024-10-19 09:00:00,34499.55766512645
2024-10-19 10:00:00,34050.1432175896
2024-10-19 11:00:00,34023.29953890995
2024-10-19 12:00:00,33841.15418780421
2024-10-19 13:00:00,33712.904925903655
2024-10-19 14:00:00,34675.905687349856
2024-10-19 15:00:00,37796.81701839752
2024-10-19 16:00:00,46063.01149838912
2024-10-19 17:00:00,55646.62366359299
2024-10-19 18:00:00,52329.73192068962
2024-10-19 19:00:00,46241.84369438295
2024-10-19 20:00:00,41890.27608878428
2024-10-19 21:00:00,38343.48495529374
2024-10-19 22:00:00,34040.7988965369
2024-10-19 23:00:00,30915.969933262073
2024-10-20 00:00:00,28837.48909728606
2024-10-20 01:00:00,27360.15893209861
2024-10-20 02:00:00,26435.451162755213
2024-10-20 03:00:00,24896.890378065928
2024-10-20 04:00:00,23782.31289787513
2024-10-20 05:00:00,28215.174209972683
2024-10-20 06:00:00,32452.165122926614
2024-10-20 07:00:00,34501.90067266669
2024-10-20 08:00:00,34268.096221507294
2024-10-20 09:00:00,34248.25734207882
2024-10-20 10:00:00,33737.30719478295
2024-10-20 11:00:00,33739.06462210022
2024-10-20 12:00:00,33513.45066325881
2024-10-20 13:00:00,33434.94670599479
2024-10-20 14:00:00,34020.194561821096
2024-10-20 15:00:00,36842.6463524498
2024-10-20 16:00:00,45220.18202429649
2024-10-20 17:00:00,53738.37979622524
2024-10-20 18:00:00,50616.50297645332
2024-10-20 19:00:00,45178.58682048398
2024-10-20 20:00:00,40995.06059126069
2024-10-20 21:00:00,37381.99047253241
2024-10-20 22:00:00,33019.952689147234
2024-10-20 23:00:00,29913.06714249394
2024-10-21 00:00:00,27856.421038958626
2024-10-21 01:00:00,26399.553529078617
2024-10-21 02:00:00,25499.483596439186
2024-10-21 03:00:00,23969.213817838263
2024-10-21 04:00:00,22860.904076862313
2024-10-21 05:00:00,27171.611096255878
2024-10-21 06:00:00,31228.60642008431
2024-10-21 07:00:00,33117.27119996706
2024-10-21 08:00:00,33359.28002830652
2024-10-21 09:00:00,33465.47997759631
2024-10-21 10:00:00,33090.22377396585
2024-10-21 11:00:00,33650.63095394748
2024-10-21 12:00:00,33477.735210102175
2024-10-21 13:00:00,33347.72388799475
2024-10-21 14:00:00,34325.79371751169
2024-10-21 15:00:00,37451.11031827131
2024-10-21 16:00:00,45530.632415826454
2024-10-21 17:00:00,54540.45646389929
2024-10-21 18:00:00,50954.058776230006
2024-10-21 19:00:00,45337.01181143519
2024-10-21 20:00:00,41072.00978394533
2024-10-21 21:00:00,37404.221102183015
2024-10-21 22:00:00,33071.771091100396
2024-10-21 23:00:00,30010.370545550988
2024-10-22 00:00:00,27906.04240078721
2024-10-22 01:00:00,26442.59140365136
2024-10-22 02:00:00,25506.28708746217
2024-10-22 03:00:00,23941.791792555116
2024-10-22 04:00:00,22815.438392483655
2024-10-22 05:00:00,27105.81465810332
2024-10-22 06:00:00,31374.65777578775
2024-10-22 07:00:00,33134.90659193849
2024-10-22 08:00:00,33193.600562726
2024-10-22 09:00:00,33407.16781455524
2024-10-22 10:00:00,33008.15719540384
2024-10-22 11:00:00,33117.241157505705
2024-10-22 12:00:00,32961.86969835518
2024-10-22 13:00:00,32839.43416145202
2024-10-22 14:00:00,33679.96239125336
2024-10-22 15:00:00,36796.34275714401
2024-10-22 16:00:00,45147.50005687258
2024-10-22 17:00:00,53953.380402643386
2024-10-22 18:00:00,50744.070204585376
2024-10-22 19:00:00,45359.75832075415
2024-10-22 20:00:00,40984.02384645421
2024-10-22 21:00:00,37322.418144035444
2024-10-22 22:00:00,33017.961792723196
2024-10-22 23:00:00,29944.69151283624
2024-10-23 00:00:00,27942.373009251074
2024-10-23 01:00:00,26488.274242430714
2024-10-23 02:00:00,25593.08428447559
2024-10-23 03:00:00,24107.296943447385
2024-10-23 04:00:00,22939.20514050951
2024-10-23 05:00:00,27162.58475148435
2024-10-23 06:00:00,31331.144122527552
2024-10-23 07:00:00,33096.47886633109
2024-10-23 08:00:00,33320.29804758503
2024-10-23 09:00:00,33432.74394439084
2024-10-23 10:00:00,33007.75455081071
2024-10-23 11:00:00,33078.420181688474
2024-10-23 12:00:00,32937.08546605152
2024-10-23 13:00:00,32769.32183164239
2024-10-23 14:00:00,33593.601889474834
2024-10-23 15:00:00,36621.84833526463
2024-10-23 16:00:00,45273.372158339
2024-10-23 17:00:00,54538.51246081081
2024-10-23 18:00:00,51431.3796516078
2024-10-23 19:00:00,45525.68899040834
2024-10-23 20:00:00,41066.823519461024
2024-10-23 21:00:00,37467.32613865501
2024-10-23 22:00:00,33124.96946642279
2024-10-23 23:00:00,29993.07374451981
2024-10-24 00:00:00,27921.54421703502
2024-10-24 01:00:00,26471.986528419096
2024-10-24 02:00:00,25517.454477679035
2024-10-24 03:00:00,23963.689217234543
2024-10-24 04:00:00,22783.669388485596
2024-10-24 05:00:00,27073.777599629768
2024-10-24 06:00:00,31539.384079931027
2024-10-24 07:00:00,33265.24562267563
2024-10-24 08:00:00,33264.49850169012
2024-10-24 09:00:00,33363.54605000567
2024-10-24 10:00:00,32997.94061364036
2024-10-24 11:00:00,33109.58221961981
2024-10-24 12:00:00,32946.3085735735
2024-10-24 13:00:00,32756.51960068714
2024-10-24 14:00:00,33550.26945455329
2024-10-24 15:00:00,36512.00149630583
2024-10-24 16:00:00,44872.326662845146
2024-10-24 17:00:00,53536.33098404064
2024-10-24 18:00:00,50632.95769625437
2024-10-24 19:00:00,45216.476937495485
2024-10-24 20:00:00,40810.400734545874
2024-10-24 21:00:00,37196.112962058956
2024-10-24 22:00:00,32857.89000995904
2024-10-24 23:00:00,29626.085475424978
2024-10-25 00:00:00,27613.62833810774
2024-10-25 01:00:00,26167.920015480835
2024-10-25 02:00:00,25237.13764723084
2024-10-25 03:00:00,23729.12477415921
2024-10-25 04:00:00,22652.83068669521
2024-10-25 05:00:00,27025.542439293702
2024-10-25 06:00:00,31522.864936961436
2024-10-25 07:00:00,33544.178657717646
2024-10-25 08:00:00,33321.00068103045
2024-10-25 09:00:00,33440.35620906116
2024-10-25 10:00:00,33137.157164869015
2024-10-25 11:00:00,33251.4088448586
2024-10-25 12:00:00,33111.71904055693
2024-10-25 13:00:00,32955.650365801375
2024-10-25 14:00:00,33748.517243239585
2024-10-25 15:00:00,36703.73565569201
2024-10-25 16:00:00,45235.876090162434
2024-10-25 17:00:00,54385.42117544185
2024-10-25 18:00:00,51368.71244034891
2024-10-25 19:00:00,45520.18147604253
2024-10-25 20:00:00,41116.951586203046
2024-10-25 21:00:00,37491.67636765976
2024-10-25 22:00:00,33202.898539768634
2024-10-25 23:00:00,29885.587052353567
2024-10-26 00:00:00,27902.510076288254
2024-10-26 01:00:00,26467.055339214792
2024-10-26 02:00:00,25526.045901805202
2024-10-26 03:00:00,24027.537913097443
2024-10-26 04:00:00,22973.55988113548
2024-10-26 05:00:00,27356.170739783374
2024-10-26 06:00:00,31937.708776567153
2024-10-26 07:00:00,33973.01222632874
2024-10-26 08:00:00,33695.70785235686
2024-10-26 09:00:00,33832.93663682465
2024-10-26 10:00:00,33437.23592138919
2024-10-26 11:00:00,33540.41731967794
2024-10-26 12:00:00,33371.723213009995
2024-10-26 13:00:00,33229.16960629035
2024-10-26 14:00:00,33938.01654154109
2024-10-26 15:00:00,36696.243360030785
2024-10-26 16:00:00,45318.236094904714
2024-10-26 17:00:00,54406.541951842395
2024-10-26 18:00:00,51060.43015222459
2024-10-26 19:00:00,45135.47312671881
2024-10-26 20:00:00,40785.48226471727
2024-10-26 21:00:00,37222.46405041395
2024-10-26 22:00:00,32828.89840515073
2024-10-26 23:00:00,29942.10116325321
2024-10-27 00:00:00,27773.78098600559
2024-10-27 01:00:00,26368.439362930883
2024-10-27 02:00:00,25506.93947168527
2024-10-27 03:00:00,24031.285768902868
2024-10-27 04:00:00,22967.64520795466
2024-10-27 05:00:00,27263.27620287145
2024-10-27 06:00:00,31834.483102437414
2024-10-27 07:00:00,33505.6013709371
2024-10-27 08:00:00,33215.00332345513
2024-10-27 09:00:00,33276.50503375772
2024-10-27 10:00:00,32956.1110101326
2024-10-27 11:00:00,32913.47437227031
2024-10-27 12:00:00,32754.007360430478
2024-10-27 13:00:00,32539.41138259938
2024-10-27 14:00:00,33379.29791873615
2024-10-27 15:00:00,36463.42587677733
2024-10-27 16:00:00,45240.008207772844
2024-10-27 17:00:00,54479.36837128635
2024-10-27 18:00:00,51020.18926537857
2024-10-27 19:00:00,44956.625028270566
2024-10-27 20:00:00,40715.182096043485
2024-10-27 21:00:00,37174.26479801517
2024-10-27 22:00:00,32828.89520576557
2024-10-27 23:00:00,29773.031897721754
2024-10-28 00:00:00,27711.32030932369
2024-10-28 01:00:00,26251.13523468294
2024-10-28 02:00:00,25344.96517379669
2024-10-28 03:00:00,23824.87351542709
2024-10-28 04:00:00,22748.757441105525
2024-10-28 05:00:00,27058.765921963462
2024-10-28 06:00:00,31521.321864532616
2024-10-28 07:00:00,33198.7200802265
2024-10-28 08:00:00,32949.32661112114
2024-10-28 09:00:00,33126.70824838786
2024-10-28 10:00:00,32697.6975555905
2024-10-28 11:00:00,32748.73238226339
2024-10-28 12:00:00,32635.130323059297
2024-10-28 13:00:00,32354.265175860524
2024-10-28 14:00:00,33130.77381154108
2024-10-28 15:00:00,35889.67291982645
2024-10-28 16:00:00,44241.66762807296
2024-10-28 17:00:00,52849.90226198535
2024-10-28 18:00:00,49797.239191222885
2024-10-28 19:00:00,44307.11434983258
2024-10-28 20:00:00,40529.69372754319
2024-10-28 21:00:00,37093.45775591732
2024-10-28 22:00:00,32759.721282886374
2024-10-28 23:00:00,29766.793776911625
2024-10-29 00:00:00,27730.77823334263
2024-10-29 01:00:00,26268.954288406883
2024-10-29 02:00:00,25484.297729100053
2024-10-29 03:00:00,24176.665724196944
2024-10-29 04:00:00,23158.055129104876
2024-10-29 05:00:00,27591.120103314348
2024-10-29 06:00:00,32139.113051886332
2024-10-29 07:00:00,33852.90542866813
2024-10-29 08:00:00,33485.61392680423
2024-10-29 09:00:00,33486.61830661995
2024-10-29 10:00:00,33345.79462613241
2024-10-29 11:00:00,33351.0927086793
2024-10-29 12:00:00,33192.01016440672
2024-10-29 13:00:00,33088.48450863977
2024-10-29 14:00:00,33701.32484046975
2024-10-29 15:00:00,36688.99304164329
2024-10-29 16:00:00,45024.17963029671
2024-10-29 17:00:00,53992.50094686309
2024-10-29 18:00:00,50515.44709144444
2024-10-29 19:00:00,44801.45540689279
2024-10-29 20:00:00,40876.419720697246
2024-10-29 21:00:00,37305.856412389396
2024-10-29 22:00:00,32844.0279025329
2024-10-29 23:00:00,29804.12321119657
2024-10-30 00:00:00,27670.8716534259
2024-10-30 01:00:00,26271.452941947126
2024-10-30 02:00:00,25374.428078755947
2024-10-30 03:00:00,23869.447421342516
2024-10-30 04:00:00,22893.78798793325
2024-10-30 05:00:00,27386.330484717775
2024-10-30 06:00:00,31974.675232578295
2024-10-30 07:00:00,33862.61816805802
2024-10-30 08:00:00,33678.54219207553
2024-10-30 09:00:00,34130.93787972713
2024-10-30 10:00:00,33817.890555503625
2024-10-30 11:00:00,33848.45716400878
2024-10-30 12:00:00,33675.510661615175
2024-10-30 13:00:00,33492.20085088812
2024-10-30 14:00:00,34472.38357242752
2024-10-30 15:00:00,37639.8261998569
2024-10-30 16:00:00,46439.12390161835
2024-10-30 17:00:00,55824.27027150961
2024-10-30 18:00:00,52485.150294341496
2024-10-30 19:00:00,46422.26914840732
2024-10-30 20:00:00,41961.89482695318
2024-10-30 21:00:00,38368.81035287494
2024-10-30 22:00:00,33983.093842897295
2024-10-30 23:00:00,30861.87423258772
